brand,year,fuel,transmission,km_driven,owner,mileage,engine,age,price
Volkswagen,2019,CNG,Manual,73582,First,18.5,1189,7,208881.88
Toyota,2014,Petrol,Automatic,153017,Second,19.9,999,12,84053.4
Maruti,2023,Diesel,Automatic,45780,First,17.4,1150,3,315862.06
Toyota,2023,Petrol,Manual,53133,Second,16.4,1120,3,348359.76
Toyota,2022,Petrol,Manual,53204,First,21.0,1490,4,406663.93
Skoda,2009,Petrol,Manual,205788,Second,20.7,1323,17,38301.79
Mahindra,2015,Diesel,Manual,129798,Second,24.0,996,11,100958.63
Tata,2020,Diesel,Manual,77689,Second,21.2,1177,6,167491.44
Hyundai,2011,CNG,Manual,183977,First,18.6,1541,15,35000.0
Volkswagen,2013,Diesel,Manual,150704,Second,16.5,1166,13,59327.01
Toyota,2020,Petrol,Manual,77323,Second,17.6,1151,6,230285.73
Honda,2008,Petrol,Manual,219198,Fourth,14.4,1167,18,35000.0
Volkswagen,2010,Petrol,Manual,189287,First,21.4,695,16,43248.3
Tata,2020,Petrol,Automatic,67764,Second,18.9,1307,6,208793.24
Mahindra,2018,Petrol,Manual,102680,First,19.4,1812,8,168576.48
Maruti,2006,CNG,Manual,245081,First,17.1,785,20,35000.0
Volkswagen,2006,Petrol,Manual,232083,Fourth,9.5,1393,20,35000.0
Tata,2006,Petrol,Manual,241256,Second,17.4,937,20,35000.0
Ford,2007,Diesel,Automatic,235861,Second,16.0,885,19,35000.0
Tata,2011,Petrol,Automatic,172776,Second,21.7,1434,15,35955.46
Hyundai,2026,Petrol,Manual,1776,First,18.7,1852,0,611965.63
Kia,2025,Petrol,Manual,8712,Second,22.4,1450,1,615183.02
Hyundai,2005,Petrol,Manual,250563,Third,16.5,1811,21,35000.0
Hyundai,2025,Diesel,Automatic,10692,First,19.4,1792,1,657429.29
Ford,2026,Petrol,Manual,4974,Second,16.7,1620,0,436227.04
Maruti,2007,Petrol,Automatic,225378,First,22.0,1488,19,35000.0
Hyundai,2026,Petrol,Manual,3324,Second,18.4,1379,0,560817.81
Mahindra,2025,LPG,Automatic,7274,First,19.3,1722,1,610318.78
Skoda,2015,Petrol,Manual,149688,Third,15.9,993,11,68010.34
Audi,2010,Petrol,Manual,183225,First,25.3,2316,16,257913.54
Mahindra,2012,Diesel,Manual,174218,First,19.7,1168,14,58244.3
Maruti,2008,Petrol,Manual,211557,First,19.9,1654,18,35000.0
Hyundai,2026,CNG,Automatic,11221,First,26.4,1850,0,679681.28
Maruti,2016,Petrol,Manual,129529,First,19.1,1468,10,65851.1
Mercedes,2022,Electric,Automatic,48419,Second,16.8,1263,4,2624334.03
Tata,2024,CNG,Manual,25412,First,19.2,1169,2,293689.5
Honda,2018,Petrol,Manual,95509,First,13.8,1182,8,164610.13
Kia,2010,Petrol,Manual,205951,First,19.8,1589,16,43112.98
Mahindra,2006,Diesel,Manual,238474,Second,22.7,1562,20,35000.0
Maruti,2011,LPG,Manual,175853,Fourth,24.0,1523,15,35000.0
Chevrolet,2006,Diesel,Manual,234781,Second,22.6,1513,20,35000.0
Tata,2010,Diesel,Automatic,175494,First,15.6,1506,16,35000.0
Maruti,2015,Petrol,Automatic,140547,Second,18.9,1382,11,60648.06
Honda,2019,Petrol,Manual,91998,First,13.8,1256,7,194570.15
Tata,2025,Diesel,Manual,22631,First,21.4,1594,1,533068.06
Audi,2025,Diesel,Manual,8338,Second,18.4,1758,1,2939843.69
Hyundai,2026,Petrol,Manual,14210,Third,12.3,600,0,321229.0
Hyundai,2015,Diesel,Manual,126701,Test Drive,18.6,1566,11,97034.3
Maruti,2010,Petrol,Automatic,188850,First,20.1,1206,16,35000.0
Maruti,2010,Diesel,Automatic,173331,First,15.3,1562,16,35000.0
Volkswagen,2023,Diesel,Manual,46828,First,18.4,1006,3,443435.34
Renault,2020,Petrol,Manual,85766,Second,12.5,1437,6,121293.23
Maruti,2009,Diesel,Manual,199728,First,13.7,1071,17,35000.0
Mahindra,2024,Diesel,Manual,21257,Fourth,12.1,1673,2,323095.23
Nissan,2008,Petrol,Manual,232615,First,18.3,1356,18,35000.0
Toyota,2008,Diesel,Manual,209333,First,11.6,600,18,35000.0
Maruti,2011,Petrol,Manual,182781,Second,16.4,1200,15,35000.0
Hyundai,2014,Diesel,Manual,144050,First,28.4,1378,12,86180.36
Kia,2007,Petrol,Manual,231442,Second,14.6,1532,19,35000.0
Maruti,2025,Petrol,Manual,19484,First,10.7,1182,1,289880.76
Audi,2014,Petrol,Manual,120283,First,15.8,2147,12,562693.64
Hyundai,2013,Diesel,Automatic,156795,First,17.7,1576,13,67912.19
Maruti,2020,Diesel,Automatic,64898,Second,23.3,1233,6,206821.32
Honda,2008,Petrol,Automatic,228517,First,16.6,970,18,35000.0
Maruti,2018,Petrol,Manual,76845,Second,14.9,709,8,85934.07
Mahindra,2010,Diesel,Manual,193627,Second,14.0,1547,16,39904.65
Mercedes,2012,Diesel,Automatic,165543,First,15.0,938,14,337532.26
Tata,2015,Petrol,Manual,134674,First,18.2,1032,11,72954.4
Maruti,2010,CNG,Manual,180414,First,17.7,1391,16,35000.0
Mahindra,2005,Electric,Manual,249979,First,19.5,600,21,35000.0
Volkswagen,2015,Petrol,Automatic,125300,First,18.9,1863,11,125155.1
Hyundai,2024,Diesel,Automatic,10785,First,12.9,1151,2,466262.82
MG,2023,Electric,Manual,46195,Second,15.5,1077,3,566509.36
BMW,2015,Petrol,Manual,123725,First,18.9,801,11,494176.39
Audi,2021,Diesel,Manual,71609,First,16.2,1311,5,1702681.99
Ford,2021,Petrol,Manual,70901,Third,13.8,600,5,153533.41
Audi,2024,Diesel,Manual,22480,First,13.5,1502,2,3071582.26
Renault,2011,Diesel,Automatic,177301,First,17.4,1515,15,36709.68
Honda,2015,Petrol,Manual,123170,First,20.3,1411,11,93541.69
Mahindra,2025,Petrol,Manual,11859,Fourth,14.4,1180,1,336660.27
Hyundai,2017,CNG,Manual,114278,Second,19.1,1050,9,74108.62
Hyundai,2012,Petrol,Automatic,171361,First,19.6,1241,14,51504.79
Toyota,2025,Diesel,Automatic,8516,Third,16.1,1576,1,710445.9
Mahindra,2026,Electric,Manual,19616,First,9.0,1010,0,696590.23
Hyundai,2017,Petrol,Manual,106039,First,13.9,1280,9,116203.91
Ford,2006,Petrol,Manual,245179,First,17.9,1545,20,35000.0
Maruti,2007,Petrol,Manual,225192,First,13.9,1266,19,35000.0
Hyundai,2016,Petrol,Manual,122260,First,21.1,900,10,82817.58
Renault,2009,Petrol,Manual,205264,Third,21.1,1582,17,35000.0
Mahindra,2008,Petrol,Manual,201121,Second,18.4,1625,18,35000.0
Maruti,2024,CNG,Manual,15879,Third,26.2,1924,2,281111.61
Skoda,2022,Petrol,Automatic,57997,Second,20.5,1559,4,439875.54
Maruti,2021,Petrol,Manual,73454,Second,24.9,1775,5,182526.13
Mahindra,2012,Petrol,Manual,171175,Second,18.2,844,14,42301.05
Maruti,2017,Diesel,Manual,108353,Third,17.2,921,9,67643.92
Maruti,2026,Diesel,Manual,500,Second,17.5,1648,0,478678.18
Kia,2023,Diesel,Manual,39034,First,23.1,1684,3,515038.94
MG,2010,Petrol,Manual,187376,First,19.0,1123,16,50101.0
Kia,2019,Diesel,Manual,80150,Fourth,23.8,893,7,120195.91
Renault,2013,CNG,Manual,165713,First,7.3,1438,13,36950.75
Maruti,2022,CNG,Automatic,59419,First,25.3,1182,4,275500.03
Honda,2024,Diesel,Automatic,26923,First,30.7,1597,2,672784.12
Mahindra,2017,Petrol,Manual,110228,First,18.1,1417,9,149102.97
Honda,2025,Electric,Manual,11532,First,18.3,1057,1,743365.35
Maruti,2015,Petrol,Manual,123936,First,20.9,1322,11,59168.47
Maruti,2016,Petrol,Manual,119776,Second,18.9,1631,10,63513.93
Chevrolet,2017,Petrol,Manual,87986,Second,11.2,1008,9,68424.29
Maruti,2006,Petrol,Manual,234591,Third,14.6,1467,20,35000.0
Honda,2007,Diesel,Manual,244482,Fourth,17.1,853,19,35000.0
Mercedes,2021,Petrol,Manual,55022,First,21.9,1705,5,2244382.08
Tata,2020,Petrol,Manual,72953,Fourth,15.7,1241,6,121445.18
Tata,2010,Petrol,Manual,192048,First,19.8,1707,16,37103.62
Maruti,2013,Petrol,Manual,162927,First,18.8,1610,13,43280.87
Toyota,2017,Petrol,Manual,84555,First,19.5,600,9,148171.72
Maruti,2023,Petrol,Manual,32127,First,27.0,1299,3,316597.38
Hyundai,2025,CNG,Manual,11715,Second,12.5,1210,1,315692.29
Toyota,2022,Petrol,Manual,52934,First,14.0,935,4,389123.75
Mahindra,2007,Diesel,Manual,215754,Fourth,18.9,1557,19,35000.0
Maruti,2026,CNG,Automatic,9579,Test Drive,16.1,1604,0,541264.44
Honda,2014,Diesel,Manual,150134,Second,18.5,1345,12,71172.06
Mahindra,2013,Petrol,Manual,158721,First,20.7,1168,13,67669.14
Maruti,2012,Petrol,Manual,154759,Second,13.8,942,14,35000.0
Hyundai,2021,Petrol,Manual,63278,Third,20.5,600,5,150557.42
Mahindra,2008,Petrol,Manual,225501,First,18.8,1124,18,35000.0
Honda,2020,Diesel,Manual,77419,Fourth,14.2,1640,6,157701.95
Mahindra,2024,Petrol,Manual,28340,Third,14.2,1453,2,319588.95
Volkswagen,2010,Petrol,Manual,193198,First,19.6,1341,16,46869.22
Honda,2021,Petrol,Automatic,54845,Third,17.8,924,5,228914.56
Mercedes,2010,Diesel,Manual,179257,First,14.3,1379,16,288389.19
Mahindra,2008,LPG,Automatic,214790,First,19.7,1321,18,35000.0
Mahindra,2014,Diesel,Manual,139231,First,18.0,1578,12,95266.82
Volvo,2007,Electric,Manual,231956,First,21.9,1734,19,176136.85
Toyota,2009,Diesel,Manual,193153,Second,14.8,1756,17,42270.77
Volkswagen,2006,Diesel,Manual,240816,Third,18.3,1696,20,35000.0
Tata,2011,Petrol,Manual,178113,First,17.3,1205,15,38343.26
Maruti,2006,Petrol,Automatic,237895,Second,15.3,1783,20,35000.0
Renault,2017,Diesel,Manual,121750,Second,8.7,600,9,65651.81
Volkswagen,2010,Petrol,Manual,200152,First,22.1,1364,16,50099.56
Maruti,2026,Petrol,Manual,23783,Third,8.2,803,0,226975.58
Mahindra,2019,Petrol,Automatic,77113,Second,27.8,1930,7,250269.42
Maruti,2025,Petrol,Manual,11321,First,11.6,1033,1,346543.4
Hyundai,2018,Petrol,Manual,89598,Second,20.5,1296,8,111372.69
Kia,2022,Petrol,Automatic,56060,First,17.0,1562,4,464092.74
Tata,2019,Petrol,Manual,75533,First,12.7,1129,7,151659.72
Maruti,2019,Petrol,Manual,102253,First,19.2,1610,7,126046.05
Kia,2023,CNG,Manual,21515,First,9.0,881,3,369882.67
Volkswagen,2007,Petrol,Automatic,232191,First,20.9,1098,19,36229.58
Skoda,2023,Petrol,Automatic,36692,First,19.3,1022,3,558625.35
Hyundai,2009,Petrol,Automatic,217468,Second,15.9,1665,17,35000.0
Nissan,2009,LPG,Manual,211738,First,24.1,1021,17,35000.0
Tata,2013,Petrol,Manual,152142,First,22.0,1334,13,54895.26
Tata,2012,Diesel,Manual,173296,Second,20.6,1507,14,43657.95
Chevrolet,2023,CNG,Manual,31202,First,24.5,1427,3,253297.11
Renault,2013,CNG,Manual,156483,First,19.0,835,13,37460.2
Honda,2023,Petrol,Manual,18966,Second,19.0,1595,3,336512.41
Audi,2017,Petrol,Manual,91324,Third,20.5,1563,9,642326.5
MG,2021,Petrol,Manual,50559,First,21.2,1063,5,413096.18
Hyundai,2018,CNG,Manual,84119,First,22.8,1033,8,126848.01
Honda,2022,Petrol,Manual,35288,First,17.5,1559,4,312951.32
Maruti,2018,LPG,Manual,110875,Second,19.9,1530,8,94110.41
Mahindra,2012,Petrol,Manual,159740,First,27.2,1414,14,59456.76
Hyundai,2014,CNG,Manual,133664,Fourth,19.4,1969,12,41596.79
Tata,2006,Diesel,Manual,247330,First,11.1,1601,20,35000.0
Hyundai,2025,Electric,Manual,19676,Third,11.9,1590,1,427271.74
Chevrolet,2018,Diesel,Manual,98329,First,23.9,1729,8,103176.87
Toyota,2007,Petrol,Manual,237990,First,13.7,1417,19,35000.0
Nissan,2023,Petrol,Manual,50898,First,20.4,1236,3,316653.72
MG,2018,Petrol,Manual,92066,First,15.7,1543,8,233416.42
Tata,2019,Petrol,Automatic,71456,Second,23.0,1778,7,171501.12
Hyundai,2018,Petrol,Automatic,94262,First,17.2,1436,8,175578.39
Mahindra,2008,Petrol,Manual,221963,Second,16.9,974,18,35000.0
Tata,2019,Petrol,Manual,60355,First,13.0,1692,7,163399.13
Maruti,2021,Petrol,Manual,78606,First,24.1,1192,5,179988.17
Maruti,2018,Diesel,Manual,107737,Second,17.5,2104,8,110216.82
Honda,2014,Diesel,Automatic,147677,First,22.0,1314,12,87288.31
Toyota,2019,Petrol,Automatic,93000,First,17.9,600,7,232776.4
Hyundai,2017,Electric,Manual,111599,First,20.3,1340,9,152454.81
Renault,2007,Petrol,Manual,230626,First,18.7,1084,19,35000.0
Tata,2023,Petrol,Manual,26799,Second,20.8,886,3,259601.03
Hyundai,2020,Petrol,Manual,75989,First,9.6,1284,6,197866.75
Hyundai,2013,Petrol,Manual,142541,First,18.8,1049,13,59054.81
Mahindra,2007,CNG,Automatic,226126,Second,17.2,1151,19,35000.0
Maruti,2020,Petrol,Manual,74475,First,21.9,892,6,178965.91
Hyundai,2005,Diesel,Automatic,264130,Test Drive,17.0,1593,21,35000.0
Hyundai,2023,LPG,Manual,40409,Second,19.6,751,3,211399.93
Chevrolet,2018,Petrol,Automatic,90171,Second,21.1,1583,8,112090.51
Kia,2021,Diesel,Automatic,54921,First,13.3,1356,5,387713.12
Toyota,2008,Petrol,Automatic,215896,Second,12.2,858,18,35000.0
Tata,2012,Petrol,Manual,172401,First,15.2,1258,14,35000.0
Honda,2026,Petrol,Manual,908,First,12.4,1239,0,576673.23
MG,2008,Petrol,Automatic,207459,First,17.8,1696,18,54412.14
Hyundai,2014,Petrol,Manual,145562,First,17.1,1165,12,61321.77
Hyundai,2007,Petrol,Automatic,251313,First,10.9,1413,19,35000.0
Maruti,2010,Diesel,Automatic,193539,First,22.5,600,16,35326.73
Maruti,2023,Petrol,Manual,35863,Second,19.1,1679,3,218525.5
Toyota,2024,CNG,Manual,28024,Second,8.3,1526,2,356832.07
Tata,2019,Diesel,Manual,79947,Second,23.1,1487,7,156955.29
Tata,2016,Petrol,Automatic,126014,Fourth,18.5,2135,10,61368.08
Mahindra,2019,Electric,Manual,84015,First,19.1,1055,7,263807.2
MG,2015,CNG,Manual,119079,Second,22.0,1427,11,104617.37
Maruti,2015,Diesel,Manual,126883,First,20.6,1111,11,72429.3
Honda,2009,LPG,Manual,202758,Second,12.5,1113,17,35000.0
Tata,2014,Petrol,Manual,134976,First,16.0,1349,12,51552.92
Tata,2022,Petrol,Manual,56199,Second,17.3,1096,4,176867.37
Tata,2007,Electric,Automatic,223772,Third,20.4,831,19,35000.0
Maruti,2008,Petrol,Automatic,216780,First,14.2,1114,18,35000.0
Mahindra,2014,Diesel,Manual,139867,Second,21.7,821,12,73198.23
Skoda,2024,Petrol,Manual,28052,First,12.8,1534,2,535694.4
Maruti,2024,Petrol,Manual,19048,Second,15.4,1102,2,285079.54
Tata,2021,Diesel,Manual,60563,Second,13.3,1027,5,179908.14
Maruti,2021,Petrol,Manual,52657,First,29.2,1142,5,221378.41
Toyota,2014,Petrol,Manual,133225,Third,18.8,907,12,73519.03
Maruti,2014,Petrol,Automatic,153703,First,22.4,742,12,54513.69
Hyundai,2016,Petrol,Manual,117593,First,10.6,1186,10,82736.07
Maruti,2007,Petrol,Manual,225564,First,16.4,1332,19,35000.0
Kia,2025,Petrol,Automatic,500,Third,10.1,1395,1,474201.02
Hyundai,2019,Electric,Automatic,81913,First,9.6,1569,7,251538.15
Tata,2017,Diesel,Manual,120470,First,14.5,1220,9,109532.11
Hyundai,2005,Petrol,Manual,253756,First,17.0,1817,21,35000.0
Hyundai,2012,Petrol,Manual,157517,Third,9.8,1311,14,35000.0
Maruti,2026,Petrol,Manual,17376,First,19.9,1057,0,419294.37
Audi,2011,Petrol,Manual,171323,First,23.7,1658,15,292621.78
Maruti,2017,CNG,Manual,114975,First,15.8,1084,9,69262.01
Chevrolet,2008,Petrol,Manual,227402,First,11.5,1553,18,35000.0
Renault,2012,Petrol,Manual,169597,Second,11.8,1490,14,35000.0
Toyota,2005,Diesel,Manual,247347,First,11.8,1458,21,35000.0
BMW,2017,Petrol,Automatic,112952,First,13.4,1311,9,770314.41
Jeep,2025,CNG,Automatic,16414,Second,6.3,1716,1,640089.08
Honda,2019,Petrol,Automatic,92215,First,10.3,1695,7,205534.43
Hyundai,2017,Electric,Automatic,113859,First,11.1,1158,9,138309.85
Renault,2007,CNG,Manual,222581,Third,14.8,853,19,35000.0
Ford,2009,Electric,Manual,197982,First,14.4,995,17,38700.19
Volkswagen,2008,Petrol,Automatic,207803,First,21.6,879,18,37841.01
Maruti,2011,CNG,Manual,178110,First,15.1,1469,15,35000.0
Maruti,2009,Petrol,Manual,204837,First,24.8,830,17,35000.0
Maruti,2014,Petrol,Manual,145365,First,15.8,1310,12,48609.82
Mahindra,2008,Petrol,Manual,205118,First,19.6,1490,18,35000.0
Mahindra,2005,Diesel,Manual,251267,Second,15.9,2074,21,35000.0
Toyota,2026,Petrol,Manual,11246,Test Drive,13.6,1716,0,860756.33
Toyota,2017,Electric,Manual,109274,First,17.9,1068,9,213173.29
Nissan,2021,Electric,Manual,49332,First,12.1,1497,5,236663.21
Honda,2016,Petrol,Automatic,125275,First,16.4,1339,10,127679.57
Ford,2015,Diesel,Manual,137280,First,25.7,1032,11,77344.08
Audi,2008,Diesel,Manual,207016,Third,21.1,871,18,144545.83
Hyundai,2019,Petrol,Automatic,69518,Fourth,15.6,917,7,99572.04
Honda,2021,Petrol,Manual,58617,First,21.9,1288,5,303461.69
Hyundai,2010,Petrol,Manual,192451,First,12.9,1287,16,35000.0
Honda,2005,Petrol,Manual,242770,First,18.6,1657,21,35000.0
Tata,2022,Petrol,Automatic,53035,Second,18.5,1586,4,268915.7
Skoda,2016,Petrol,Automatic,132347,First,19.0,699,10,130543.71
Maruti,2019,Diesel,Manual,77614,Third,18.8,1436,7,116849.82
Toyota,2021,Petrol,Manual,60501,First,18.4,1375,5,366477.68
Hyundai,2021,Petrol,Manual,61545,First,26.8,1116,5,259374.43
BMW,2016,Petrol,Automatic,122592,Second,14.8,1176,10,549313.29
Maruti,2009,Diesel,Manual,225631,Third,19.6,1048,17,35000.0
Mahindra,2023,Diesel,Manual,35491,First,20.9,1003,3,429757.85
Kia,2010,Petrol,Manual,186049,Second,15.9,969,16,35561.79
Toyota,2009,CNG,Manual,190326,First,15.0,1084,17,35000.0
Toyota,2021,Petrol,Automatic,63848,First,20.0,1511,5,399050.12
Honda,2014,Diesel,Manual,130075,Fourth,18.1,1257,12,51164.05
Honda,2024,Petrol,Manual,24294,First,18.7,650,2,422556.75
Mahindra,2016,Petrol,Manual,118585,First,18.4,1511,10,133303.6
Tata,2007,Diesel,Manual,234323,First,21.9,1752,19,35000.0
Tata,2025,Petrol,Automatic,6805,First,12.1,1332,1,460888.88
Volkswagen,2017,CNG,Manual,112634,Second,26.7,1397,9,133388.1
Maruti,2023,Petrol,Automatic,27648,First,17.8,1268,3,302424.86
Hyundai,2009,Diesel,Manual,207938,First,15.5,746,17,35000.0
Maruti,2026,Diesel,Automatic,17401,Second,8.5,1661,0,395889.27
Tata,2017,Diesel,Automatic,101721,Test Drive,18.6,1231,9,150991.06
Hyundai,2014,Petrol,Automatic,140356,First,19.7,918,12,74043.46
Maruti,2011,Electric,Manual,175627,First,10.1,1732,15,37834.81
BMW,2010,Petrol,Manual,197579,Second,27.1,1639,16,182078.8
Maruti,2020,Diesel,Manual,79421,Second,28.3,1037,6,151870.13
Maruti,2006,Petrol,Automatic,236522,First,19.5,1127,20,35000.0
Tata,2024,Petrol,Automatic,34950,First,18.2,1473,2,437989.66
Hyundai,2026,Petrol,Manual,15355,First,23.0,1699,0,595261.39
Honda,2005,CNG,Manual,259997,First,14.4,756,21,35000.0
Maruti,2008,Petrol,Automatic,222676,Test Drive,22.2,1595,18,35000.0
Volkswagen,2023,Petrol,Manual,34589,Test Drive,15.2,1825,3,528390.68
Mahindra,2012,Diesel,Automatic,158518,Third,9.3,1352,14,47014.98
Hyundai,2016,Diesel,Automatic,123842,First,28.1,1818,10,150361.39
Tata,2025,Petrol,Automatic,10092,First,17.5,1857,1,541781.54
Renault,2007,Diesel,Manual,225810,Second,21.2,763,19,35000.0
Ford,2006,Electric,Manual,248984,Second,17.8,613,20,35000.0
Hyundai,2020,Petrol,Manual,70533,First,15.4,1506,6,191835.77
Renault,2016,Diesel,Automatic,124607,Second,14.5,723,10,76302.59
Tata,2026,Diesel,Manual,500,Second,12.2,1688,0,530931.16
Mahindra,2024,Petrol,Manual,9110,Third,16.9,1842,2,396815.07
Maruti,2013,Petrol,Automatic,170576,First,11.9,1659,13,40667.47
Honda,2009,Diesel,Automatic,190592,First,14.1,1396,17,44184.49
Nissan,2025,Petrol,Manual,18554,First,28.4,1168,1,465220.22
Chevrolet,2024,Diesel,Manual,28329,First,14.7,1156,2,311003.11
Toyota,2020,Petrol,Manual,61494,First,17.4,883,6,265499.46
Hyundai,2014,Petrol,Manual,144129,First,16.2,1148,12,61168.89
Kia,2025,Diesel,Manual,18097,Second,16.9,1935,1,556239.05
Volkswagen,2023,Petrol,Manual,36856,First,21.4,1782,3,507211.24
Jeep,2014,Petrol,Manual,161685,First,17.5,600,12,103805.53
Ford,2008,Petrol,Manual,219875,First,22.9,1621,18,35000.0
Tata,2019,Petrol,Manual,85729,First,21.2,1343,7,154417.73
Volkswagen,2018,Diesel,Manual,94278,Second,25.1,1225,8,164688.76
Maruti,2020,Petrol,Manual,67664,First,22.6,1489,6,181221.47
Kia,2009,Diesel,Manual,197077,First,11.5,1515,17,39768.35
Chevrolet,2014,Diesel,Manual,140103,Second,16.8,2007,12,43793.88
Mahindra,2014,Petrol,Automatic,127319,Second,19.6,1166,12,73438.21
Hyundai,2013,Diesel,Automatic,166625,Third,24.7,1696,13,46404.04
Toyota,2023,Diesel,Manual,54183,First,20.6,1815,3,560284.02
Mahindra,2020,Petrol,Manual,82978,First,14.0,1638,6,237241.95
Tata,2016,CNG,Manual,131281,Third,19.2,1518,10,52842.93
Volvo,2008,Diesel,Automatic,225903,First,19.1,630,18,158760.68
Hyundai,2014,Diesel,Manual,153431,First,14.4,952,12,57924.87
Maruti,2021,Petrol,Manual,56862,First,10.6,1062,5,171593.56
Toyota,2017,Diesel,Automatic,102535,First,24.1,1374,9,223300.16
Hyundai,2022,Petrol,Manual,48721,First,14.1,1280,4,266445.73
MG,2021,CNG,Manual,57366,Second,17.1,1532,5,292823.82
Tata,2005,Diesel,Automatic,250748,First,24.6,1120,21,35000.0
MG,2013,Petrol,Manual,166292,First,14.7,1292,13,71764.07
Maruti,2014,Petrol,Automatic,138399,First,16.6,799,12,53918.92
Maruti,2017,Petrol,Automatic,102754,First,20.8,1802,9,117356.61
Toyota,2022,Petrol,Automatic,33812,Second,19.8,1731,4,451919.0
Honda,2008,Diesel,Manual,201948,First,17.0,1750,18,35000.0
Mercedes,2007,CNG,Automatic,235634,Third,20.0,1350,19,133525.84
Nissan,2006,Petrol,Manual,249489,First,18.8,1238,20,35000.0
Volvo,2011,Diesel,Automatic,179401,First,13.4,1250,15,224156.33
Hyundai,2008,Petrol,Manual,217405,First,23.2,692,18,35000.0
Ford,2020,LPG,Manual,61884,Third,13.3,844,6,124258.27
Tata,2016,Diesel,Manual,118118,Second,27.8,1787,10,93899.43
Mahindra,2018,Petrol,Manual,104368,Second,16.1,1241,8,144433.53
Maruti,2007,Petrol,Manual,236632,First,13.2,1523,19,35000.0
Ford,2018,Electric,Automatic,103113,Second,15.8,1057,8,137177.5
Hyundai,2006,Petrol,Manual,244613,Second,17.0,1242,20,35000.0
Honda,2018,Diesel,Manual,108036,First,15.4,1475,8,178267.08
Maruti,2006,Diesel,Manual,235386,First,16.2,1817,20,35000.0
Nissan,2015,Petrol,Automatic,136482,First,17.0,1500,11,78731.83
Honda,2019,Petrol,Manual,77155,Second,18.4,1904,7,161407.52
Maruti,2014,Petrol,Manual,140635,First,15.9,1302,12,49092.29
Maruti,2010,Petrol,Manual,179674,First,19.2,1536,16,35000.0
Maruti,2009,Electric,Manual,223951,Second,14.3,1643,17,35000.0
Mahindra,2008,Petrol,Manual,217845,Fourth,22.8,1326,18,35000.0
Jeep,2018,CNG,Manual,91458,Second,15.5,1575,8,251249.67
Maruti,2006,Petrol,Automatic,233424,First,24.3,1278,20,35000.0
Ford,2018,Diesel,Manual,120476,Second,13.7,859,8,103090.97
Tata,2006,CNG,Manual,234579,First,13.7,636,20,35000.0
MG,2023,Diesel,Manual,38444,First,21.6,1563,3,698493.68
Kia,2009,Petrol,Automatic,200822,First,16.7,1013,17,40597.91
Maruti,2012,CNG,Automatic,158316,Fourth,21.9,1327,14,35000.0
Hyundai,2010,Petrol,Manual,187703,First,16.4,1314,16,35000.0
Tata,2013,Diesel,Automatic,155991,Second,9.1,1425,13,53408.55
Mahindra,2023,Petrol,Manual,30224,First,18.9,854,3,392541.26
BMW,2008,Petrol,Manual,213506,First,15.0,1604,18,174621.75
BMW,2011,Diesel,Manual,191373,Second,16.4,1037,15,230889.97
Maruti,2021,Petrol,Automatic,72800,Second,19.7,1554,5,204354.71
Maruti,2021,Petrol,Manual,39871,First,9.5,943,5,184365.36
Maruti,2013,CNG,Manual,158435,First,15.1,1309,13,35000.0
MG,2010,Diesel,Manual,200224,First,17.8,1289,16,55858.51
Volkswagen,2014,Diesel,Automatic,142999,First,15.6,2104,12,117302.1
Maruti,2014,Diesel,Automatic,140423,Second,18.8,1855,12,62535.64
Mahindra,2022,Petrol,Automatic,44116,First,14.9,876,4,438910.87
Toyota,2014,Petrol,Automatic,159729,Second,11.8,1207,12,70709.83
Mahindra,2006,Petrol,Manual,237174,First,16.3,1341,20,35000.0
Hyundai,2018,Petrol,Manual,79642,Third,13.1,1825,8,110714.77
Maruti,2012,Petrol,Manual,157133,Fourth,14.6,1395,14,35000.0
Ford,2013,Petrol,Manual,159894,First,18.6,1266,13,46664.84
Mahindra,2005,Diesel,Manual,253606,Second,16.5,1469,21,35000.0
Hyundai,2014,Petrol,Manual,136771,First,17.7,1142,12,58666.61
Toyota,2010,Petrol,Manual,193593,Second,27.9,1359,16,44408.34
Honda,2024,Petrol,Manual,17237,Test Drive,21.4,1372,2,473567.35
Renault,2008,Petrol,Manual,205929,Second,22.2,1136,18,35000.0
Maruti,2023,Petrol,Automatic,26706,First,14.4,1353,3,335690.97
Mahindra,2006,Petrol,Manual,230929,First,23.3,1070,20,35000.0
MG,2020,Diesel,Manual,80421,Third,17.7,1315,6,258670.93
Hyundai,2022,Petrol,Manual,60927,First,21.1,1400,4,295584.23
Maruti,2015,Petrol,Manual,134668,Second,18.7,1540,11,56875.08
Maruti,2017,Diesel,Automatic,110957,Third,20.7,1065,9,82951.1
Maruti,2025,Petrol,Manual,20525,First,20.1,1990,1,417659.73
Volkswagen,2010,Petrol,Manual,194978,First,21.3,1260,16,51508.18
Maruti,2012,Diesel,Manual,166927,First,15.6,1028,14,41765.18
Tata,2013,Petrol,Manual,160438,Fourth,20.7,1074,13,35000.0
Tata,2007,CNG,Manual,236513,First,20.8,1641,19,35000.0
Toyota,2007,Diesel,Manual,231040,First,14.1,775,19,35000.0
Tata,2026,Petrol,Manual,6214,Second,16.6,823,0,361410.39
Maruti,2026,Electric,Manual,1585,Fourth,17.2,1658,0,358617.75
BMW,2021,Petrol,Manual,63431,First,16.6,1467,5,1523350.93
Maruti,2008,Diesel,Manual,207798,First,22.1,1463,18,35000.0
Tata,2009,Petrol,Manual,204682,Fourth,11.4,654,17,35000.0
Chevrolet,2015,Petrol,Automatic,136924,Second,12.2,1142,11,55768.76
Maruti,2012,LPG,Automatic,176778,First,21.0,1618,14,35000.0
Maruti,2007,Petrol,Manual,230695,First,14.6,827,19,35000.0
Honda,2006,Diesel,Manual,247729,First,16.5,1419,20,35000.0
Honda,2009,Petrol,Automatic,206644,First,24.4,1128,17,41930.33
Maruti,2012,Petrol,Manual,176651,Second,16.7,1237,14,35000.0
Maruti,2024,Petrol,Manual,20802,First,25.0,1569,2,356446.65
Hyundai,2005,Petrol,Manual,260586,Second,16.4,940,21,35000.0
Maruti,2013,CNG,Manual,159537,Third,17.8,1145,13,35000.0
Kia,2014,Petrol,Automatic,168708,First,20.1,1469,12,87396.99
Ford,2026,LPG,Manual,13105,First,22.3,1602,0,493134.11
Renault,2017,CNG,Manual,105494,First,18.7,1572,9,100341.36
Tata,2015,CNG,Automatic,132151,First,17.9,640,11,65609.62
Maruti,2024,Petrol,Manual,15368,First,11.5,1178,2,320034.29
Audi,2011,Petrol,Manual,181420,First,20.2,979,15,250417.4
Nissan,2023,Diesel,Manual,14369,Second,15.5,1116,3,280627.5
Hyundai,2014,Diesel,Manual,147885,First,12.9,1310,12,61863.11
Ford,2005,Diesel,Manual,240182,Second,15.7,1297,21,35000.0
Volvo,2018,LPG,Automatic,98599,First,25.5,1065,8,702171.78
Hyundai,2022,Diesel,Automatic,43913,Second,13.7,695,4,250605.02
Toyota,2022,Petrol,Manual,33134,First,16.0,1439,4,456500.73
Toyota,2017,Diesel,Automatic,113677,Second,24.7,1472,9,189556.0
Audi,2016,Petrol,Automatic,120524,Second,18.5,1630,10,668781.7
Tata,2018,Petrol,Manual,88172,Second,29.3,1431,8,135330.8
Hyundai,2016,Diesel,Automatic,117272,Fourth,18.4,852,10,69947.0
Tata,2026,Diesel,Manual,27858,Third,18.2,1322,0,371315.61
Maruti,2025,Diesel,Manual,11697,First,11.7,1546,1,462203.15
Skoda,2008,Petrol,Manual,208454,First,17.1,1570,18,38858.22
Hyundai,2008,Petrol,Manual,226899,Test Drive,10.4,1797,18,35000.0
Honda,2012,Petrol,Manual,157527,Second,20.4,600,14,40407.66
Renault,2018,CNG,Manual,106480,Fourth,21.5,1678,8,70592.23
Hyundai,2016,Diesel,Manual,112357,First,16.9,1384,10,117605.9
Hyundai,2021,Petrol,Automatic,58051,Second,23.3,1522,5,233837.61
Honda,2021,Petrol,Automatic,64367,First,13.9,1478,5,276777.39
Maruti,2015,CNG,Automatic,129564,Fourth,19.8,1278,11,40243.54
Hyundai,2026,LPG,Manual,500,First,14.3,1848,0,502642.67
Hyundai,2016,CNG,Manual,130455,Second,19.4,1464,10,63463.43
Mahindra,2018,Petrol,Manual,97416,Third,19.4,1246,8,128874.28
Mahindra,2008,Petrol,Automatic,220547,Second,15.0,885,18,35000.0
Hyundai,2009,Diesel,Manual,207278,First,20.3,1010,17,35000.0
Volkswagen,2011,Petrol,Manual,185738,Third,13.2,1471,15,37130.05
Hyundai,2012,Petrol,Manual,167639,First,15.6,635,14,37601.56
Kia,2010,Petrol,Manual,192627,First,17.8,1408,16,47847.05
Mahindra,2019,Petrol,Manual,83603,Second,23.4,1930,7,213689.44
Maruti,2006,Petrol,Manual,251168,First,21.9,2146,20,35000.0
Mahindra,2021,Petrol,Manual,71744,Second,21.1,1286,5,262466.37
Hyundai,2018,Petrol,Manual,81178,Third,21.4,1717,8,110841.91
Maruti,2006,Petrol,Manual,232932,First,22.2,1277,20,35000.0
Volkswagen,2024,Diesel,Automatic,33524,Second,15.4,1255,2,535268.13
Audi,2023,Petrol,Automatic,25231,Second,11.8,1882,3,2349805.99
Nissan,2009,Diesel,Manual,214939,First,18.2,1800,17,35000.0
Toyota,2024,Petrol,Manual,22137,Third,25.7,982,2,436504.31
Kia,2021,Petrol,Manual,47344,First,18.0,914,5,261736.26
Hyundai,2011,Petrol,Automatic,164539,First,12.6,1990,15,40665.44
Maruti,2014,Petrol,Manual,145094,Second,16.2,932,12,40753.91
BMW,2022,Diesel,Manual,53746,Second,17.7,621,4,1329364.71
Mercedes,2011,Petrol,Manual,170185,Third,17.8,987,15,183124.31
Hyundai,2025,Petrol,Manual,16775,First,17.4,1202,1,468906.63
Honda,2005,Petrol,Manual,258153,First,19.8,1459,21,35000.0
Mahindra,2011,LPG,Automatic,179193,Second,23.5,1379,15,43994.29
Honda,2026,Petrol,Manual,9001,Third,18.3,1143,0,436183.19
Renault,2014,Petrol,Manual,137939,First,11.2,1521,12,64354.46
Honda,2017,Petrol,Manual,105743,Second,15.5,1237,9,116253.85
Mahindra,2015,Diesel,Manual,130409,Fourth,12.9,1438,11,54460.63
Hyundai,2016,Petrol,Manual,129357,First,21.7,1456,10,100624.21
Renault,2014,Petrol,Manual,148368,First,22.4,972,12,49805.6
Tata,2005,Diesel,Manual,244437,First,23.4,1938,21,35000.0
Honda,2010,Petrol,Automatic,188184,First,24.2,1168,16,48867.1
Toyota,2011,Petrol,Automatic,186713,Third,17.8,1188,15,41339.79
Tata,2026,Petrol,Automatic,5345,Second,18.6,1265,0,522304.08
Maruti,2021,Diesel,Manual,56609,First,15.1,1278,5,209535.57
BMW,2022,Petrol,Manual,47489,Third,17.2,1184,4,1233627.43
Tata,2013,Petrol,Manual,173147,Third,17.3,1028,13,35000.0
Tata,2019,Diesel,Manual,82643,Third,12.5,1269,7,117412.19
Tata,2006,Petrol,Manual,246930,First,14.8,1506,20,35000.0
Mahindra,2010,Petrol,Automatic,182806,First,18.0,1157,16,47860.36
Chevrolet,2018,Diesel,Manual,87259,Second,19.7,1882,8,115090.64
Hyundai,2025,Petrol,Manual,2304,First,12.9,1440,1,430313.7
Maruti,2018,Petrol,Manual,98589,First,22.9,1035,8,112688.97
Tata,2025,Diesel,Manual,2275,First,12.3,600,1,392407.79
Hyundai,2007,Electric,Automatic,230568,Fourth,20.6,1531,19,35000.0
Maruti,2015,Petrol,Manual,123617,First,13.8,776,11,63147.13
Hyundai,2011,Petrol,Manual,177469,First,15.4,1377,15,37175.09
Nissan,2016,Petrol,Manual,120100,First,21.6,1576,10,86134.21
Hyundai,2026,Petrol,Automatic,20793,Second,19.6,1373,0,567048.17
Kia,2009,Petrol,Manual,201565,Second,14.6,1546,17,35000.0
Honda,2005,Petrol,Automatic,246184,First,27.5,1276,21,35000.0
Hyundai,2023,Petrol,Automatic,43865,Fourth,15.5,1009,3,227070.26
Audi,2009,Electric,Manual,196041,Second,13.8,1083,17,186158.99
Maruti,2011,Diesel,Manual,174653,Second,19.2,1409,15,35000.0
Honda,2026,Petrol,Manual,1057,Second,14.8,1082,0,478984.14
Hyundai,2008,Diesel,Manual,207727,First,16.8,1058,18,35000.0
Maruti,2015,Diesel,Automatic,134025,First,21.6,1395,11,95841.66
Ford,2007,CNG,Manual,221295,Second,22.7,1426,19,35000.0
Renault,2006,CNG,Manual,247740,First,16.7,1301,20,35000.0
Hyundai,2021,Diesel,Automatic,52282,First,15.4,1522,5,304361.22
Honda,2014,Petrol,Manual,138203,First,18.6,2069,12,86017.99
Toyota,2026,Petrol,Manual,11749,First,12.2,963,0,682766.18
Honda,2005,Petrol,Manual,251206,First,19.6,1110,21,35000.0
Honda,2016,Petrol,Manual,125707,First,20.4,1265,10,111070.43
Maruti,2019,Petrol,Manual,77407,First,17.7,1267,7,116033.65
Maruti,2014,Petrol,Manual,134273,First,14.7,600,12,45280.0
Skoda,2007,Diesel,Automatic,225035,Second,22.1,1293,19,35074.24
Toyota,2017,CNG,Automatic,108492,First,14.9,885,9,159451.12
Renault,2026,Diesel,Manual,16519,First,18.7,1027,0,553431.75
Hyundai,2017,Diesel,Manual,119750,Second,18.1,1495,9,106256.14
Toyota,2021,Diesel,Manual,67797,First,15.2,1043,5,323763.69
Maruti,2009,Electric,Manual,203294,First,22.0,1193,17,35000.0
Kia,2020,Petrol,Manual,63577,First,15.6,1784,6,274304.31
Maruti,2018,Petrol,Manual,94311,Third,19.1,1166,8,88579.98
Toyota,2015,Diesel,Manual,128832,Third,23.8,1431,11,92309.77
Maruti,2016,Petrol,Manual,128419,Third,19.8,833,10,45202.32
Hyundai,2017,CNG,Manual,99805,Second,17.6,1476,9,98964.48
Skoda,2026,Diesel,Automatic,6030,First,13.7,1121,0,980115.71
Honda,2025,Petrol,Automatic,663,First,27.4,1289,1,760235.63
Maruti,2023,CNG,Manual,44025,Test Drive,21.3,1501,3,249762.14
Mahindra,2016,Petrol,Manual,122546,Second,14.8,603,10,89021.11
Lexus,2022,Petrol,Manual,55101,First,22.5,1179,4,1855881.95
Tata,2024,Petrol,Automatic,35038,First,22.8,1467,2,504244.39
Honda,2022,Diesel,Manual,38460,Second,15.2,1446,4,327421.65
Renault,2013,CNG,Manual,148312,Fourth,23.6,1730,13,35000.0
Maruti,2023,Petrol,Manual,36249,Second,14.6,932,3,199888.67
Volkswagen,2014,Petrol,Automatic,155725,First,16.9,1148,12,90578.68
Ford,2024,Electric,Manual,32940,First,24.0,1170,2,537023.67
MG,2026,Petrol,Manual,8179,Second,14.8,1419,0,799009.13
Tata,2021,Petrol,Manual,74752,First,19.6,1164,5,220001.28
Tata,2022,Petrol,Manual,54382,Third,16.1,1156,4,199698.3
Tata,2012,Petrol,Automatic,164465,First,11.7,997,14,44070.6
Volkswagen,2012,Diesel,Automatic,166494,Second,16.2,1683,14,60400.5
Nissan,2008,Petrol,Automatic,232733,First,19.3,600,18,35000.0
Hyundai,2025,Petrol,Manual,11579,First,20.5,1110,1,441197.38
Hyundai,2022,Diesel,Manual,48931,First,14.3,1145,4,308687.5
Kia,2022,Petrol,Manual,60228,Second,22.1,1502,4,294003.88
Maruti,2023,Petrol,Automatic,19691,Third,22.5,1271,3,244112.67
Tata,2021,Diesel,Automatic,64152,Second,17.2,898,5,220707.82
Tata,2005,Petrol,Automatic,249099,First,16.2,1984,21,35000.0
Maruti,2018,Diesel,Automatic,99586,First,17.3,1251,8,143665.19
Tata,2008,Diesel,Manual,223005,First,9.2,770,18,35000.0
Skoda,2020,CNG,Manual,66463,Second,20.9,1166,6,228815.96
Audi,2010,Electric,Manual,202247,First,13.7,976,16,242080.37
Volkswagen,2014,Petrol,Manual,143612,First,16.1,1060,12,89445.46
Volkswagen,2005,Petrol,Manual,251556,First,11.2,1799,21,35000.0
Toyota,2024,Diesel,Manual,26491,First,19.5,1775,2,742363.05
Tata,2011,Diesel,Manual,185820,First,18.7,813,15,35452.2
Toyota,2016,Petrol,Manual,121445,Third,25.6,1596,10,107143.32
MG,2016,Petrol,Manual,102734,First,17.9,942,10,159276.88
Maruti,2015,Petrol,Manual,125850,First,17.0,829,11,61440.44
Ford,2020,Electric,Manual,67393,First,18.8,1433,6,268161.67
Maruti,2018,Diesel,Manual,93480,Third,27.7,1014,8,97761.09
BMW,2017,Petrol,Manual,112100,First,19.0,1119,9,730643.44
Ford,2016,Petrol,Automatic,120472,Second,15.4,1892,10,88810.96
Hyundai,2021,Petrol,Automatic,54117,First,14.1,1413,5,243304.99
Nissan,2019,Diesel,Manual,92684,First,12.8,1578,7,152136.13
Audi,2026,Petrol,Manual,16844,First,17.0,1240,0,3880005.01
Toyota,2019,Petrol,Automatic,81688,Second,11.0,930,7,209078.21
Hyundai,2016,Petrol,Manual,118110,First,18.8,1053,10,100828.38
Ford,2008,Petrol,Manual,218930,First,14.3,1405,18,35000.0
Nissan,2008,Petrol,Manual,208265,First,20.3,1307,18,35000.0
Kia,2013,Petrol,Manual,150492,First,19.4,1923,13,83135.78
Tata,2024,Petrol,Automatic,29153,First,15.1,1411,2,409498.38
Mahindra,2019,Petrol,Manual,87567,First,17.6,1874,7,226790.41
Toyota,2008,CNG,Automatic,196493,First,16.1,1566,18,37515.54
Ford,2014,Petrol,Manual,148047,Second,24.0,702,12,49034.96
Hyundai,2013,Petrol,Manual,162056,First,21.5,1174,13,50955.48
Maruti,2023,Diesel,Manual,40459,First,17.5,1366,3,275415.44
Maruti,2012,Petrol,Automatic,183927,First,16.3,1066,14,35899.1
Honda,2019,CNG,Automatic,75152,Second,17.8,1323,7,188570.56
Hyundai,2010,Diesel,Manual,186413,First,13.9,684,16,35000.0
Maruti,2025,Petrol,Manual,3648,First,16.1,1088,1,415884.96
Maruti,2009,LPG,Manual,197316,First,17.8,1032,17,35000.0
Mahindra,2006,Petrol,Automatic,241163,Second,17.7,996,20,35000.0
Maruti,2017,Petrol,Manual,112535,First,15.2,2182,9,104816.17
Tata,2013,CNG,Manual,155181,Second,16.2,1495,13,37638.23
Hyundai,2026,Electric,Manual,4483,First,13.6,1864,0,738927.33
Toyota,2008,Petrol,Manual,203996,Second,17.2,1092,18,35000.0
Tata,2009,Petrol,Manual,206888,First,20.9,1267,17,35000.0
Tata,2026,Diesel,Automatic,17802,First,20.3,1447,0,643322.43
Maruti,2016,Petrol,Automatic,128875,Third,14.5,1095,10,62181.47
Hyundai,2019,Petrol,Manual,76748,First,17.8,1175,7,169110.44
Toyota,2023,Petrol,Manual,33387,First,17.4,1197,3,556088.1
Renault,2006,Petrol,Manual,246506,Fourth,17.8,1205,20,35000.0
Tata,2022,CNG,Manual,54025,Second,13.1,932,4,155027.87
Toyota,2025,Petrol,Manual,7129,Second,18.7,1599,1,581020.99
Ford,2018,Petrol,Manual,108850,First,22.8,1428,8,128336.7
Mercedes,2023,Diesel,Manual,50708,Test Drive,16.6,1528,3,2788057.06
Ford,2007,Petrol,Manual,228252,First,16.6,1729,19,35000.0
Maruti,2024,Diesel,Manual,39849,Third,20.3,696,2,177882.12
Toyota,2024,Petrol,Automatic,26801,First,21.4,1143,2,649414.69
Honda,2019,Petrol,Automatic,80304,First,12.7,1991,7,224382.65
Hyundai,2008,Diesel,Manual,215860,Second,17.8,1361,18,35000.0
Renault,2026,Petrol,Automatic,6621,First,23.9,1094,0,598890.11
Mahindra,2018,Diesel,Manual,80881,Second,12.7,618,8,135812.65
Hyundai,2025,CNG,Manual,21603,First,19.6,1365,1,392621.43
Hyundai,2010,Petrol,Manual,199218,First,20.5,1041,16,35000.0
Maruti,2008,CNG,Manual,225693,First,12.1,1074,18,35000.0
Kia,2011,Petrol,Manual,184067,First,14.5,1330,15,42380.08
Nissan,2010,Petrol,Automatic,181185,Second,13.2,935,16,35000.0
Toyota,2007,Petrol,Manual,223669,First,19.1,1080,19,35000.0
Toyota,2019,Diesel,Automatic,93434,First,20.2,786,7,253099.66
Hyundai,2022,Petrol,Manual,58041,First,19.2,1144,4,228669.96
Kia,2015,Diesel,Manual,138280,First,14.2,1120,11,95229.86
Audi,2018,Petrol,Manual,105574,Second,18.4,694,8,696594.19
Volkswagen,2007,Petrol,Manual,217479,First,12.3,1692,19,35000.0
Maruti,2010,Electric,Manual,184709,First,24.9,1487,16,37426.33
Tata,2020,Diesel,Manual,74964,First,15.9,1207,6,184172.09
Tata,2017,Diesel,Manual,107797,First,21.4,1695,9,122108.57
Tata,2018,Petrol,Manual,78999,First,20.4,983,8,130806.05
Honda,2026,Petrol,Automatic,13006,First,16.4,911,0,655036.35
Honda,2005,Petrol,Manual,248429,Test Drive,15.5,1351,21,35000.0
Audi,2021,Diesel,Manual,46307,First,25.6,796,5,1968391.24
Hyundai,2017,Diesel,Manual,107473,Second,15.7,1062,9,102501.52
Mahindra,2016,Diesel,Manual,112858,First,17.0,1195,10,125579.29
Tata,2017,Petrol,Manual,101477,Third,19.2,1573,9,76524.1
Toyota,2005,CNG,Manual,248646,First,14.3,1121,21,35000.0
Tata,2017,CNG,Manual,104589,Third,7.5,1257,9,60502.89
Mahindra,2012,Petrol,Manual,178016,First,17.8,1654,14,50278.02
Toyota,2006,Electric,Automatic,233405,First,19.5,667,20,35000.0
Volkswagen,2011,Petrol,Manual,179976,Second,22.1,1446,15,46334.2
Maruti,2010,Petrol,Manual,188881,First,18.3,1312,16,35000.0
Maruti,2009,CNG,Manual,206864,First,9.5,1611,17,35000.0
Maruti,2008,CNG,Automatic,225910,First,18.2,1445,18,35000.0
Maruti,2019,Petrol,Manual,84797,First,17.1,1548,7,149880.58
Maruti,2024,Petrol,Automatic,27838,Third,12.6,1299,2,257425.1
Hyundai,2014,Petrol,Manual,135823,Second,14.5,1862,12,62340.75
Maruti,2006,Petrol,Manual,237919,Second,20.4,1234,20,35000.0
Mahindra,2005,Petrol,Manual,258426,First,17.2,1052,21,35000.0
Hyundai,2026,Diesel,Manual,23853,First,19.9,1780,0,630708.49
Hyundai,2015,Diesel,Automatic,121063,Third,15.8,1186,11,73241.52
Mahindra,2012,Petrol,Automatic,164122,First,22.3,711,14,59818.98
Tata,2017,Electric,Automatic,121017,Second,17.7,1316,9,138415.37
Renault,2021,Diesel,Automatic,43062,First,17.8,781,5,285561.54
Skoda,2008,Diesel,Manual,207204,Second,22.1,2081,18,43117.71
Volkswagen,2026,Electric,Manual,28925,First,23.6,690,0,827554.29
Honda,2017,Petrol,Manual,111082,Test Drive,13.7,1380,9,138184.99
Hyundai,2026,Diesel,Manual,16091,First,19.3,1499,0,667720.29
Maruti,2012,Diesel,Automatic,166242,First,19.0,1132,14,40052.34
Toyota,2008,Diesel,Automatic,212848,First,12.7,1432,18,46461.74
Mahindra,2012,Diesel,Manual,161738,First,22.8,1609,14,69319.22
Maruti,2020,Diesel,Manual,75097,First,18.2,1203,6,177259.58
Kia,2020,CNG,Manual,88358,First,15.5,1216,6,188283.01
Maruti,2022,CNG,Automatic,54308,First,21.3,1669,4,257004.95
Lexus,2024,Petrol,Manual,16992,Second,17.6,1799,2,2715138.35
BMW,2009,Diesel,Automatic,192100,First,19.0,1483,17,254225.27
Toyota,2009,LPG,Manual,191943,First,10.0,1559,17,35000.0
Hyundai,2011,Diesel,Manual,165232,Second,18.5,1135,15,35000.0
Renault,2012,Petrol,Manual,175266,First,19.2,1432,14,35361.06
Maruti,2020,Petrol,Manual,74711,Fourth,27.7,1335,6,118239.42
Skoda,2021,Petrol,Automatic,53868,Second,14.8,1645,5,385508.36
Honda,2005,Diesel,Manual,257704,Second,14.1,938,21,35000.0
Maruti,2014,Petrol,Automatic,154638,Second,10.3,1388,12,44967.06
Honda,2021,Petrol,Manual,76180,Second,14.7,1484,5,226459.0
Maruti,2016,Diesel,Manual,128819,First,13.8,1578,10,83820.6
Maruti,2012,Diesel,Manual,151854,First,17.7,1066,14,36540.86
Hyundai,2022,Diesel,Manual,50369,First,22.0,1010,4,307149.79
Honda,2025,CNG,Automatic,7986,Third,18.6,1973,1,455506.66
Mahindra,2013,Petrol,Manual,156042,Third,25.1,1562,13,53661.6
Hyundai,2023,Petrol,Manual,33467,Second,17.0,1647,3,323980.54
Maruti,2008,Petrol,Manual,225167,First,13.0,1207,18,35000.0
Maruti,2018,Petrol,Manual,89371,First,19.1,1517,8,124363.55
Hyundai,2017,Electric,Automatic,117506,First,16.8,1556,9,149036.66
Volkswagen,2014,Diesel,Manual,135318,First,20.0,1572,12,115141.39
Tata,2011,Petrol,Automatic,184898,Second,21.8,1209,15,35000.0
Honda,2018,Diesel,Automatic,90986,First,15.3,1334,8,217578.9
Honda,2008,Petrol,Manual,224150,Fourth,14.2,1063,18,35000.0
Kia,2006,Petrol,Manual,245822,Third,17.8,1706,20,35000.0
Audi,2008,Diesel,Manual,214402,First,14.5,1915,18,185482.75
Tata,2006,Petrol,Manual,247193,First,20.2,1243,20,35000.0
Mahindra,2011,CNG,Manual,191814,Second,19.5,1623,15,37538.95
Kia,2016,Diesel,Manual,112946,Second,20.5,1610,10,115744.81
Hyundai,2017,Diesel,Manual,114459,First,21.2,1968,9,130349.42
Toyota,2011,Diesel,Manual,175643,First,21.1,1423,15,59786.99
Hyundai,2011,Petrol,Manual,162197,First,13.6,1040,15,35000.0
Renault,2015,Diesel,Manual,135218,Second,18.0,760,11,54011.61
Toyota,2006,Petrol,Automatic,246496,First,14.0,1537,20,35000.0
Kia,2022,Petrol,Automatic,49735,First,17.1,1286,4,383150.73
Ford,2022,Petrol,Automatic,38763,Second,14.4,600,4,254184.18
Tata,2010,CNG,Manual,191478,Second,24.7,1900,16,35000.0
Maruti,2016,Diesel,Manual,124484,First,15.5,1239,10,79565.62
Tata,2006,Petrol,Automatic,243294,Second,28.0,1456,20,35000.0
Maruti,2007,Diesel,Manual,227005,First,18.8,1602,19,35000.0
Mercedes,2022,Diesel,Automatic,44204,Second,14.6,1659,4,2432220.21
BMW,2006,Electric,Manual,241263,First,15.7,1574,20,161035.5
Skoda,2022,Diesel,Manual,51689,Third,19.3,1234,4,312493.85
Kia,2024,Petrol,Automatic,29062,Second,19.5,1269,2,448829.66
Mahindra,2024,CNG,Manual,18462,First,15.3,1807,2,509232.22
Maruti,2022,Petrol,Automatic,51781,Second,28.1,1366,4,262551.36
Hyundai,2005,Petrol,Automatic,259801,Second,10.9,1535,21,35000.0
Mahindra,2006,Petrol,Automatic,239930,Second,8.6,1456,20,35000.0
Maruti,2020,Petrol,Automatic,85998,First,22.5,604,6,147122.34
Hyundai,2020,Diesel,Automatic,60557,Second,21.1,1510,6,228823.74
Maruti,2008,Diesel,Manual,219031,First,19.0,1207,18,35000.0
Mahindra,2007,Diesel,Manual,222825,First,20.1,1105,19,35000.0
Volkswagen,2022,Petrol,Manual,51063,Second,18.9,1597,4,327217.07
Honda,2016,Petrol,Manual,106128,Third,24.1,1779,10,102412.81
Ford,2021,Petrol,Automatic,65271,Second,26.8,1387,5,245318.61
Maruti,2010,CNG,Manual,196790,First,18.1,951,16,35000.0
Tata,2008,CNG,Automatic,190944,First,19.5,2199,18,35000.0
Maruti,2015,Petrol,Manual,135779,Second,18.6,1579,11,54693.27
Mahindra,2017,Diesel,Automatic,117179,Second,12.7,600,9,123910.36
Maruti,2005,Diesel,Manual,255618,First,20.6,676,21,35000.0
Maruti,2005,Petrol,Manual,258947,First,10.7,774,21,35000.0
Hyundai,2020,Petrol,Automatic,81187,First,14.5,1383,6,198390.29
Maruti,2020,Petrol,Automatic,67234,First,25.7,1178,6,204930.29
Skoda,2022,Petrol,Automatic,57630,Second,20.3,1280,4,435449.78
Maruti,2017,Petrol,Manual,103206,Second,16.9,761,9,67123.15
Toyota,2016,Petrol,Automatic,112703,First,15.1,1781,10,181064.25
Kia,2010,Electric,Manual,210181,First,18.8,1028,16,53602.41
Mahindra,2006,Diesel,Manual,237512,Second,16.5,963,20,35000.0
Maruti,2016,Petrol,Manual,127067,First,21.1,1155,10,75830.69
Mahindra,2019,Petrol,Manual,73365,Second,18.6,1228,7,161181.8
Hyundai,2026,Petrol,Automatic,3124,First,18.8,1370,0,611485.03
Tata,2020,Electric,Automatic,71722,First,12.3,1096,6,246980.43
Tata,2007,Diesel,Manual,239568,Second,20.3,1287,19,35000.0
Toyota,2016,Petrol,Manual,117801,Fourth,21.1,1292,10,92183.99
BMW,2006,Diesel,Manual,236261,First,19.9,1087,20,119557.97
Mahindra,2023,CNG,Automatic,37417,Third,27.8,1362,3,356713.64
Maruti,2020,Petrol,Automatic,81265,Second,22.5,1173,6,155843.06
Kia,2006,Diesel,Automatic,255799,First,21.6,1217,20,35000.0
Toyota,2010,Petrol,Automatic,190266,Third,20.3,1885,16,45016.22
Toyota,2007,Petrol,Automatic,223572,Test Drive,17.4,1347,19,43527.23
Hyundai,2014,Petrol,Manual,156995,Third,18.8,1501,12,42503.17
Tata,2016,Diesel,Automatic,123615,Second,16.8,1215,10,101276.9
Kia,2011,Petrol,Manual,187166,First,20.4,1360,15,50558.44
Skoda,2015,Petrol,Manual,122709,First,13.5,1567,11,120593.57
Tata,2019,Petrol,Automatic,93797,First,10.7,1595,7,152259.92
Maruti,2006,Diesel,Manual,225534,Fourth,19.7,1227,20,35000.0
Tata,2021,Diesel,Automatic,48778,First,24.4,1276,5,358788.37
Mahindra,2009,Petrol,Manual,216210,First,19.8,1361,17,36964.62
Maruti,2016,Petrol,Manual,115569,First,12.4,1037,10,77457.23
Hyundai,2023,Petrol,Manual,40546,First,17.4,1131,3,322345.43
Hyundai,2023,Electric,Manual,28270,First,12.1,1378,3,468716.89
Mahindra,2010,Diesel,Manual,198912,Second,20.4,600,16,37035.73
Renault,2009,Petrol,Manual,209636,First,21.1,1316,17,35000.0
Ford,2012,Diesel,Manual,166678,Second,17.6,702,14,35232.31
Ford,2019,Petrol,Manual,90837,First,9.2,1421,7,161206.8
Honda,2026,Petrol,Manual,9576,First,20.2,1017,0,661247.25
Renault,2007,Diesel,Manual,227522,Third,21.5,1113,19,35000.0
Honda,2010,Diesel,Manual,207914,First,17.6,1525,16,41808.41
Ford,2013,Petrol,Manual,157243,Third,20.0,1874,13,41321.51
Tata,2013,Diesel,Manual,147328,First,12.7,1578,13,55756.09
Tata,2019,Petrol,Manual,72406,First,14.8,600,7,144563.99
Hyundai,2007,Petrol,Manual,233691,First,25.2,1060,19,35000.0
Maruti,2014,Diesel,Manual,151928,First,14.6,1649,12,53799.58
BMW,2005,Petrol,Manual,254459,First,18.7,1208,21,127116.01
Toyota,2020,CNG,Manual,66390,First,19.8,1808,6,263428.98
Skoda,2010,Petrol,Manual,200013,First,21.8,1207,16,48940.09
Renault,2019,Diesel,Automatic,82313,First,17.4,1359,7,194533.26
Mercedes,2009,Diesel,Manual,187323,Fourth,17.5,1806,17,171903.05
Kia,2025,Petrol,Automatic,7883,Second,15.3,600,1,562705.52
Tata,2026,Petrol,Manual,2560,Second,17.2,1917,0,551037.42
Renault,2023,Diesel,Automatic,30907,First,18.3,1132,3,410310.56
Toyota,2008,Diesel,Manual,232665,First,23.3,653,18,37876.37
Mercedes,2021,Petrol,Manual,53857,First,18.1,600,5,1531716.89
Honda,2017,Petrol,Manual,116077,First,12.2,1380,9,121054.47
Toyota,2014,Diesel,Automatic,142232,Second,16.2,1251,12,101870.53
Hyundai,2011,Petrol,Manual,181093,Fourth,24.0,1009,15,35000.0
Tata,2014,CNG,Manual,152208,First,15.5,1081,12,51403.44
Ford,2007,Petrol,Manual,227933,First,15.4,1616,19,35000.0
Kia,2013,Diesel,Manual,153616,Third,17.9,1612,13,51910.25
Maruti,2019,Diesel,Manual,98466,First,17.4,1216,7,133581.29
Tata,2016,Petrol,Manual,116122,First,22.9,1842,10,112096.45
Hyundai,2022,Diesel,Manual,45858,First,20.9,1652,4,325929.84
Maruti,2007,Petrol,Automatic,220131,Second,15.7,1466,19,35000.0
Maruti,2014,Petrol,Manual,153051,First,17.7,1229,12,48807.64
Maruti,2018,Diesel,Manual,101948,First,24.6,1641,8,114793.51
Kia,2025,Diesel,Automatic,14254,First,12.9,1731,1,701750.31
Volkswagen,2007,Petrol,Manual,223526,First,13.4,644,19,35000.0
Tata,2011,Diesel,Manual,174259,Second,17.0,922,15,35000.0
Hyundai,2023,Electric,Automatic,46118,First,12.2,1498,3,500406.95
Maruti,2021,Diesel,Manual,75587,First,17.8,1113,5,179902.68
Renault,2005,CNG,Manual,254238,Second,28.3,1257,21,35000.0
Audi,2026,Petrol,Automatic,10012,First,10.9,733,0,3130365.4
Kia,2006,Diesel,Automatic,233249,Second,20.5,1018,20,35000.0
Tata,2012,Diesel,Manual,168071,First,19.5,1014,14,48726.69
Mahindra,2021,Petrol,Automatic,69174,First,14.6,1676,5,379513.87
Maruti,2009,Petrol,Manual,217691,First,14.0,970,17,35000.0
Maruti,2015,Diesel,Manual,133146,Second,10.9,1539,11,56384.6
Hyundai,2007,Diesel,Manual,218631,Second,20.0,2026,19,35000.0
Mercedes,2025,Petrol,Manual,15082,Third,18.0,1970,1,2767938.57
Honda,2006,Petrol,Automatic,248669,First,14.2,1308,20,35000.0
Kia,2011,Petrol,Manual,174813,Second,25.0,1325,15,40423.13
Chevrolet,2020,Diesel,Manual,70860,Second,25.6,1266,6,153054.83
Jeep,2023,Petrol,Manual,43717,Second,13.5,1734,3,595335.28
Maruti,2024,Petrol,Manual,26724,First,18.8,1615,2,366577.2
Audi,2007,Petrol,Manual,227272,Second,18.1,1902,19,157929.13
Maruti,2009,Petrol,Automatic,206524,First,16.7,1416,17,35000.0
Toyota,2018,CNG,Manual,106310,Second,21.9,1203,8,156655.79
Kia,2005,Diesel,Automatic,272748,First,23.8,1548,21,35000.0
Maruti,2020,Petrol,Manual,55155,Second,15.8,1213,6,139330.65
Hyundai,2023,Diesel,Automatic,31517,Second,17.7,1290,3,344758.56
Chevrolet,2016,Petrol,Manual,120944,Third,10.1,1285,10,48886.88
Skoda,2022,Petrol,Manual,70400,Third,21.0,1357,4,307041.88
Ford,2005,Petrol,Automatic,246504,First,19.7,1251,21,35000.0
BMW,2008,Petrol,Manual,217751,Fourth,22.3,1563,18,112778.32
Maruti,2009,Diesel,Manual,214168,First,8.6,1198,17,35000.0
Hyundai,2024,Diesel,Automatic,14628,First,13.4,1218,2,474930.77
Mahindra,2014,Petrol,Automatic,143683,First,17.9,1890,12,79904.23
Mercedes,2008,Diesel,Manual,214991,First,15.4,1322,18,214375.55
Honda,2012,Petrol,Automatic,171692,Second,16.2,1741,14,52600.24
Maruti,2005,Electric,Manual,246358,Second,23.0,1820,21,35000.0
Maruti,2021,Petrol,Manual,63917,Second,10.2,1143,5,144378.0
Hyundai,2005,Diesel,Automatic,254281,First,15.4,1313,21,35000.0
Hyundai,2026,Diesel,Automatic,10116,Second,17.4,947,0,594352.28
BMW,2005,Petrol,Manual,257758,Second,12.6,1249,21,85758.93
Honda,2006,Petrol,Automatic,240511,First,24.7,1503,20,35000.0
Tata,2017,Petrol,Automatic,99285,Second,23.7,1437,9,113148.48
Mahindra,2009,Diesel,Manual,206711,Second,16.6,1141,17,35000.0
Honda,2017,CNG,Automatic,113984,First,20.8,1493,9,140059.22
Hyundai,2006,Petrol,Manual,240768,First,14.1,718,20,35000.0
Mahindra,2012,LPG,Manual,178999,First,16.4,1224,14,47312.61
Mahindra,2006,Petrol,Manual,234248,First,16.9,1153,20,35000.0
Mahindra,2021,Electric,Automatic,50530,Second,11.4,1997,5,384396.77
Maruti,2018,Petrol,Manual,100639,Fourth,11.9,815,8,54795.4
Maruti,2009,Petrol,Manual,215946,First,25.3,1213,17,35000.0
Maruti,2006,Petrol,Manual,236274,First,16.7,1632,20,35000.0
Tata,2012,Petrol,Manual,167991,First,16.0,1179,14,40175.86
Maruti,2026,Diesel,Manual,4067,Second,13.4,1146,0,395829.62
Mahindra,2006,Diesel,Manual,235318,First,12.4,1460,20,35000.0
Nissan,2017,Diesel,Automatic,107195,First,16.7,820,9,129340.27
BMW,2005,Diesel,Automatic,243969,Test Drive,12.5,1815,21,137779.62
Renault,2006,CNG,Manual,237545,Second,20.6,1294,20,35000.0
Honda,2021,Petrol,Manual,59488,First,20.0,1141,5,255357.36
Hyundai,2014,Diesel,Manual,155058,Second,16.6,1078,12,58487.5
Hyundai,2020,Diesel,Manual,88568,First,18.1,1207,6,182280.75
Renault,2026,CNG,Manual,21239,Fourth,17.9,896,0,254194.58
Hyundai,2020,Diesel,Manual,60362,Third,15.5,1560,6,160883.86
Maruti,2025,Petrol,Manual,9212,Second,19.5,752,1,342936.56
Chevrolet,2017,Diesel,Manual,113368,Second,16.2,1682,9,76796.5
Jeep,2017,Diesel,Manual,99402,Second,19.0,1315,9,235158.48
Maruti,2011,Petrol,Automatic,171955,First,27.4,1670,15,41544.23
Audi,2016,Diesel,Automatic,118107,Second,18.8,1622,10,681829.86
Maruti,2021,Petrol,Manual,71065,First,17.6,1920,5,188744.74
Jeep,2016,Petrol,Manual,98704,Second,6.0,1745,10,191698.41
Maruti,2013,Petrol,Manual,145658,First,16.3,1303,13,40637.36
Hyundai,2015,Petrol,Manual,144371,First,18.3,1198,11,72524.69
Hyundai,2007,Petrol,Manual,236696,Fourth,17.6,1705,19,35000.0
Hyundai,2026,Petrol,Manual,12008,First,18.5,702,0,483448.5
Tata,2026,Petrol,Manual,10992,First,13.9,1287,0,515948.57
Renault,2016,Petrol,Automatic,113198,Second,18.4,878,10,72152.41
Hyundai,2025,Electric,Manual,15729,Fourth,14.7,1565,1,336153.08
Mahindra,2021,Diesel,Manual,65480,First,26.6,729,5,306319.4
Volkswagen,2021,Diesel,Manual,71231,First,12.3,1229,5,333422.77
Hyundai,2023,Petrol,Manual,37641,First,12.4,1584,3,325957.98
Chevrolet,2017,Diesel,Manual,103617,First,17.2,1268,9,90224.86
Hyundai,2011,Petrol,Manual,195643,Fourth,21.0,1783,15,35000.0
Toyota,2019,CNG,Manual,82358,First,17.8,1181,7,221675.59
Ford,2017,Petrol,Automatic,111644,First,23.8,1405,9,152622.17
Audi,2007,Diesel,Manual,239400,Second,13.3,1198,19,146420.71
Lexus,2023,Diesel,Automatic,48877,Third,15.8,1143,3,1650258.19
Toyota,2017,Diesel,Automatic,102696,Fourth,13.1,1115,9,120276.78
Maruti,2008,Petrol,Automatic,207646,Second,18.3,1464,18,35000.0
Nissan,2016,Petrol,Manual,125656,First,11.6,747,10,70707.25
Hyundai,2019,Petrol,Manual,85215,First,15.4,1817,7,176053.26
Chevrolet,2012,Petrol,Automatic,163196,Second,21.1,1314,14,36416.93
Mahindra,2026,Petrol,Manual,25442,First,18.3,1158,0,618438.63
Mahindra,2013,Diesel,Manual,145656,Second,18.5,1702,13,58723.23
Hyundai,2008,Petrol,Manual,218191,First,22.0,1481,18,35000.0
Hyundai,2016,Petrol,Manual,140888,First,15.7,1823,10,86545.16
Toyota,2013,Diesel,Manual,159509,Second,21.7,600,13,62837.79
Hyundai,2023,Diesel,Manual,36390,First,22.7,600,3,362738.43
Maruti,2011,CNG,Automatic,178919,First,21.5,1603,15,35000.0
Tata,2014,Petrol,Manual,135630,Second,11.3,1591,12,48875.87
Maruti,2024,Diesel,Automatic,27037,First,23.0,834,2,417644.7
Maruti,2010,Petrol,Manual,194758,Fourth,20.3,1496,16,35000.0
Maruti,2009,Petrol,Automatic,205555,First,13.4,1173,17,35000.0
Kia,2013,Diesel,Manual,155547,Second,20.1,1162,13,57526.17
Maruti,2022,Petrol,Manual,44613,First,16.6,2177,4,244985.05
Maruti,2022,CNG,Automatic,54741,First,14.4,1618,4,228633.1
Nissan,2022,Petrol,Automatic,44444,First,20.4,1723,4,342321.84
Honda,2021,Diesel,Manual,61097,Third,13.0,1268,5,208608.82
Tata,2015,CNG,Manual,133337,First,12.5,1926,11,65365.87
Maruti,2011,Petrol,Manual,191088,Fourth,19.8,1262,15,35000.0
Maruti,2005,Diesel,Manual,253633,Second,20.4,1083,21,35000.0
Maruti,2011,Diesel,Automatic,188125,Third,14.1,1055,15,35000.0
Tata,2019,Petrol,Automatic,89911,First,20.2,1325,7,172286.62
Maruti,2008,Petrol,Automatic,216318,First,16.8,905,18,35000.0
Maruti,2007,Diesel,Automatic,227319,Third,14.5,1527,19,35000.0
Hyundai,2009,Petrol,Manual,193898,First,20.2,971,17,35000.0
Volkswagen,2011,Petrol,Manual,189363,Second,24.7,1314,15,52272.75
Maruti,2021,Petrol,Manual,41266,First,13.5,1463,5,182926.09
Maruti,2011,CNG,Automatic,172273,Second,17.6,1335,15,35000.0
Maruti,2018,Petrol,Manual,96582,Third,22.7,1695,8,87056.34
Maruti,2021,Diesel,Manual,64927,First,25.4,1465,5,241046.73
Mahindra,2019,Electric,Manual,79280,Second,26.6,1211,7,243808.96
Tata,2021,CNG,Automatic,47507,First,20.2,1161,5,270140.0
Maruti,2005,Diesel,Manual,250454,First,19.6,999,21,35000.0
Toyota,2013,Petrol,Automatic,157311,Second,15.6,1105,13,67024.13
Maruti,2024,Petrol,Manual,18156,Fourth,16.9,1000,2,209418.82
Tata,2016,Petrol,Manual,118641,Second,14.3,1202,10,58351.45
Jeep,2019,Diesel,Manual,95101,Second,20.7,1141,7,297166.9
Renault,2022,CNG,Manual,46745,First,23.3,1893,4,238521.5
Maruti,2016,Petrol,Manual,118426,Second,18.2,1494,10,58712.92
Maruti,2009,Petrol,Manual,203161,Fourth,9.5,1319,17,35000.0
Chevrolet,2013,Petrol,Manual,161371,Fourth,15.7,1157,13,35000.0
Maruti,2019,CNG,Manual,94794,First,20.6,1540,7,127895.23
Hyundai,2005,CNG,Automatic,243483,Third,10.5,828,21,35000.0
Kia,2025,Diesel,Automatic,10706,Fourth,20.8,1371,1,430977.97
Maruti,2005,Electric,Automatic,255055,First,12.6,1305,21,35000.0
Skoda,2014,Petrol,Manual,132149,Test Drive,14.4,2281,12,113254.79
BMW,2017,Diesel,Manual,114478,Third,14.4,1135,9,546930.96
Lexus,2007,Petrol,Manual,217889,Third,18.9,1247,19,108616.77
Kia,2026,Diesel,Automatic,9353,Second,17.3,1666,0,734965.84
Ford,2009,Diesel,Manual,212630,Second,18.4,1039,17,35000.0
Chevrolet,2020,CNG,Manual,71124,Third,22.4,1373,6,113191.44
Maruti,2020,Petrol,Automatic,59597,Second,16.7,1418,6,183517.79
Ford,2005,Diesel,Manual,250766,First,22.2,1020,21,35000.0
Tata,2026,Petrol,Automatic,13552,Second,19.5,1078,0,463647.47
Volvo,2005,Diesel,Automatic,233009,First,15.7,1636,21,111726.52
Tata,2016,Petrol,Automatic,127698,First,17.2,1242,10,86398.76
Kia,2026,Electric,Automatic,24069,Second,16.9,1376,0,799059.04
Tata,2012,Petrol,Manual,163120,First,18.9,1045,14,35000.0
Tata,2019,Petrol,Automatic,74291,First,19.2,1355,7,203693.61
Mahindra,2005,Petrol,Manual,230893,First,19.5,1450,21,35000.0
Toyota,2014,Petrol,Manual,148757,First,24.9,1189,12,89705.87
Hyundai,2017,Petrol,Manual,110600,Third,12.8,1231,9,69436.09
Maruti,2023,Diesel,Manual,48740,First,19.2,1221,3,302725.79
Toyota,2010,Petrol,Manual,198024,First,18.7,1222,16,52123.4
Tata,2007,Diesel,Manual,221537,Second,16.6,1127,19,35000.0
Toyota,2006,Petrol,Manual,245130,First,15.8,1458,20,35000.0
Hyundai,2024,Diesel,Manual,23842,Second,22.3,1628,2,429613.64
Maruti,2022,Electric,Manual,38519,First,25.9,965,4,348896.55
Volkswagen,2006,Petrol,Manual,239889,First,13.7,1161,20,35000.0
Tata,2026,Diesel,Manual,17973,First,17.3,892,0,574579.83
Kia,2010,Petrol,Manual,187800,First,11.8,1062,16,40369.71
Ford,2016,Petrol,Automatic,118672,First,19.3,1008,10,105072.19
Tata,2022,Petrol,Manual,56224,Second,10.6,1166,4,188731.06
Hyundai,2014,Electric,Manual,145917,Second,16.6,1600,12,63605.94
Ford,2010,Petrol,Manual,202995,Second,17.4,640,16,35000.0
Hyundai,2025,Petrol,Manual,3135,Second,16.3,1311,1,412225.92
Hyundai,2024,Diesel,Manual,19660,Third,22.3,1253,2,317877.14
Hyundai,2011,Diesel,Automatic,175154,Second,18.1,851,15,36580.71
Maruti,2010,Diesel,Manual,196257,First,17.5,647,16,35000.0
Maruti,2005,Diesel,Automatic,253974,Fourth,16.1,901,21,35000.0
Maruti,2019,Petrol,Manual,80051,First,20.6,1121,7,135258.75
Maruti,2020,Petrol,Manual,62700,Second,15.7,983,6,127038.58
Mahindra,2008,LPG,Manual,206742,Fourth,23.2,1692,18,35000.0
Honda,2025,Petrol,Manual,9429,Third,24.5,1223,1,476344.86
Nissan,2026,Petrol,Manual,4379,First,14.1,1827,0,497935.59
Maruti,2020,Petrol,Manual,76543,First,9.8,1453,6,120521.96
Hyundai,2014,Petrol,Manual,134642,First,15.2,1365,12,55570.72
Hyundai,2021,Petrol,Manual,55666,Third,10.3,1346,5,147241.82
Mercedes,2025,Diesel,Manual,16432,First,12.2,1385,1,3660298.21
Ford,2024,Petrol,Automatic,15129,First,28.2,922,2,498036.24
Maruti,2020,Petrol,Manual,70120,Second,13.5,2052,6,143050.86
Toyota,2020,CNG,Automatic,70715,Fourth,16.4,1710,6,170522.82
Mahindra,2013,CNG,Manual,167540,Fourth,14.5,1496,13,35000.0
Maruti,2015,Petrol,Automatic,135136,Second,18.5,1431,11,63667.65
Ford,2015,Petrol,Automatic,109998,Third,20.6,937,11,72302.12
Honda,2009,Petrol,Automatic,195503,Second,18.0,1535,17,35000.0
Chevrolet,2005,Petrol,Manual,254256,First,20.2,1717,21,35000.0
Mahindra,2020,Diesel,Manual,52911,First,17.2,1036,6,302942.83
Mercedes,2013,Petrol,Manual,160725,Third,20.5,1735,13,340490.29
MG,2011,Diesel,Manual,178127,Second,22.1,914,15,51821.59
Tata,2017,Petrol,Automatic,106676,Third,14.9,1605,9,89254.34
Nissan,2013,Petrol,Manual,161697,First,16.4,1481,13,43834.84
Toyota,2008,Electric,Manual,228167,First,13.4,783,18,39717.58
Mahindra,2011,Diesel,Manual,176904,Second,15.6,1877,15,43931.74
Honda,2006,Petrol,Manual,235790,Test Drive,21.4,1678,20,35000.0
Toyota,2009,Petrol,Manual,183708,Second,20.4,1208,17,35459.08
Mercedes,2025,Diesel,Manual,12942,First,20.3,2094,1,4529093.53
Nissan,2009,Petrol,Manual,204117,Second,14.9,616,17,35000.0
Chevrolet,2017,Petrol,Manual,116721,Second,15.1,1110,9,67281.45
Skoda,2009,Petrol,Manual,205604,Second,17.4,794,17,35000.0
Hyundai,2023,Petrol,Manual,49152,Second,17.9,1411,3,266936.57
Maruti,2018,Petrol,Manual,78459,Third,11.8,2018,8,82615.5
Hyundai,2016,Petrol,Manual,113438,Second,24.4,1326,10,91667.43
Ford,2017,Petrol,Manual,103107,Fourth,21.1,1471,9,68414.83
Kia,2026,Diesel,Manual,13170,First,17.7,1275,0,737210.91
Maruti,2016,CNG,Manual,108725,First,15.7,1122,10,78945.44
Maruti,2013,CNG,Automatic,165890,First,22.9,1142,13,42299.68
MG,2023,Diesel,Manual,39238,First,11.2,1351,3,503567.78
Toyota,2010,Electric,Manual,204477,Second,14.9,1824,16,48620.79
Honda,2022,Petrol,Automatic,55322,First,18.9,1346,4,391389.15
Maruti,2022,LPG,Manual,34982,First,17.5,815,4,193405.43
Maruti,2026,Petrol,Manual,7823,First,19.5,600,0,378052.49
Chevrolet,2025,Petrol,Manual,13720,First,20.2,1189,1,364432.68
Renault,2018,Diesel,Manual,88369,Second,23.1,1490,8,128996.15
Nissan,2023,Diesel,Automatic,47031,Fourth,24.5,1547,3,232393.12
Maruti,2012,Diesel,Manual,172937,First,27.9,1043,14,37834.79
Toyota,2026,Diesel,Manual,20287,First,20.5,1459,0,852780.2
Honda,2021,Diesel,Automatic,60797,First,12.8,1076,5,313637.34
Hyundai,2010,Petrol,Manual,190729,Second,13.2,1768,16,35000.0
Maruti,2014,Diesel,Manual,143116,Fourth,20.9,1119,12,35000.0
Hyundai,2020,Petrol,Automatic,61181,Third,21.0,1388,6,190965.56
Maruti,2022,CNG,Manual,58564,Second,21.4,1059,4,159665.25
Mahindra,2025,Petrol,Manual,17194,First,13.8,1536,1,597652.68
Renault,2015,Diesel,Manual,121703,First,17.5,1286,11,76122.53
Maruti,2008,Petrol,Automatic,210114,Third,22.4,1422,18,35000.0
Ford,2023,CNG,Manual,31404,First,24.3,895,3,325455.19
MG,2007,Petrol,Automatic,217103,First,16.4,1059,19,37405.02
Honda,2010,Diesel,Automatic,190722,Third,17.2,1942,16,38548.93
Maruti,2018,Petrol,Manual,86292,First,25.0,925,8,125400.74
Ford,2007,Petrol,Automatic,236847,First,15.5,1357,19,35000.0
Skoda,2014,Petrol,Manual,147978,Second,14.7,1747,12,77231.86
Renault,2024,Diesel,Manual,22786,First,20.4,948,2,340133.8
Chevrolet,2024,CNG,Manual,28200,First,13.0,1083,2,229380.88
Honda,2011,Diesel,Manual,174618,Fourth,18.4,1458,15,35000.0
Mahindra,2017,Diesel,Automatic,104589,First,18.9,1443,9,193957.14
Hyundai,2005,Petrol,Automatic,248706,First,18.9,902,21,35000.0
Maruti,2012,Electric,Manual,178493,First,17.2,1354,14,46334.86
Nissan,2015,Diesel,Automatic,131633,Second,18.5,1312,11,80112.93
Honda,2019,Petrol,Automatic,87847,First,19.8,2263,7,267006.94
Toyota,2006,Diesel,Manual,243254,First,19.6,1224,20,35000.0
Chevrolet,2011,Petrol,Automatic,186098,Second,15.4,1464,15,35000.0
Mahindra,2018,Petrol,Automatic,95417,Second,16.9,1120,8,158639.15
Mahindra,2016,Diesel,Manual,108824,Second,20.1,805,10,116922.82
Tata,2022,Electric,Manual,41544,Second,15.6,1459,4,309464.33
Mahindra,2016,Petrol,Automatic,118851,First,10.6,1536,10,124409.07
Volkswagen,2021,Diesel,Manual,66915,First,13.2,2085,5,417918.0
Chevrolet,2010,Petrol,Manual,191230,First,11.8,1826,16,35000.0
Tata,2023,Diesel,Automatic,23173,Second,19.1,1004,3,311409.9
Skoda,2021,Petrol,Manual,53941,Second,8.4,600,5,273672.58
Hyundai,2017,Petrol,Automatic,103884,First,19.0,1295,9,128890.57
Skoda,2014,Petrol,Automatic,140227,First,18.5,1784,12,117127.44
Tata,2007,Petrol,Manual,212320,Third,17.6,1809,19,35000.0
Mahindra,2012,Petrol,Manual,171587,Third,23.3,1173,14,38049.92
Mahindra,2019,Petrol,Manual,87989,First,13.4,1569,7,194893.85
Hyundai,2014,Diesel,Manual,145436,First,21.0,1338,12,62792.36
Maruti,2026,Diesel,Manual,4681,First,20.6,1193,0,534988.05
Ford,2018,Petrol,Manual,93007,First,18.9,1717,8,148136.8
Tata,2013,Diesel,Manual,156635,First,18.9,1054,13,50644.59
Hyundai,2005,Electric,Manual,259815,First,17.6,954,21,35000.0
Toyota,2005,Petrol,Automatic,257824,Fourth,12.7,2003,21,35000.0
Tata,2019,Diesel,Manual,86639,First,21.0,1101,7,156375.52
Mahindra,2014,Diesel,Manual,149719,Third,20.4,1024,12,55103.26
Maruti,2015,Diesel,Automatic,134382,Second,24.0,1371,11,63757.91
Volkswagen,2011,Petrol,Manual,180767,Second,18.8,1698,15,46006.64
Hyundai,2024,Petrol,Manual,9463,Second,19.1,2018,2,411636.63
Maruti,2014,Petrol,Manual,155903,First,21.2,1312,12,49954.31
Maruti,2011,Petrol,Automatic,177664,First,12.1,1286,15,35000.0
Maruti,2017,Petrol,Manual,92776,Second,10.1,1301,9,77309.49
Nissan,2006,Electric,Manual,236467,First,24.2,1186,20,35000.0
Toyota,2026,Petrol,Manual,14315,First,18.8,1335,0,752855.38
Maruti,2021,Diesel,Manual,66846,First,14.5,1208,5,207707.8
Renault,2015,Diesel,Automatic,146586,First,18.8,1386,11,77310.56
Maruti,2014,Diesel,Manual,151320,First,17.5,1127,12,55679.15
MG,2007,Petrol,Manual,228993,Fourth,18.1,961,19,35000.0
Toyota,2017,Diesel,Automatic,93096,First,19.7,669,9,207843.77
Renault,2008,Diesel,Manual,206454,First,17.5,1729,18,35000.0
Renault,2010,Diesel,Manual,185408,First,18.3,1229,16,35000.0
Hyundai,2021,Petrol,Automatic,63213,First,21.3,1105,5,268878.72
BMW,2007,Electric,Manual,225237,Fourth,14.2,2065,19,112635.77
Volkswagen,2021,Petrol,Manual,31766,Second,18.2,1306,5,328704.17
Chevrolet,2024,Petrol,Automatic,30138,First,15.7,885,2,307703.19
Maruti,2017,Diesel,Manual,102782,Second,18.9,1375,9,95011.62
Volkswagen,2019,Diesel,Automatic,79329,Second,10.7,1474,7,224817.8
Maruti,2021,Petrol,Manual,71758,Third,18.1,867,5,113406.45
Honda,2018,CNG,Manual,101475,First,16.5,1402,8,142762.37
Mahindra,2021,CNG,Manual,64143,Second,16.4,1312,5,233096.83
Maruti,2017,Petrol,Automatic,107051,Fourth,17.2,600,9,55664.59
Mahindra,2023,Petrol,Automatic,35789,Second,27.1,1381,3,425069.6
Hyundai,2022,Petrol,Manual,45616,First,17.4,1143,4,290773.65
Chevrolet,2020,Petrol,Automatic,60892,First,13.1,1303,6,185353.33
Honda,2010,Petrol,Manual,188178,First,15.9,829,16,35000.0
Volkswagen,2011,Petrol,Manual,191359,First,23.6,1319,15,48237.66
Mahindra,2005,Petrol,Manual,257618,Fourth,23.2,1068,21,35000.0
Toyota,2011,Petrol,Manual,178829,First,17.0,996,15,53477.37
Renault,2025,Petrol,Manual,12064,First,11.9,844,1,336201.21
Honda,2009,Diesel,Manual,189409,Second,18.0,1989,17,35000.0
Honda,2019,Petrol,Manual,81232,First,15.2,1796,7,204689.27
BMW,2023,Petrol,Manual,37053,First,16.0,1299,3,2005995.23
Tata,2006,Diesel,Automatic,226186,Second,20.5,896,20,35000.0
Honda,2008,Petrol,Manual,213410,First,19.7,1874,18,36802.33
MG,2024,Diesel,Automatic,32102,First,19.4,1358,2,898737.01
Maruti,2024,Diesel,Manual,30528,First,17.2,1177,2,366965.05
Mercedes,2017,Diesel,Manual,111892,Second,15.9,1959,9,871235.47
Toyota,2023,Petrol,Automatic,34621,Second,12.0,1561,3,474988.59
Honda,2020,CNG,Manual,73633,First,20.8,676,6,204584.79
Maruti,2009,Petrol,Manual,190798,First,18.5,1155,17,35000.0
Honda,2008,Petrol,Manual,222417,Third,23.2,1685,18,35000.0
Volvo,2009,Diesel,Automatic,194483,Third,15.9,1976,17,128047.2
Honda,2005,Diesel,Manual,264223,First,19.8,1166,21,35000.0
Renault,2017,Diesel,Manual,103896,First,23.8,1811,9,110765.35
Hyundai,2007,Petrol,Manual,217203,First,16.1,1020,19,35000.0
Tata,2013,Petrol,Manual,170356,Second,17.4,1107,13,41483.25
Hyundai,2007,Petrol,Manual,233690,Second,20.3,1744,19,35000.0
Skoda,2025,Electric,Manual,587,First,20.3,1868,1,1072035.75
Tata,2013,Diesel,Automatic,162243,Second,11.8,852,13,44292.94
Chevrolet,2020,Diesel,Manual,63242,Second,20.3,1514,6,164478.76
Maruti,2010,Diesel,Manual,188138,Second,16.8,1058,16,35000.0
Hyundai,2006,Petrol,Automatic,226873,First,23.4,1772,20,35000.0
Honda,2019,Petrol,Automatic,77033,First,25.0,600,7,218213.87
Honda,2006,CNG,Manual,246900,Second,20.0,715,20,35000.0
Hyundai,2012,Petrol,Manual,170912,First,17.7,756,14,43502.28
Tata,2017,Petrol,Manual,110581,First,12.7,1275,9,90319.03
Volkswagen,2022,Diesel,Automatic,31908,Second,15.6,1461,4,442157.9
Toyota,2009,Diesel,Manual,186063,First,14.0,916,17,43205.57
Honda,2008,Petrol,Automatic,223170,Second,11.4,739,18,35000.0
Honda,2020,Petrol,Manual,81494,Second,28.9,1469,6,210108.2
MG,2007,Petrol,Manual,225033,Second,20.6,1818,19,35000.0
Volkswagen,2010,Petrol,Automatic,193482,Second,26.5,1453,16,52753.74
Ford,2013,Diesel,Automatic,161508,First,18.2,2142,13,76708.92
Toyota,2025,Diesel,Automatic,4070,First,15.7,1496,1,969686.08
Hyundai,2013,Petrol,Automatic,162832,First,31.7,1446,13,62886.21
Audi,2013,Diesel,Manual,152294,Third,25.9,1042,13,298209.83
Nissan,2008,Diesel,Manual,224407,First,15.3,1621,18,35000.0
Chevrolet,2010,Petrol,Manual,195936,First,22.2,1098,16,35000.0
Maruti,2026,Petrol,Automatic,6098,Second,16.9,1200,0,481126.59
Nissan,2007,Petrol,Automatic,215429,First,13.2,1364,19,35000.0
Mercedes,2019,CNG,Manual,92606,Second,16.2,1283,7,990945.09
Maruti,2009,CNG,Manual,208122,Second,12.5,1361,17,35000.0
Ford,2025,Petrol,Manual,19466,First,14.5,837,1,318308.4
Honda,2005,Diesel,Automatic,255762,First,13.9,1443,21,35000.0
Maruti,2018,Diesel,Manual,89487,Second,16.2,1522,8,101079.14
Maruti,2006,Petrol,Manual,244165,Second,21.9,672,20,35000.0
Mahindra,2022,Petrol,Manual,48647,First,19.0,1333,4,358421.7
Ford,2013,Diesel,Automatic,169433,Third,15.5,1748,13,42604.66
Hyundai,2022,Electric,Manual,51752,First,14.5,1169,4,365117.47
Nissan,2005,Petrol,Automatic,270862,Second,18.9,1278,21,35000.0
Tata,2015,Petrol,Automatic,140392,Second,24.3,1029,11,65118.64
Mahindra,2018,Petrol,Manual,80276,Second,12.8,1303,8,129743.72
Mahindra,2019,Petrol,Manual,75534,First,19.0,963,7,204455.5
MG,2006,Petrol,Manual,213893,First,16.2,1283,20,35000.0
Ford,2006,Diesel,Manual,228613,First,23.2,1352,20,35000.0
Hyundai,2016,Petrol,Manual,113834,Second,13.1,1013,10,67996.44
Hyundai,2021,Petrol,Manual,42316,First,19.9,1302,5,273606.75
Ford,2007,Petrol,Manual,212968,First,21.1,1291,19,35000.0
Hyundai,2016,Petrol,Automatic,129758,First,15.7,1520,10,106720.57
Ford,2026,Petrol,Manual,6232,First,20.3,1314,0,618641.01
Renault,2007,Electric,Manual,227528,Test Drive,13.5,1286,19,35000.0
Tata,2007,CNG,Manual,226557,Fourth,14.1,709,19,35000.0
Maruti,2026,Petrol,Automatic,23297,First,18.6,1284,0,451754.68
Tata,2023,Diesel,Manual,22917,Second,13.5,1422,3,299141.15
Skoda,2018,Petrol,Automatic,88455,Third,19.5,1276,8,169554.49
Mahindra,2023,Petrol,Manual,36598,Second,14.8,942,3,323502.45
Tata,2005,Diesel,Automatic,257086,First,8.4,1579,21,35000.0
Renault,2009,Electric,Automatic,206852,First,10.6,1354,17,35000.0
Ford,2006,Petrol,Manual,224512,Third,18.3,992,20,35000.0
Maruti,2020,Diesel,Manual,68235,Second,17.4,1031,6,146109.09
Mahindra,2012,Diesel,Manual,164938,Second,18.6,940,14,46168.64
Honda,2010,Petrol,Manual,187450,First,29.8,1068,16,36216.56
Maruti,2020,Petrol,Automatic,82231,Second,21.0,1233,6,151511.04
Maruti,2021,Petrol,Automatic,75850,Second,19.0,1604,5,193209.09
Tata,2020,Petrol,Manual,74111,Second,15.2,1434,6,153930.26
Tata,2017,Petrol,Automatic,109049,Second,28.3,963,9,105306.22
Maruti,2026,Petrol,Manual,7723,Second,20.6,834,0,317307.46
Skoda,2008,Petrol,Manual,219308,Fourth,15.7,768,18,35000.0
Hyundai,2020,Diesel,Manual,80487,Second,20.8,1461,6,176911.46
Maruti,2024,Petrol,Automatic,17926,First,18.0,894,2,326703.97
Audi,2024,Diesel,Manual,14557,Second,14.1,1543,2,2479500.88
Nissan,2016,Petrol,Automatic,108535,First,13.4,852,10,103927.17
Lexus,2013,CNG,Automatic,149397,First,14.5,1461,13,346104.19
Maruti,2008,Diesel,Manual,220782,First,16.6,1870,18,35000.0
Maruti,2017,Petrol,Automatic,122706,Third,17.3,807,9,61571.92
Renault,2019,Petrol,Manual,78623,First,16.9,843,7,131563.05
Maruti,2006,Electric,Manual,239658,First,18.5,1153,20,35000.0
Mahindra,2017,Petrol,Automatic,107885,Second,10.7,1338,9,113894.81
Mercedes,2022,Petrol,Automatic,39514,Test Drive,9.9,1035,4,2126794.25
Hyundai,2011,Diesel,Automatic,179738,First,22.4,1409,15,46279.85
Mahindra,2010,Petrol,Manual,197075,Second,18.4,1334,16,35000.0
Mahindra,2021,Diesel,Manual,67591,Third,17.7,1123,5,226289.29
Hyundai,2022,Petrol,Manual,31850,First,17.3,1863,4,318775.99
Maruti,2005,Petrol,Manual,252005,First,15.5,1104,21,35000.0
Honda,2021,Diesel,Automatic,64792,First,22.6,2245,5,401599.28
Ford,2011,Petrol,Manual,159026,Second,18.5,1236,15,35560.03
Honda,2022,Petrol,Automatic,38312,First,20.5,1213,4,429810.27
Mahindra,2022,Petrol,Manual,53138,First,24.2,1171,4,403895.39
Hyundai,2005,CNG,Manual,256582,First,18.4,1675,21,35000.0
Mahindra,2019,Electric,Manual,83765,First,16.4,1271,7,295261.36
Kia,2006,Petrol,Manual,245255,First,21.3,1337,20,35000.0
Hyundai,2020,Diesel,Automatic,61383,First,20.7,1573,6,310796.84
Mahindra,2020,Petrol,Manual,60920,Second,19.2,1106,6,223576.6
Honda,2005,Petrol,Manual,253519,First,22.8,1954,21,35000.0
Mahindra,2005,Petrol,Manual,251974,First,14.9,1119,21,35000.0
Toyota,2017,Diesel,Manual,103466,Third,20.0,1573,9,130833.03
Honda,2005,Diesel,Automatic,264935,First,24.5,1558,21,35000.0
Audi,2010,Diesel,Manual,201918,Third,17.8,1346,16,175226.46
Tata,2021,Diesel,Manual,67625,Second,20.6,1684,5,202483.83
Renault,2024,Diesel,Automatic,27396,First,20.9,821,2,457043.91
Mahindra,2016,CNG,Manual,113958,First,11.2,1413,10,88336.81
Kia,2015,Petrol,Manual,151282,First,15.6,1439,11,82981.25
Skoda,2009,Petrol,Manual,215257,Second,20.4,1288,17,38612.06
Hyundai,2005,Diesel,Automatic,238534,Third,21.4,867,21,35000.0
Maruti,2011,Diesel,Manual,183677,Second,18.2,1770,15,35000.0
Toyota,2011,Petrol,Automatic,189844,First,12.9,2117,15,61206.16
Maruti,2019,Electric,Manual,72084,First,29.3,1126,7,196916.81
Renault,2019,Electric,Manual,68949,Second,21.6,727,7,152713.86
Maruti,2007,Petrol,Manual,233785,Test Drive,20.6,869,19,35000.0
BMW,2019,Petrol,Manual,59336,First,17.2,1685,7,1298328.6
Hyundai,2012,Petrol,Manual,152933,First,22.5,1713,14,49430.23
Hyundai,2013,Petrol,Automatic,142870,First,10.7,1257,13,56986.67
Maruti,2008,LPG,Manual,217863,Second,18.8,1651,18,35000.0
Hyundai,2023,Electric,Manual,34418,First,20.3,1307,3,468820.38
Tata,2011,Diesel,Automatic,164973,First,19.4,785,15,40374.06
Tata,2026,Petrol,Manual,500,Second,11.2,1341,0,430175.9
Jeep,2005,Diesel,Manual,243415,First,16.2,837,21,35306.11
Maruti,2024,Diesel,Automatic,12610,Third,16.4,1178,2,314999.41
Nissan,2013,Petrol,Automatic,150783,First,16.5,1325,13,58664.2
Skoda,2016,Diesel,Manual,125976,First,23.3,1234,10,144564.35
Maruti,2008,Electric,Manual,220508,Second,20.0,1178,18,35000.0
Ford,2022,Petrol,Manual,48648,Third,20.1,1523,4,215518.13
Hyundai,2007,Electric,Automatic,221697,Fourth,18.9,1537,19,35000.0
Chevrolet,2015,Petrol,Manual,144064,First,26.2,1382,11,57694.44
Chevrolet,2023,Petrol,Manual,47479,First,13.8,1037,3,223438.94
Maruti,2010,Petrol,Automatic,190990,First,17.8,1834,16,35000.0
Mercedes,2011,Diesel,Manual,179223,Second,12.2,1279,15,265639.98
Hyundai,2024,Petrol,Automatic,27546,First,19.7,958,2,387173.7
Kia,2008,Petrol,Manual,231925,First,14.2,1499,18,35000.0
Renault,2008,Diesel,Manual,203697,First,20.6,1208,18,35000.0
Kia,2008,Petrol,Manual,214408,First,12.2,1499,18,35000.0
Maruti,2016,Petrol,Manual,116930,Third,22.7,1142,10,56980.64
Maruti,2021,Diesel,Manual,73868,First,20.5,2161,5,219457.78
Toyota,2022,CNG,Manual,47301,Second,17.0,1482,4,312785.61
Honda,2005,Petrol,Automatic,250654,Second,9.4,1248,21,35000.0
Maruti,2015,Petrol,Manual,141781,Second,14.1,1300,11,51042.82
Ford,2014,Diesel,Automatic,154984,Second,19.7,656,12,55640.26
Maruti,2014,Petrol,Manual,152997,Second,17.3,1361,12,43618.6
Honda,2006,Petrol,Manual,251738,First,11.7,708,20,35000.0
Maruti,2023,Petrol,Automatic,30345,Second,18.8,1616,3,265285.54
Hyundai,2013,CNG,Manual,151632,First,23.0,1111,13,47595.7
Hyundai,2023,Petrol,Manual,40407,First,26.4,1038,3,308689.54
Mahindra,2011,Petrol,Manual,190021,First,24.2,1476,15,59537.34
Ford,2010,Petrol,Automatic,196160,First,17.6,1233,16,35000.0
Maruti,2023,Petrol,Automatic,26019,Third,14.8,1437,3,236357.62
Tata,2024,Petrol,Manual,29512,Second,15.0,954,2,289509.2
Maruti,2026,Diesel,Manual,500,First,13.5,600,0,476993.91
Audi,2012,Petrol,Automatic,182339,First,18.5,1102,14,285573.68
Hyundai,2012,Petrol,Manual,157779,First,17.5,1372,14,42824.88
Tata,2018,Petrol,Automatic,91484,Second,14.4,940,8,115082.97
MG,2005,Petrol,Automatic,241189,First,16.5,1511,21,37932.05
BMW,2014,Petrol,Manual,150592,Second,16.0,2087,12,363873.95
Ford,2010,Diesel,Automatic,185585,First,21.2,726,16,35392.86
Skoda,2012,Petrol,Automatic,167336,First,21.2,899,14,61182.73
Volkswagen,2014,Diesel,Manual,145984,First,21.8,1591,12,102436.12
BMW,2014,Petrol,Manual,145457,Second,19.8,1053,12,353804.52
Tata,2021,Diesel,Manual,70173,First,19.1,1259,5,251278.62
Nissan,2025,Petrol,Manual,4296,First,16.1,1225,1,443709.3
Maruti,2008,Petrol,Manual,209814,First,22.3,600,18,35000.0
Renault,2026,Petrol,Manual,20560,First,19.3,885,0,418002.92
Toyota,2008,Diesel,Manual,212913,Second,28.8,1155,18,39009.41
Kia,2016,Petrol,Manual,112837,First,13.4,1662,10,118143.32
Mercedes,2025,Petrol,Manual,25127,First,17.4,1242,1,3093604.83
Honda,2017,Petrol,Manual,108162,First,10.7,1461,9,126047.6
Ford,2022,Petrol,Automatic,45377,First,19.7,1309,4,304565.69
Tata,2005,Diesel,Manual,260102,First,19.1,1014,21,35000.0
MG,2021,Petrol,Automatic,58381,Second,17.5,1282,5,407135.87
Volvo,2010,Petrol,Manual,186203,Fourth,16.6,1947,16,114427.04
Ford,2019,Diesel,Automatic,90417,First,15.0,809,7,187414.74
Volkswagen,2012,Petrol,Manual,171533,Second,15.6,1521,14,47054.17
Nissan,2017,Petrol,Manual,118979,Second,25.1,1041,9,71157.4
Toyota,2011,Petrol,Automatic,190377,Second,18.6,1749,15,58360.42
Honda,2024,Diesel,Manual,31974,First,17.0,1361,2,520721.96
Nissan,2010,Petrol,Automatic,202071,First,12.6,1090,16,35000.0
Tata,2015,CNG,Manual,135867,Third,17.4,1071,11,43165.51
Maruti,2025,Diesel,Manual,17358,First,19.6,1287,1,413437.36
Maruti,2022,Diesel,Manual,58439,Fourth,16.6,1035,4,135832.54
BMW,2017,Diesel,Manual,103416,First,15.2,1443,9,794781.49
Toyota,2019,Petrol,Manual,72776,Second,17.3,1055,7,190183.36
Skoda,2015,Petrol,Automatic,118229,First,15.9,1078,11,131828.19
Renault,2018,Diesel,Automatic,104221,Second,24.5,636,8,112816.33
Chevrolet,2026,Petrol,Manual,11014,Third,24.4,1294,0,326899.44
Ford,2021,Electric,Automatic,65064,First,19.1,958,5,352961.99
Ford,2020,Petrol,Automatic,68390,Second,15.3,725,6,174176.36
Mahindra,2010,Petrol,Automatic,196448,Third,15.2,1487,16,35000.0
Skoda,2017,Diesel,Manual,99480,First,16.9,794,9,171824.02
Toyota,2026,Diesel,Manual,14413,First,15.9,1346,0,876643.54
Toyota,2018,Diesel,Automatic,77296,Second,25.2,1508,8,249350.53
Maruti,2007,Petrol,Manual,221872,Second,18.5,1517,19,35000.0
Toyota,2005,Petrol,Manual,246630,First,14.8,1078,21,35000.0
Tata,2021,Diesel,Automatic,49698,First,14.8,1568,5,289793.92
Maruti,2015,Diesel,Automatic,134162,Third,17.1,1215,11,53055.46
Maruti,2015,Diesel,Automatic,135671,Second,16.0,1664,11,69998.35
Tata,2022,Diesel,Manual,45929,First,19.2,1482,4,331888.68
Hyundai,2008,Petrol,Manual,229289,Test Drive,15.8,1638,18,35000.0
Kia,2015,Petrol,Automatic,132911,Test Drive,22.5,1784,11,128458.59
Renault,2016,Petrol,Automatic,124700,Second,16.0,1186,10,73468.35
Tata,2012,Petrol,Manual,165776,First,20.7,1553,14,43022.3
Toyota,2023,Diesel,Manual,39955,Third,20.0,1014,3,331621.77
BMW,2005,Petrol,Manual,253217,First,23.4,1429,21,109559.66
Toyota,2018,Diesel,Manual,96802,First,14.0,1692,8,212875.57
Toyota,2022,Petrol,Manual,59435,Test Drive,14.4,1244,4,378252.45
Maruti,2018,LPG,Automatic,100127,First,17.1,949,8,107619.25
Hyundai,2010,CNG,Manual,181391,First,20.2,1396,16,35000.0
Hyundai,2025,Petrol,Manual,13492,Fourth,11.8,1100,1,270722.31
Maruti,2018,Diesel,Automatic,109940,First,13.3,1534,8,138064.47
Toyota,2006,Petrol,Manual,236359,Second,23.1,1482,20,35000.0
Maruti,2008,Diesel,Manual,226530,First,20.7,1004,18,35000.0
Volkswagen,2011,Diesel,Manual,190299,Second,20.3,1063,15,44087.34
Skoda,2014,Petrol,Manual,134943,Second,18.9,1172,12,82660.15
Ford,2016,Diesel,Manual,119119,First,17.0,692,10,101404.8
Hyundai,2009,Petrol,Manual,216376,Fourth,19.2,1096,17,35000.0
Lexus,2005,Diesel,Manual,259729,First,17.4,882,21,123464.74
Kia,2024,Petrol,Automatic,18064,First,14.0,1920,2,654361.57
Toyota,2010,Diesel,Automatic,193300,First,19.1,1783,16,66382.66
Hyundai,2020,Petrol,Manual,69002,First,17.0,1590,6,225669.1
Renault,2013,Diesel,Manual,157923,Second,12.9,1634,13,35000.0
Skoda,2007,Petrol,Manual,236832,Second,15.3,1135,19,35000.0
Nissan,2005,CNG,Manual,255511,First,21.9,1274,21,35000.0
Maruti,2026,Diesel,Manual,7683,Third,20.8,790,0,325817.5
Nissan,2022,Electric,Automatic,53746,Second,24.1,1290,4,378283.15
Honda,2016,CNG,Automatic,112326,Fourth,13.9,1648,10,77028.02
Maruti,2021,Electric,Manual,59466,First,18.7,1116,5,264024.87
Honda,2005,CNG,Automatic,244575,First,19.5,1577,21,35000.0
Tata,2017,Diesel,Manual,109515,First,17.5,906,9,100590.77
Maruti,2014,Petrol,Automatic,158374,Second,14.1,1352,12,39180.65
BMW,2026,Petrol,Automatic,14021,First,20.7,1182,0,3958346.05
Jeep,2022,Petrol,Automatic,33031,Second,17.7,862,4,661312.82
Ford,2021,Petrol,Automatic,60608,Second,20.2,1340,5,243296.15
Toyota,2014,Electric,Automatic,149350,First,19.4,1524,12,144753.73
Nissan,2025,Petrol,Manual,8076,Test Drive,12.7,1472,1,448864.3
Toyota,2008,Diesel,Automatic,195703,First,16.4,1944,18,48585.46
Kia,2017,Petrol,Manual,108513,First,25.4,867,9,142440.6
Hyundai,2025,Petrol,Manual,7857,Fourth,15.7,1134,1,248312.46
Hyundai,2021,Petrol,Manual,61919,Third,15.8,1249,5,187173.81
Maruti,2007,Petrol,Automatic,224811,First,19.0,1998,19,35000.0
Mahindra,2024,Diesel,Manual,17202,Second,23.4,1094,2,483682.11
Audi,2014,Diesel,Manual,139936,Second,21.2,1448,12,418333.46
Maruti,2017,Petrol,Automatic,102241,First,13.5,781,9,97751.83
Skoda,2010,Petrol,Manual,189915,First,12.8,1543,16,47439.37
Tata,2014,Petrol,Manual,145641,First,18.6,1060,12,61603.77
Maruti,2008,Petrol,Manual,201038,First,15.9,840,18,35000.0
Maruti,2025,Electric,Automatic,24648,Third,19.7,887,1,368036.41
Hyundai,2007,Diesel,Manual,223696,First,11.2,1062,19,35000.0
Ford,2011,Petrol,Manual,180070,First,22.4,1090,15,36970.66
Kia,2016,Petrol,Manual,120000,Second,20.8,1011,10,107552.28
Maruti,2009,CNG,Automatic,206972,Second,25.0,1498,17,35000.0
Tata,2012,Petrol,Automatic,173866,Third,19.1,1184,14,35000.0
Audi,2016,Petrol,Manual,120302,Fourth,18.7,1439,10,417513.18
Mahindra,2011,Diesel,Manual,175926,First,20.0,1993,15,50389.34
Maruti,2018,Diesel,Manual,103974,First,18.2,1278,8,101924.99
Maruti,2010,Diesel,Manual,186871,First,24.4,1315,16,35000.0
Tata,2018,Diesel,Manual,85088,Second,24.5,1855,8,157151.35
Hyundai,2023,Diesel,Automatic,17155,First,22.1,1825,3,572701.22
Mahindra,2020,Petrol,Automatic,72223,Second,20.5,1252,6,247234.48
BMW,2008,Petrol,Manual,218252,First,14.1,1524,18,177044.33
Hyundai,2015,Petrol,Manual,145142,First,26.1,1218,11,80195.12
Kia,2015,Petrol,Manual,124950,First,16.1,1140,11,91275.1
Hyundai,2016,Petrol,Automatic,115380,First,24.2,1242,10,117474.04
Honda,2023,Petrol,Manual,29020,First,25.7,1599,3,448433.52
Nissan,2011,Petrol,Manual,172628,Third,20.3,1573,15,35000.0
Audi,2026,CNG,Automatic,12019,Second,13.8,1409,0,3352126.75
Volkswagen,2021,Diesel,Manual,61738,Third,22.4,1395,5,243394.26
Tata,2014,Petrol,Manual,145044,First,21.1,790,12,58052.4
Honda,2008,Petrol,Automatic,209089,First,19.6,1119,18,35000.0
Jeep,2025,Electric,Manual,24339,First,19.2,600,1,1362180.35
Tata,2018,Petrol,Manual,101975,First,16.3,869,8,117181.69
Renault,2008,Petrol,Automatic,212715,First,16.5,1277,18,35000.0
Maruti,2006,Petrol,Automatic,254715,First,24.0,1620,20,35000.0
Hyundai,2015,CNG,Manual,131030,Second,21.1,1741,11,69178.98
Maruti,2018,Electric,Manual,98056,First,20.1,804,8,131715.32
Mahindra,2015,Petrol,Manual,132425,First,19.6,1003,11,93138.91
Hyundai,2009,Petrol,Manual,200655,Second,12.7,1178,17,35000.0
Renault,2014,Electric,Automatic,142744,Second,19.7,1893,12,74807.06
Ford,2008,Petrol,Manual,212289,First,14.4,1675,18,35000.0
Chevrolet,2010,Diesel,Manual,188594,Second,26.8,1626,16,35000.0
Maruti,2021,Petrol,Manual,58048,Third,12.6,1390,5,133174.97
Maruti,2015,Diesel,Manual,120134,First,15.0,1318,11,74510.95
Hyundai,2020,Petrol,Manual,74639,First,16.8,1204,6,188007.29
Ford,2015,Diesel,Automatic,127170,First,13.4,1721,11,96969.42
Kia,2016,Petrol,Manual,120776,First,16.3,1149,10,105226.97
BMW,2011,Petrol,Manual,186112,First,21.9,1404,15,260865.45
Audi,2021,Diesel,Automatic,74045,Second,25.1,976,5,1616072.09
Tata,2006,CNG,Manual,242498,Second,19.8,1228,20,35000.0
Ford,2026,Petrol,Manual,9579,Test Drive,16.5,1194,0,527623.63
Toyota,2022,CNG,Manual,48500,First,16.8,1138,4,300155.39
Tata,2018,Petrol,Manual,92890,First,22.6,1486,8,153331.04
Honda,2019,CNG,Manual,93789,Third,16.0,1392,7,120646.53
Mahindra,2006,Diesel,Manual,226361,First,11.5,600,20,35000.0
Skoda,2019,Diesel,Manual,95549,First,24.8,1577,7,293656.34
Honda,2022,Petrol,Manual,40170,First,17.3,908,4,343076.41
Toyota,2020,Electric,Automatic,62413,Second,15.5,1757,6,399265.73
Maruti,2009,Petrol,Manual,210389,Second,23.4,1438,17,35000.0
Hyundai,2009,Diesel,Manual,211580,First,19.8,1475,17,35000.0
Volkswagen,2024,Petrol,Manual,11455,Third,16.7,2131,2,394400.09
Hyundai,2022,Petrol,Automatic,45299,Second,16.0,1328,4,259605.38
Renault,2014,Petrol,Automatic,142282,First,11.4,957,12,60211.71
Mahindra,2006,Petrol,Manual,240799,First,19.5,1412,20,35000.0
Maruti,2013,Petrol,Manual,171227,First,14.2,1678,13,36130.9
Ford,2005,Petrol,Manual,247079,Fourth,20.1,922,21,35000.0
Hyundai,2023,Petrol,Manual,31991,First,13.2,1069,3,289266.59
Renault,2016,Petrol,Manual,127317,Second,15.0,1824,10,64781.12
Mercedes,2006,Petrol,Manual,232460,Second,22.7,1018,20,136752.84
Mahindra,2019,Electric,Automatic,85804,First,18.4,1461,7,307787.19
Ford,2008,CNG,Manual,215083,Second,16.7,1461,18,35000.0
Hyundai,2013,LPG,Manual,158816,First,15.8,993,13,36218.08
Mercedes,2011,Diesel,Manual,192626,First,20.2,1003,15,337001.5
Hyundai,2018,Petrol,Automatic,91888,Second,20.8,656,8,130277.38
Volkswagen,2010,Petrol,Manual,196060,First,17.5,1575,16,48371.53
Mahindra,2006,Petrol,Manual,247059,First,20.8,1045,20,35000.0
Tata,2018,Electric,Manual,88019,First,22.9,1214,8,174200.83
Toyota,2026,Diesel,Manual,12134,Third,11.8,675,0,477946.55
Skoda,2020,Petrol,Automatic,68298,Second,24.8,1206,6,307490.28
Kia,2026,Petrol,Manual,34131,Second,21.6,921,0,541001.39
Ford,2011,Diesel,Automatic,182751,First,22.0,1475,15,53210.19
Maruti,2024,LPG,Manual,23495,Second,17.5,1856,2,253100.13
Tata,2008,Petrol,Manual,219023,First,17.8,1944,18,35000.0
Chevrolet,2021,Petrol,Manual,61509,Second,17.6,1320,5,142340.66
Volkswagen,2005,Petrol,Automatic,248705,Second,21.2,1022,21,35000.0
Toyota,2007,Petrol,Manual,231040,Second,15.8,1766,19,35000.0
Ford,2012,Diesel,Manual,161357,First,24.0,1938,14,59497.21
Lexus,2005,Diesel,Manual,257888,First,15.0,1556,21,136181.49
Skoda,2015,Diesel,Manual,121465,First,22.6,1142,11,137775.93
Hyundai,2024,Petrol,Manual,21224,Third,20.3,1366,2,302347.2
Kia,2017,CNG,Manual,100104,First,28.2,1200,9,151262.85
Maruti,2013,Petrol,Manual,159508,First,11.4,1913,13,43031.85
Tata,2006,Diesel,Manual,273209,Fourth,22.8,1662,20,35000.0
Skoda,2023,Petrol,Manual,43805,Second,17.8,1335,3,412258.61
Skoda,2008,Petrol,Manual,211966,Second,13.7,1502,18,35000.0
Hyundai,2024,Electric,Manual,24844,Second,22.4,1403,2,454010.97
Maruti,2013,Petrol,Manual,145447,First,23.0,1673,13,46282.69
Hyundai,2026,Diesel,Manual,9148,Second,12.2,1361,0,513973.93
Nissan,2011,Petrol,Automatic,181171,Second,19.7,1977,15,36089.45
Renault,2026,Diesel,Automatic,642,First,16.6,863,0,586089.04
Mercedes,2020,Diesel,Manual,72340,First,18.8,1363,6,1675651.32
Lexus,2015,Diesel,Manual,148521,First,12.6,1153,11,458216.5
Maruti,2012,Petrol,Manual,174517,First,25.2,1792,14,39641.62
Volkswagen,2007,Diesel,Manual,229652,First,17.8,855,19,35000.0
Maruti,2007,Diesel,Manual,243038,First,20.3,1806,19,35000.0
Hyundai,2006,Petrol,Manual,239970,First,18.9,1212,20,35000.0
Toyota,2007,Petrol,Manual,215367,First,14.7,1068,19,35000.0
Nissan,2019,CNG,Manual,87992,First,15.8,1071,7,146393.22
Mahindra,2010,Petrol,Manual,186895,First,14.1,1312,16,35000.0
Kia,2006,Petrol,Automatic,238100,First,15.6,1271,20,35000.0
Lexus,2021,CNG,Manual,61990,First,24.3,1577,5,1556813.21
Mahindra,2016,CNG,Manual,121543,First,13.5,1297,10,101198.26
Maruti,2018,Petrol,Automatic,99528,First,13.2,1237,8,126929.11
Skoda,2017,Petrol,Manual,96807,Second,17.4,1521,9,147011.33
Tata,2025,Petrol,Manual,7398,First,14.6,901,1,424136.85
Honda,2015,Petrol,Automatic,137182,Second,18.9,1138,11,86574.63
Jeep,2016,Petrol,Manual,115316,Second,11.2,1190,10,154922.47
Volvo,2018,Electric,Manual,99479,First,17.9,921,8,799311.23
Kia,2014,Diesel,Manual,131801,First,20.7,1301,12,114964.84
Hyundai,2010,Petrol,Manual,184104,First,24.1,894,16,35000.0
Toyota,2013,Petrol,Manual,153777,Second,13.1,1738,13,61756.34
Maruti,2022,Petrol,Automatic,47195,First,16.7,1261,4,230471.28
Maruti,2015,Petrol,Manual,138369,Second,22.3,1013,11,56865.38
Hyundai,2008,Petrol,Automatic,210101,First,22.8,1062,18,35000.0
Tata,2019,Petrol,Automatic,84937,Second,18.5,1371,7,135416.25
Maruti,2025,Petrol,Manual,20259,Second,16.8,1386,1,311166.41
BMW,2013,Petrol,Automatic,162991,First,24.2,761,13,315186.51
Maruti,2005,Petrol,Automatic,269233,First,23.1,1679,21,35000.0
Mahindra,2018,Petrol,Automatic,92360,First,22.4,1710,8,213687.02
Kia,2022,Petrol,Manual,56717,Second,18.4,2114,4,338015.63
Maruti,2012,Petrol,Manual,166075,First,17.0,742,14,35000.0
Hyundai,2011,Petrol,Manual,179315,First,14.9,1303,15,35692.41
Kia,2008,Petrol,Manual,235368,First,17.4,1202,18,35000.0
Ford,2025,Petrol,Manual,4120,First,11.0,1137,1,459575.59
Tata,2024,Diesel,Automatic,39061,First,17.6,1322,2,448718.72
Mahindra,2008,CNG,Manual,220267,First,19.7,1233,18,35000.0
Jeep,2016,Diesel,Manual,121246,First,15.6,817,10,218877.46
Tata,2016,Petrol,Manual,120158,First,18.6,1381,10,91970.34
Kia,2020,Diesel,Manual,70845,First,21.0,674,6,228201.17
Hyundai,2013,Petrol,Manual,153913,First,19.2,847,13,45059.61
Hyundai,2020,Petrol,Automatic,68659,First,16.3,1398,6,226453.19
Maruti,2023,Electric,Manual,26073,Second,12.4,1363,3,280168.18
Honda,2025,Diesel,Automatic,12227,First,19.2,1225,1,575229.03
Hyundai,2014,Petrol,Manual,135021,Third,18.9,1293,12,50665.13
Mercedes,2008,Diesel,Manual,238584,Third,13.1,1115,18,148147.09
Mercedes,2021,Petrol,Automatic,58368,First,23.0,600,5,2015537.19
Maruti,2016,Diesel,Manual,111528,First,17.8,1236,10,89848.28
Hyundai,2007,Petrol,Manual,248888,First,24.6,600,19,35000.0
Skoda,2006,Petrol,Manual,244417,First,13.4,1716,20,35000.0
Toyota,2022,Petrol,Manual,65151,Fourth,15.3,600,4,190240.46
Tata,2018,Petrol,Manual,97503,Test Drive,14.4,1868,8,135981.41
Hyundai,2010,Petrol,Manual,197845,First,16.4,856,16,35000.0
Volkswagen,2024,Petrol,Automatic,27107,First,23.6,1026,2,635134.05
Maruti,2010,Diesel,Automatic,193347,First,18.1,1494,16,35000.0
Honda,2017,Petrol,Manual,118241,First,13.3,1457,9,117993.91
Honda,2020,Diesel,Manual,74303,First,19.6,1375,6,268724.01
Kia,2025,LPG,Manual,13136,Fourth,18.2,1336,1,302473.21
Hyundai,2014,Petrol,Manual,144864,First,20.3,1225,12,54398.19
Toyota,2011,Petrol,Automatic,168812,First,22.2,1279,15,54388.71
Maruti,2022,Petrol,Automatic,44118,Second,10.6,1745,4,217907.96
Ford,2016,Diesel,Automatic,121071,First,15.7,1116,10,102347.32
Tata,2025,Petrol,Manual,11272,Second,21.6,718,1,361931.45
Maruti,2024,Diesel,Automatic,14265,First,23.3,1622,2,410596.74
Hyundai,2020,Petrol,Manual,74395,Second,13.9,1472,6,147164.83
Audi,2009,Diesel,Manual,221932,Second,17.1,1492,17,182280.29
Kia,2023,Petrol,Manual,21639,First,16.9,1750,3,464678.97
Honda,2009,Petrol,Manual,198966,Second,14.0,1341,17,35000.0
Maruti,2018,Petrol,Automatic,96686,Second,22.3,1344,8,110223.16
Tata,2020,Diesel,Manual,64532,First,15.0,1156,6,213514.79
Nissan,2020,Diesel,Manual,73164,Second,18.4,1487,6,171402.11
Tata,2010,Petrol,Manual,201855,First,16.3,1632,16,35000.0
Mahindra,2009,Diesel,Manual,197011,First,17.7,1107,17,39700.62
Maruti,2012,Petrol,Manual,168192,First,17.3,999,14,35000.0
Maruti,2012,Diesel,Manual,178720,First,10.7,1745,14,35000.0
Maruti,2011,Petrol,Manual,194849,Test Drive,17.1,1417,15,35000.0
Hyundai,2020,Petrol,Manual,69115,Fourth,25.4,1070,6,132874.24
Mahindra,2018,Diesel,Manual,90270,First,21.6,1321,8,210977.92
Mahindra,2024,Diesel,Manual,37553,Second,13.1,1364,2,415810.82
Honda,2024,Diesel,Automatic,18638,Third,14.7,1305,2,418364.91
Kia,2008,Diesel,Manual,216101,First,20.6,1495,18,35212.47
Tata,2011,Petrol,Manual,185546,Test Drive,19.2,1365,15,38989.28
Nissan,2021,Petrol,Manual,70367,First,15.1,811,5,201465.73
Toyota,2017,Petrol,Manual,111781,First,16.2,815,9,134334.35
Tata,2017,Petrol,Manual,109241,Third,19.5,1474,9,77972.74
Maruti,2012,Diesel,Manual,169199,Second,20.3,849,14,35000.0
Chevrolet,2013,Electric,Manual,150965,Second,14.3,1617,13,47369.68
Ford,2009,Petrol,Automatic,198815,First,18.7,1115,17,35000.0
Maruti,2014,Diesel,Manual,129296,Second,20.9,1029,12,51038.73
Maruti,2007,Petrol,Automatic,224843,First,18.4,1733,19,35000.0
Nissan,2009,Petrol,Automatic,203818,Second,18.8,1057,17,35000.0
Renault,2011,Diesel,Manual,170955,First,11.1,1179,15,35170.39
Hyundai,2009,Petrol,Manual,198680,First,18.7,1359,17,35000.0
Honda,2019,Petrol,Manual,82579,First,21.4,870,7,198210.1
Toyota,2025,LPG,Manual,727,First,19.9,1905,1,707868.3
Chevrolet,2019,Petrol,Automatic,85807,Third,12.9,994,7,87088.22
Maruti,2020,Petrol,Manual,77084,First,17.8,986,6,146192.36
Nissan,2023,Diesel,Manual,35256,First,15.3,829,3,330631.64
Toyota,2023,Petrol,Manual,38369,First,17.3,965,3,450158.3
Ford,2020,Petrol,Manual,78240,First,19.3,879,6,179556.1
Maruti,2013,Diesel,Manual,150619,Second,20.0,1391,13,40146.0
Hyundai,2021,Diesel,Manual,59804,First,21.6,1320,5,292185.17
Tata,2010,LPG,Manual,189863,First,18.6,1900,16,35000.0
Nissan,2019,LPG,Manual,82235,Second,20.2,1236,7,120738.93
Honda,2024,Diesel,Manual,23073,First,17.0,1389,2,536156.99
Mercedes,2025,CNG,Manual,12743,Second,22.3,1450,1,2840561.88
Maruti,2024,Petrol,Automatic,23813,First,6.2,1887,2,342175.16
Nissan,2010,Petrol,Manual,186103,First,15.3,1485,16,35000.0
Renault,2008,Petrol,Manual,216837,Fourth,19.7,1069,18,35000.0
Tata,2026,Diesel,Automatic,9635,First,12.2,1326,0,614622.07
Ford,2014,Petrol,Automatic,141973,First,19.6,1852,12,78904.21
Skoda,2008,Petrol,Manual,225617,First,23.5,1460,18,47708.59
Nissan,2006,Petrol,Manual,246755,Third,23.7,919,20,35000.0
Maruti,2023,Diesel,Manual,29471,First,17.1,2323,3,394008.79
Renault,2015,Electric,Manual,134207,Third,12.6,939,11,55349.49
Tata,2022,Petrol,Manual,45203,Third,21.5,1273,4,223813.24
Hyundai,2016,Diesel,Automatic,135419,First,11.2,1900,10,108610.72
Maruti,2018,Petrol,Manual,100800,Second,25.5,989,8,110669.35
Hyundai,2012,Petrol,Automatic,164678,First,16.9,923,14,47454.62
Tata,2012,Petrol,Manual,168585,First,15.2,1343,14,38439.96
Hyundai,2023,CNG,Manual,41414,First,14.1,967,3,262697.63
Mahindra,2016,Diesel,Automatic,117704,First,26.9,1121,10,152351.19
Maruti,2012,Diesel,Automatic,171713,First,16.2,1097,14,44145.18
Maruti,2013,Diesel,Manual,166808,First,16.5,1445,13,43125.13
Hyundai,2021,Petrol,Manual,53445,First,18.1,1264,5,224196.84
Mercedes,2015,Petrol,Manual,129359,Second,10.5,1170,11,482867.95
Tata,2009,Diesel,Manual,216995,First,26.3,1357,17,38940.22
Maruti,2014,Diesel,Manual,162496,First,16.9,999,12,43871.7
Maruti,2016,Petrol,Manual,133769,First,20.8,1322,10,82608.61
Maruti,2007,Petrol,Manual,225723,Second,12.1,778,19,35000.0
MG,2016,Petrol,Automatic,117079,Fourth,11.7,1749,10,115915.36
Maruti,2015,Petrol,Automatic,132862,First,16.6,663,11,61275.41
Tata,2023,Diesel,Manual,47271,Fourth,13.4,1552,3,196729.07
Volkswagen,2013,Diesel,Manual,151834,Second,19.3,1460,13,79933.97
Maruti,2020,Petrol,Automatic,83767,Second,16.0,1552,6,144966.11
Mahindra,2024,Petrol,Automatic,24599,First,27.9,1172,2,566048.15
Ford,2025,Diesel,Manual,8378,First,14.9,1464,1,514170.21
Maruti,2015,Petrol,Manual,119633,Second,30.1,1817,11,77138.71
Skoda,2019,Petrol,Manual,94609,First,21.4,960,7,225026.67
Chevrolet,2007,Petrol,Manual,231127,First,19.0,1071,19,35000.0
Hyundai,2023,Diesel,Manual,38183,First,21.1,657,3,336460.5
Maruti,2018,LPG,Manual,90018,First,20.8,1058,8,96998.53
Maruti,2020,Petrol,Manual,75925,Fourth,18.7,734,6,93946.98
Volkswagen,2021,Petrol,Manual,69321,Third,16.8,1662,5,233000.56
Maruti,2006,Petrol,Automatic,234869,First,17.8,1033,20,35000.0
Toyota,2005,Petrol,Automatic,267227,First,19.6,1282,21,35000.0
Tata,2025,Petrol,Automatic,4342,First,14.6,1747,1,599685.46
Hyundai,2012,Petrol,Manual,168414,First,19.9,998,14,39150.72
Honda,2019,Petrol,Automatic,84918,Third,16.9,1090,7,153110.52
Tata,2013,Petrol,Manual,154483,First,17.3,1188,13,45895.78
Renault,2022,Petrol,Manual,53800,Second,15.2,979,4,173990.93
Tata,2012,Diesel,Manual,149056,Second,16.5,1708,14,42640.09
Tata,2005,Diesel,Manual,247339,Second,16.1,600,21,35000.0
Maruti,2008,Diesel,Manual,215766,First,13.2,600,18,35000.0
Hyundai,2019,Electric,Manual,81852,Third,17.7,1225,7,145845.75
Hyundai,2025,Diesel,Manual,15785,First,16.2,1153,1,463717.0
Maruti,2023,Petrol,Manual,34820,First,20.8,1066,3,265455.5
Hyundai,2009,Diesel,Automatic,210843,First,20.2,1445,17,35000.0
Hyundai,2012,Petrol,Manual,155673,Test Drive,22.8,1429,14,49478.53
Jeep,2017,Diesel,Automatic,109601,Second,16.6,1841,9,275785.5
Hyundai,2022,Petrol,Manual,44114,Second,19.3,1830,4,268534.55
Mahindra,2014,Petrol,Automatic,142344,First,17.2,1491,12,99524.44
Maruti,2018,Petrol,Manual,101419,First,18.5,1549,8,106358.59
Maruti,2022,Diesel,Automatic,38009,Second,16.3,1313,4,239497.45
Tata,2020,Petrol,Manual,90303,First,17.6,890,6,149072.42
Maruti,2010,Petrol,Manual,188675,First,20.6,1627,16,35000.0
Mahindra,2025,Diesel,Automatic,26384,Second,23.2,1022,1,594732.86
Maruti,2020,Petrol,Manual,71108,First,21.1,717,6,153958.24
Hyundai,2024,Petrol,Manual,25769,Second,17.1,1429,2,318097.09
Nissan,2013,CNG,Manual,154068,Second,25.5,1277,13,37242.25
Hyundai,2020,Diesel,Manual,67273,First,23.6,932,6,218657.59
Kia,2005,Diesel,Manual,254773,First,16.9,1389,21,35000.0
Hyundai,2005,Petrol,Manual,258506,Second,11.6,1508,21,35000.0
Maruti,2009,Petrol,Automatic,208311,First,16.2,899,17,35000.0
Kia,2025,Petrol,Manual,16380,First,24.5,1364,1,602328.57
Honda,2013,Electric,Manual,167179,First,11.8,1493,13,76067.57
Ford,2017,Petrol,Manual,111306,First,7.2,1194,9,100555.67
Honda,2023,Diesel,Manual,27528,First,17.9,1318,3,469387.27
Honda,2017,Petrol,Manual,111816,First,18.5,1473,9,123176.09
Toyota,2018,Petrol,Manual,93696,Second,14.3,1677,8,158840.26
Renault,2016,Petrol,Manual,114121,Second,18.1,1581,10,77947.13
Toyota,2008,Diesel,Automatic,210357,Fourth,20.3,1223,18,35000.0
Honda,2018,Petrol,Manual,108581,First,22.0,1401,8,152494.95
Honda,2024,Diesel,Manual,26887,First,16.8,949,2,451590.49
Hyundai,2019,Petrol,Manual,84855,Second,20.7,1179,7,149863.47
Honda,2017,Petrol,Automatic,102455,First,13.1,716,9,128693.02
Honda,2026,Diesel,Automatic,9235,First,17.5,1661,0,920823.84
Maruti,2017,Diesel,Manual,104367,Second,21.4,1372,9,103007.98
Toyota,2008,CNG,Manual,203952,Third,23.9,1560,18,35000.0
Maruti,2021,Diesel,Automatic,49771,First,17.2,1372,5,261491.81
Maruti,2011,CNG,Manual,167955,First,24.2,809,15,35000.0
Maruti,2026,Diesel,Manual,21153,Second,18.9,1137,0,387944.51
Kia,2007,Petrol,Automatic,230826,Second,13.8,1562,19,35000.0
Audi,2012,Petrol,Manual,163628,First,18.6,1228,14,268525.86
Toyota,2009,Diesel,Manual,199048,First,18.7,2188,17,56500.5
BMW,2022,Petrol,Manual,54292,Second,15.8,798,4,1229122.5
Mahindra,2018,Electric,Manual,98956,First,21.3,600,8,189587.85
Kia,2005,Petrol,Manual,250686,Test Drive,15.6,615,21,35000.0
Skoda,2010,Petrol,Manual,183773,Second,18.9,1569,16,42606.39
Audi,2026,LPG,Manual,2600,Second,17.7,1361,0,2412454.52
Maruti,2006,Diesel,Manual,255440,First,18.9,1662,20,35000.0
Maruti,2007,Petrol,Automatic,219576,First,18.3,1672,19,35000.0
Chevrolet,2011,Diesel,Manual,185055,Second,15.2,1128,15,35000.0
Hyundai,2015,Diesel,Automatic,141589,Second,17.9,1022,11,63210.62
Maruti,2011,Electric,Manual,172310,First,17.0,876,15,36861.5
Maruti,2017,Diesel,Manual,109392,First,13.9,1333,9,101695.8
Maruti,2017,Petrol,Manual,115296,First,20.2,1731,9,84092.37
Maruti,2020,CNG,Manual,73570,First,9.2,1433,6,124832.77
Toyota,2025,Petrol,Manual,5376,Second,17.4,1480,1,592389.76
Mahindra,2025,Petrol,Manual,13913,First,10.0,952,1,448143.14
Toyota,2022,Petrol,Automatic,42753,Second,19.5,1281,4,438233.06
Skoda,2019,Petrol,Manual,83218,Fourth,14.9,930,7,134868.33
Renault,2023,CNG,Automatic,42997,First,21.2,1775,3,317443.47
Kia,2017,Petrol,Manual,111638,Third,15.7,1614,9,106352.73
Toyota,2009,Petrol,Manual,215967,Second,19.7,1308,17,38995.73
Honda,2016,Electric,Manual,122048,Second,18.1,2057,10,126998.98
Mercedes,2011,Diesel,Manual,184620,Test Drive,18.4,942,15,341669.2
Tata,2008,Petrol,Manual,221628,Second,15.7,1345,18,35000.0
Hyundai,2018,Petrol,Manual,106180,First,14.6,1182,8,115706.6
Tata,2018,Diesel,Manual,98563,First,13.8,1752,8,151361.47
Ford,2025,Diesel,Manual,11793,Fourth,20.2,1365,1,315083.84
Lexus,2020,CNG,Manual,75853,Third,16.6,1658,6,862810.66
Honda,2006,Petrol,Manual,230101,First,20.9,1096,20,35000.0
Honda,2005,Petrol,Manual,234054,First,19.8,600,21,35000.0
Maruti,2013,Petrol,Automatic,152350,First,8.5,1272,13,48493.17
Maruti,2021,Diesel,Automatic,59315,First,28.5,1118,5,286872.19
Toyota,2023,Petrol,Manual,44144,Second,18.6,1418,3,363909.31
Toyota,2014,CNG,Automatic,140726,First,15.6,1215,12,89321.93
Hyundai,2009,Petrol,Manual,204235,First,21.6,610,17,35000.0
Ford,2020,Petrol,Automatic,71010,Third,22.3,1405,6,175408.28
Honda,2015,Petrol,Manual,120528,First,16.1,1262,11,90374.0
Nissan,2012,Petrol,Manual,178955,First,13.6,1385,14,35000.0
Maruti,2025,Diesel,Manual,5770,Second,14.7,1312,1,355696.19
Toyota,2026,Electric,Manual,8785,First,19.8,1732,0,1242759.64
Audi,2025,Diesel,Manual,10503,Second,21.7,1634,1,3725961.57
Kia,2017,Diesel,Manual,104845,Second,13.6,1584,9,122597.2
Maruti,2024,Petrol,Automatic,25565,Second,21.6,1597,2,343676.49
Hyundai,2025,Petrol,Automatic,6099,First,22.6,1304,1,546480.6
Mercedes,2017,Petrol,Manual,102489,First,15.3,1364,9,856747.72
Toyota,2026,Petrol,Automatic,20905,First,11.9,1421,0,899260.55
Hyundai,2007,Diesel,Automatic,219681,First,10.5,1246,19,35000.0
Maruti,2022,Diesel,Manual,56153,First,19.6,1165,4,211657.5
Toyota,2010,Diesel,Manual,194495,First,26.5,1837,16,59635.93
Chevrolet,2017,Diesel,Automatic,113916,First,11.2,1460,9,98314.2
Honda,2018,Petrol,Automatic,95531,Second,16.2,711,8,140127.6
Renault,2011,Diesel,Automatic,182301,First,14.1,801,15,35000.0
Ford,2019,Petrol,Automatic,86739,First,22.3,1655,7,187084.42
BMW,2025,Petrol,Automatic,8051,Fourth,19.7,1516,1,2315051.04
Chevrolet,2017,Petrol,Manual,107821,First,13.9,1952,9,91060.18
Hyundai,2023,Diesel,Manual,18793,First,23.0,1327,3,423523.7
Renault,2015,Diesel,Manual,137371,Second,18.8,1257,11,68551.77
Toyota,2020,Diesel,Manual,75051,First,17.9,1780,6,339586.75
Maruti,2006,Petrol,Manual,244321,First,16.2,1454,20,35000.0
Honda,2006,Diesel,Manual,237856,Third,24.0,1572,20,35000.0
Volvo,2016,Petrol,Automatic,121392,First,25.7,1684,10,597970.44
Tata,2023,Petrol,Manual,51057,First,19.0,1022,3,284273.87
Toyota,2008,Petrol,Manual,219129,Second,14.0,719,18,35000.0
Hyundai,2011,CNG,Automatic,187976,Third,28.7,2385,15,35000.0
MG,2005,Diesel,Manual,249838,First,15.2,1109,21,35000.0
Honda,2010,CNG,Manual,190409,Second,22.5,978,16,35000.0
Honda,2022,Diesel,Automatic,42977,Second,23.9,600,4,376473.39
Maruti,2022,Petrol,Manual,41519,Second,17.1,1940,4,215679.11
Mahindra,2016,Petrol,Manual,115711,First,24.2,1364,10,112501.47
Mercedes,2017,Diesel,Manual,105596,Third,15.8,1550,9,643821.17
Skoda,2012,CNG,Automatic,171979,Second,12.7,1515,14,56962.76
Tata,2020,CNG,Automatic,71120,Second,21.6,1322,6,158283.31
Maruti,2026,Diesel,Manual,13375,First,15.2,1479,0,477840.5
Mahindra,2009,Diesel,Manual,215332,First,23.6,1502,17,43062.48
MG,2021,Petrol,Automatic,66960,First,21.7,1194,5,473501.59
Hyundai,2005,Petrol,Automatic,251542,Second,17.4,1011,21,35000.0
BMW,2025,Petrol,Manual,13329,Second,17.9,1125,1,2798833.79
Maruti,2010,CNG,Automatic,212728,First,14.2,1087,16,35000.0
Mahindra,2015,Petrol,Manual,134893,Second,23.6,1278,11,89794.69
Kia,2009,Diesel,Automatic,207952,Test Drive,21.0,1646,17,55120.15
Mahindra,2019,Petrol,Manual,82995,Second,19.6,1571,7,173922.45
Honda,2014,Petrol,Automatic,132514,First,18.6,1266,12,99122.5
Maruti,2007,Electric,Manual,226078,Second,14.6,1137,19,35000.0
MG,2017,Petrol,Manual,111394,First,16.8,936,9,162690.32
Maruti,2011,Diesel,Manual,176987,First,19.6,616,15,35000.0
Toyota,2018,Diesel,Manual,106234,First,19.0,803,8,226878.74
Maruti,2019,Petrol,Manual,89089,First,23.2,1164,7,126902.78
Hyundai,2005,Petrol,Manual,251099,First,18.4,1236,21,35000.0
Audi,2010,Diesel,Manual,198119,First,19.8,1152,16,262220.41
Maruti,2005,Petrol,Manual,259683,First,21.3,1261,21,35000.0
Kia,2009,LPG,Automatic,211974,Second,15.3,2167,17,35000.0
Toyota,2025,Petrol,Manual,500,Third,13.8,1489,1,440026.29
Maruti,2026,Diesel,Manual,500,First,19.9,1017,0,473342.61
Toyota,2006,CNG,Automatic,242939,First,18.3,1118,20,35000.0
Maruti,2019,CNG,Automatic,83141,Third,21.0,1317,7,104706.0
Ford,2011,Petrol,Manual,182471,First,16.5,702,15,35000.0
Renault,2019,Petrol,Automatic,81350,Second,14.2,805,7,107038.19
Maruti,2014,Petrol,Manual,136104,Second,20.1,1634,12,49291.77
Maruti,2026,Petrol,Manual,23598,First,9.4,1147,0,368936.55
Maruti,2022,Diesel,Manual,43527,Second,12.1,913,4,196927.59
Kia,2014,Diesel,Automatic,147185,First,16.7,1117,12,104223.64
Mahindra,2006,Diesel,Manual,243217,First,15.8,1266,20,35000.0
Hyundai,2024,Petrol,Manual,27596,First,16.5,1065,2,386441.11
Mercedes,2025,Petrol,Manual,7583,Second,24.1,1410,1,3393345.58
Ford,2013,Diesel,Manual,159098,First,8.0,1244,13,48181.81
Hyundai,2008,Diesel,Automatic,208196,First,19.1,600,18,35000.0
Toyota,2025,Diesel,Manual,18713,Second,18.1,1224,1,660255.31
Jeep,2024,Diesel,Manual,31337,Second,16.7,1730,2,765835.16
Hyundai,2011,Petrol,Automatic,180267,Fourth,16.1,1253,15,35000.0
Maruti,2011,Petrol,Manual,182745,Second,15.3,1856,15,35000.0
MG,2017,Diesel,Automatic,115876,Fourth,18.1,1537,9,147669.05
Tata,2025,Petrol,Manual,5769,First,15.3,1198,1,412598.63
Mahindra,2020,Petrol,Automatic,70525,First,18.7,921,6,250190.17
Volkswagen,2019,Diesel,Manual,83013,Second,19.0,1859,7,204724.25
Hyundai,2025,Petrol,Manual,8881,First,23.2,1679,1,518264.55
Volkswagen,2010,Petrol,Manual,185448,Second,20.1,985,16,35984.76
Mahindra,2007,CNG,Automatic,225122,Second,17.3,1459,19,35000.0
Hyundai,2014,Petrol,Automatic,155686,Second,14.8,907,12,52095.44
Audi,2022,Petrol,Automatic,47102,Fourth,23.1,1186,4,1429923.31
BMW,2010,Petrol,Manual,196667,Second,19.6,1671,16,185219.85
MG,2012,Electric,Manual,170229,Second,12.3,1021,14,76005.98
Maruti,2021,Diesel,Automatic,57476,First,26.2,1234,5,245779.44
Kia,2023,Diesel,Manual,37109,Second,14.8,1114,3,327963.41
Kia,2019,Diesel,Manual,90338,First,10.8,679,7,172525.74
Volvo,2026,Petrol,Manual,2019,Second,19.4,1231,0,2375169.99
Toyota,2012,Petrol,Automatic,189504,First,16.5,1547,14,75772.21
Toyota,2017,Petrol,Manual,108362,Second,17.5,1787,9,156063.27
Honda,2025,CNG,Manual,14302,Second,22.5,1369,1,496109.33
Renault,2011,Diesel,Automatic,192250,First,13.6,1410,15,41238.68
Mahindra,2009,Diesel,Manual,200001,First,13.7,1702,17,41355.74
Ford,2026,Diesel,Automatic,15762,First,15.8,1141,0,573005.38
Maruti,2008,Petrol,Automatic,203815,First,26.4,1413,18,35000.0
Tata,2014,LPG,Manual,129206,Second,17.2,903,12,41378.67
Hyundai,2007,Diesel,Manual,221254,First,12.4,1251,19,35000.0
Tata,2018,Diesel,Manual,88581,First,18.5,962,8,142470.89
Honda,2025,CNG,Automatic,10578,Second,17.4,1466,1,525449.89
Honda,2024,Diesel,Manual,30668,First,18.5,947,2,519218.73
Hyundai,2016,Diesel,Manual,128458,First,20.7,1363,10,101631.81
Tata,2023,Diesel,Automatic,38314,First,21.2,1255,3,450001.4
Tata,2018,Diesel,Automatic,104737,Third,18.4,1346,8,100676.46
Maruti,2008,Diesel,Manual,210019,Second,14.7,1963,18,35000.0
Tata,2023,Petrol,Manual,30608,First,17.7,1933,3,349511.37
Maruti,2014,Diesel,Automatic,131043,First,20.8,928,12,68741.69
Kia,2014,Petrol,Automatic,148485,Third,23.7,1226,12,69353.05
Tata,2019,Petrol,Automatic,93101,First,23.4,1092,7,167336.72
Maruti,2024,Petrol,Manual,28365,Second,15.8,1847,2,257203.23
Hyundai,2014,Diesel,Automatic,140574,Second,14.1,750,12,70470.02
Hyundai,2008,Petrol,Manual,208147,First,22.0,1462,18,35000.0
Maruti,2017,Petrol,Manual,103114,First,15.1,1665,9,101703.04
Honda,2014,Diesel,Automatic,135778,First,17.4,1331,12,97469.28
Maruti,2007,Diesel,Manual,235151,Second,24.3,1765,19,35000.0
Honda,2007,Petrol,Automatic,243362,First,14.1,1495,19,35000.0
BMW,2026,Petrol,Manual,13648,First,18.6,1982,0,3659246.66
Mahindra,2013,Petrol,Manual,156510,Second,15.7,1954,13,57224.31
Hyundai,2014,Petrol,Manual,143438,Second,22.7,1520,12,60650.36
Toyota,2022,Diesel,Manual,51380,First,12.9,1669,4,494511.52
Kia,2016,Petrol,Manual,125183,Second,19.1,1651,10,107189.88
Maruti,2005,Diesel,Manual,266357,First,25.8,1592,21,35000.0
Ford,2007,Petrol,Automatic,231075,First,14.5,1296,19,35000.0
Hyundai,2015,Petrol,Manual,133964,Fourth,22.0,1416,11,46640.1
Skoda,2013,Diesel,Automatic,152486,First,12.2,1772,13,90252.03
Kia,2026,Diesel,Manual,17714,Second,18.4,1644,0,632204.97
Audi,2007,Petrol,Automatic,230731,Third,19.7,1499,19,135884.09
Kia,2012,Diesel,Manual,173285,First,23.7,1917,14,70074.02
Skoda,2017,Petrol,Manual,104554,Fourth,21.1,1385,9,111964.07
BMW,2015,Diesel,Manual,131049,Third,25.4,1209,11,354979.14
Audi,2007,Diesel,Manual,243504,Second,18.2,691,19,133480.02
Tata,2024,CNG,Manual,16661,First,24.1,1274,2,327729.55
Maruti,2019,Diesel,Manual,92693,Second,19.0,1467,7,127191.13
Maruti,2013,Petrol,Manual,167316,Fourth,13.1,1227,13,35000.0
Audi,2021,Diesel,Automatic,68355,Third,21.2,857,5,1441839.53
Maruti,2024,Petrol,Manual,29468,Second,18.8,977,2,254816.76
Kia,2025,Diesel,Manual,500,Second,23.4,1305,1,574029.8
Honda,2008,Petrol,Manual,222909,Second,21.4,1368,18,35000.0
Maruti,2008,Petrol,Manual,218985,First,19.5,2141,18,35000.0
Mahindra,2016,Diesel,Manual,118180,Second,9.4,1414,10,94451.47
Mahindra,2010,Petrol,Manual,183815,Third,24.2,669,16,35000.0
Maruti,2015,Petrol,Manual,121922,Third,16.2,1340,11,50939.75
Maruti,2011,Petrol,Manual,182745,Third,14.6,1626,15,35000.0
Maruti,2022,Diesel,Manual,43545,Second,13.7,1161,4,219087.96
Chevrolet,2019,Petrol,Manual,76585,First,15.3,1037,7,128970.31
Maruti,2006,Electric,Automatic,252730,First,17.1,1465,20,35000.0
Mahindra,2009,Petrol,Manual,185119,Second,18.3,1051,17,35000.0
Mahindra,2008,Petrol,Manual,212798,First,17.7,883,18,35000.0
Kia,2025,Petrol,Manual,19658,First,20.8,1112,1,603620.69
MG,2010,Petrol,Manual,181462,Second,16.8,1811,16,45436.3
Hyundai,2026,Diesel,Automatic,20674,Fourth,17.4,2167,0,405659.12
Honda,2011,Diesel,Automatic,176706,First,16.4,977,15,48282.2
Volkswagen,2013,Petrol,Manual,156524,Second,15.5,1206,13,54768.45
Maruti,2021,Petrol,Manual,65634,Second,18.0,1380,5,159142.26
Hyundai,2021,Petrol,Automatic,59126,Second,18.1,1280,5,221843.04
Kia,2021,Diesel,Manual,65331,Second,10.4,1590,5,233293.34
Chevrolet,2015,Electric,Automatic,137837,First,14.3,1281,11,78291.13
Audi,2024,Petrol,Manual,9317,First,22.2,1086,2,2991844.14
Hyundai,2009,Petrol,Manual,202142,First,12.1,1807,17,35000.0
Maruti,2025,Petrol,Automatic,2792,First,22.5,1267,1,448790.54
Skoda,2019,Electric,Automatic,85731,First,14.8,1637,7,392792.29
Nissan,2024,Petrol,Automatic,13504,First,23.3,1895,2,510894.33
Kia,2019,Petrol,Manual,81475,First,20.0,1127,7,237389.61
Hyundai,2009,Diesel,Manual,202438,Third,17.1,1633,17,35000.0
Honda,2013,Petrol,Manual,159886,Second,13.7,876,13,41304.72
Mahindra,2021,Petrol,Manual,52083,Third,16.6,1109,5,225144.01
Hyundai,2014,Diesel,Manual,134191,Second,17.7,1906,12,63536.63
Kia,2023,Diesel,Manual,32400,Fourth,16.4,1220,3,244327.7
Toyota,2006,Petrol,Manual,233741,First,19.4,767,20,35000.0
Honda,2014,Petrol,Manual,139057,Second,23.5,1944,12,72064.79
Kia,2005,CNG,Automatic,247501,Second,19.7,1297,21,35000.0
Chevrolet,2020,Petrol,Automatic,77999,First,19.8,1444,6,179111.79
Kia,2005,Petrol,Manual,260857,First,24.6,600,21,35000.0
Hyundai,2023,CNG,Manual,37677,First,12.5,1263,3,288308.6
Hyundai,2018,Petrol,Manual,92865,Second,18.8,614,8,101082.17
Honda,2011,Petrol,Automatic,185625,Second,29.4,1808,15,52612.58
Toyota,2022,Petrol,Manual,56755,Second,15.7,1367,4,333346.83
Honda,2023,CNG,Automatic,37560,First,16.2,1533,3,441857.39
Skoda,2018,Petrol,Manual,88739,First,23.1,1574,8,251551.52
Ford,2009,Petrol,Automatic,202679,First,12.6,1652,17,35000.0
Hyundai,2017,CNG,Manual,95692,First,15.7,989,9,84979.78
Toyota,2019,Diesel,Manual,88857,Second,16.2,1032,7,206430.04
Maruti,2008,Petrol,Manual,211567,First,17.7,1216,18,35000.0
Hyundai,2007,Diesel,Manual,240749,First,14.7,739,19,35000.0
Maruti,2017,Petrol,Manual,110683,First,11.8,1553,9,88656.97
Honda,2023,Petrol,Manual,34855,Second,11.5,1527,3,353493.96
Chevrolet,2015,Electric,Manual,128455,Second,20.6,1672,11,77365.18
Maruti,2014,Diesel,Automatic,139057,First,17.4,1036,12,59364.13
Hyundai,2017,Petrol,Manual,107690,First,17.6,1077,9,114586.31
Skoda,2021,Petrol,Manual,64843,Fourth,14.6,1613,5,211141.28
Maruti,2018,Petrol,Manual,106599,Fourth,18.1,1122,8,59607.63
Skoda,2016,Petrol,Manual,107059,First,14.2,1563,10,147333.43
Mahindra,2023,Diesel,Manual,26852,Third,21.8,1717,3,425686.36
Kia,2019,Diesel,Automatic,96984,Second,23.5,1217,7,202004.36
Maruti,2019,Electric,Manual,84587,Second,19.6,1519,7,147929.65
Tata,2010,Petrol,Manual,176714,First,15.7,1640,16,35000.0
Maruti,2017,Petrol,Automatic,107723,First,15.7,2152,9,114648.56
Maruti,2011,Petrol,Manual,182875,Second,17.0,801,15,35000.0
Maruti,2017,Petrol,Manual,96371,First,14.6,1200,9,90450.58
Tata,2017,Petrol,Manual,98782,Second,22.6,1742,9,108812.2
Kia,2009,Petrol,Automatic,211138,First,23.8,1044,17,43732.06
Tata,2013,Petrol,Automatic,157693,Second,21.0,1727,13,48427.23
Honda,2007,Petrol,Manual,231834,First,17.4,1296,19,35000.0
Mahindra,2005,Petrol,Manual,267068,Second,13.4,1527,21,35000.0
Hyundai,2009,Diesel,Automatic,199274,Fourth,16.7,1194,17,35000.0
Skoda,2022,Diesel,Automatic,57654,First,17.2,1164,4,491340.35
Tata,2010,Petrol,Automatic,174282,First,22.7,1238,16,38706.78
Maruti,2008,Diesel,Manual,208309,First,13.3,1264,18,35000.0
Maruti,2024,Petrol,Automatic,23455,Third,19.1,1324,2,247745.61
Maruti,2008,CNG,Automatic,225892,First,17.8,1775,18,35000.0
MG,2017,Petrol,Automatic,112434,First,12.4,1971,9,201443.87
Maruti,2011,Diesel,Manual,200468,Second,16.5,800,15,35000.0
Chevrolet,2011,Petrol,Manual,200792,Third,20.0,1249,15,35000.0
Ford,2010,Diesel,Automatic,187579,First,9.5,891,16,36921.27
Tata,2019,Diesel,Manual,78656,First,20.3,1163,7,173276.65
Skoda,2021,Petrol,Manual,58676,First,16.1,1859,5,389275.16
Hyundai,2010,Electric,Manual,192919,First,19.4,1280,16,46402.33
Toyota,2011,Diesel,Automatic,185522,First,22.0,1656,15,79764.1
Maruti,2010,Diesel,Manual,189055,First,10.0,1781,16,35000.0
Maruti,2026,Electric,Manual,5716,First,13.5,1368,0,528952.17
Maruti,2024,Diesel,Manual,24187,Second,20.2,1811,2,310319.92
Toyota,2013,Electric,Automatic,150089,Second,19.5,1097,13,91523.04
Mahindra,2005,Petrol,Automatic,254766,First,24.4,1413,21,35000.0
Renault,2018,Diesel,Manual,102889,First,12.4,945,8,100918.33
Kia,2013,Petrol,Automatic,148074,First,12.9,1386,13,83429.74
Maruti,2020,CNG,Automatic,75403,Second,15.7,1459,6,125752.65
Nissan,2006,Petrol,Manual,230334,Test Drive,15.3,1239,20,35000.0
Toyota,2012,Electric,Automatic,159859,Second,11.4,870,14,61292.14
Kia,2007,Electric,Manual,243661,First,21.1,1238,19,39586.01
Hyundai,2013,Electric,Manual,151720,Second,16.6,1412,13,53324.25
Mahindra,2026,Petrol,Manual,17549,First,22.2,1648,0,761126.08
Maruti,2022,Electric,Manual,47290,First,14.4,1208,4,276356.55
BMW,2007,Petrol,Manual,226919,First,14.6,859,19,120755.61
BMW,2008,Petrol,Manual,215961,First,22.1,1814,18,182534.39
Hyundai,2017,Electric,Manual,92890,Second,17.1,1418,9,135334.07
Renault,2019,Petrol,Manual,69960,Second,21.4,1460,7,137182.41
Maruti,2009,Petrol,Manual,198977,Fourth,17.9,1126,17,35000.0
Renault,2018,Petrol,Manual,96076,Second,12.8,940,8,81397.38
Maruti,2022,Petrol,Automatic,39446,Second,15.5,907,4,221484.45
Kia,2011,Diesel,Manual,194987,First,11.5,1749,15,56712.48
Skoda,2014,Petrol,Manual,140893,Second,15.7,968,12,80659.64
Tata,2017,Diesel,Manual,98752,Third,13.3,1261,9,89393.26
Renault,2012,Petrol,Manual,163494,Second,21.3,1732,14,35000.0
Jeep,2006,Petrol,Manual,250411,First,13.8,1763,20,41832.47
Honda,2021,Petrol,Manual,54498,Fourth,23.4,1466,5,199821.24
Honda,2009,Petrol,Automatic,205910,First,18.9,1318,17,41368.63
Renault,2012,Petrol,Automatic,165070,Fourth,11.3,815,14,35000.0
Lexus,2026,Diesel,Manual,6516,Third,12.7,1606,0,2753400.64
Audi,2020,Petrol,Manual,65011,First,12.5,1618,6,1335456.22
Skoda,2010,Diesel,Manual,194413,First,17.1,1615,16,52417.27
MG,2017,Petrol,Automatic,123184,Third,19.5,1544,9,148402.39
Maruti,2020,Diesel,Manual,77966,First,19.7,1621,6,177846.15
Maruti,2017,Petrol,Manual,101668,First,14.0,1215,9,97743.9
Maruti,2005,Petrol,Manual,246591,Second,26.0,1343,21,35000.0
Hyundai,2020,Diesel,Manual,60982,First,16.6,1512,6,219692.31
Hyundai,2005,Petrol,Manual,261553,First,11.0,1063,21,35000.0
Honda,2015,Petrol,Manual,142200,Second,19.3,1624,11,79367.21
Skoda,2018,CNG,Manual,86488,First,11.4,1151,8,169451.99
Hyundai,2019,Petrol,Manual,91016,Second,17.6,1148,7,129693.4
Toyota,2025,Petrol,Automatic,17246,First,19.6,1841,1,925104.82
Hyundai,2011,LPG,Manual,174751,First,12.1,1834,15,35000.0
Maruti,2008,Petrol,Manual,220233,First,23.0,1302,18,35000.0
Toyota,2006,Petrol,Automatic,226742,Third,19.5,814,20,35000.0
Maruti,2023,Petrol,Manual,29193,Second,17.3,1078,3,235277.62
Maruti,2017,Petrol,Automatic,111512,Second,22.0,1147,9,85883.16
Nissan,2013,Diesel,Manual,159604,First,18.9,1661,13,51346.64
Chevrolet,2014,Petrol,Manual,146326,Test Drive,24.2,939,12,53871.91
Hyundai,2008,Petrol,Manual,213467,First,19.7,1947,18,35000.0
Tata,2016,Petrol,Manual,105489,First,18.1,878,10,89513.94
Renault,2025,Diesel,Manual,12534,First,20.3,1462,1,471934.44
Tata,2009,Petrol,Manual,204748,Test Drive,23.9,1477,17,35000.0
Audi,2023,Petrol,Manual,53334,Test Drive,12.9,850,3,1589116.68
Chevrolet,2007,CNG,Automatic,229477,First,21.1,1395,19,35000.0
Honda,2017,Diesel,Manual,119113,Second,22.9,1462,9,130128.51
Mahindra,2012,Diesel,Automatic,168963,First,13.0,1126,14,66312.63
Hyundai,2006,Diesel,Manual,254005,Second,9.4,2280,20,35000.0
Mahindra,2008,Petrol,Manual,209554,Fourth,22.7,756,18,35000.0
Hyundai,2011,Petrol,Automatic,170959,Second,17.3,1031,15,35000.0
Honda,2020,Petrol,Manual,77147,First,17.6,1126,6,243408.58
Honda,2011,Petrol,Automatic,185529,First,18.0,1277,15,49153.27
Toyota,2025,Electric,Automatic,17318,Second,12.5,890,1,620513.08
Ford,2026,Diesel,Manual,14677,First,16.3,798,0,624011.63
Maruti,2006,Diesel,Manual,250417,First,17.7,1949,20,35000.0
Volkswagen,2015,Diesel,Manual,129823,First,18.0,600,11,102912.9
Ford,2007,Petrol,Manual,222270,First,16.1,907,19,35000.0
Maruti,2012,Petrol,Manual,150572,Third,19.5,1334,14,35000.0
Tata,2026,Petrol,Manual,3273,Third,15.8,1396,0,365505.73
Tata,2025,Petrol,Manual,9556,First,17.6,1426,1,463141.79
BMW,2016,Petrol,Manual,108578,First,11.3,1916,10,535398.55
Toyota,2008,Petrol,Manual,214119,First,23.8,1549,18,39634.61
Toyota,2024,Petrol,Manual,9058,First,19.1,844,2,592906.76
Hyundai,2026,Diesel,Manual,8581,First,20.6,1437,0,628664.28
Toyota,2009,Diesel,Manual,206332,Fourth,15.8,778,17,35000.0
Toyota,2008,Petrol,Automatic,228889,Second,15.8,1674,18,36845.3
Hyundai,2012,Petrol,Manual,160774,Second,21.6,1103,14,39896.83
Renault,2007,Petrol,Automatic,227891,First,15.9,1164,19,35000.0
BMW,2019,Diesel,Manual,83925,First,17.0,1395,7,985490.05
Hyundai,2009,Petrol,Manual,210862,Second,19.0,1349,17,35000.0
Hyundai,2015,Petrol,Manual,132779,First,22.6,1731,11,93519.9
Hyundai,2024,Petrol,Automatic,13240,First,17.3,1262,2,515070.4
Toyota,2005,Petrol,Automatic,258448,Second,23.0,1127,21,35000.0
Mahindra,2021,Electric,Manual,43700,First,16.4,1774,5,424232.1
Maruti,2013,Diesel,Automatic,156451,Test Drive,24.4,1474,13,60359.06
Renault,2010,Petrol,Automatic,197842,First,21.1,600,16,35000.0
Maruti,2025,Diesel,Manual,21972,Second,19.8,600,1,306308.21
Audi,2012,Petrol,Automatic,157146,First,17.4,1143,14,308924.13
Maruti,2006,Diesel,Manual,244109,Second,21.0,1206,20,35000.0
Kia,2005,Petrol,Manual,237013,Test Drive,19.5,1207,21,35000.0
Hyundai,2026,Petrol,Manual,500,First,12.5,797,0,525526.88
Tata,2015,Petrol,Manual,123030,Second,20.1,1234,11,60279.85
Ford,2006,Petrol,Automatic,241761,First,14.5,1412,20,35000.0
Kia,2008,Petrol,Manual,202201,First,17.5,1203,18,35000.0
Maruti,2007,Electric,Manual,247804,Second,15.3,1325,19,35000.0
Renault,2022,Petrol,Manual,29596,First,15.7,1657,4,280801.37
Ford,2019,Petrol,Manual,84026,First,9.8,1597,7,149802.31
Maruti,2012,CNG,Manual,180600,First,16.3,975,14,35000.0
Mahindra,2021,Diesel,Automatic,49606,Second,15.8,1152,5,322117.7
Ford,2024,Petrol,Manual,20534,First,17.2,1174,2,384016.06
Maruti,2022,Petrol,Automatic,49668,Second,19.5,1688,4,221790.39
Tata,2017,Diesel,Manual,98542,First,21.9,2094,9,138580.79
Hyundai,2020,Diesel,Manual,70090,First,20.1,1519,6,231026.15
Toyota,2022,Petrol,Automatic,46339,First,19.0,1719,4,448379.81
Mahindra,2010,Petrol,Automatic,200171,Third,7.8,1361,16,35000.0
BMW,2015,Petrol,Automatic,129213,First,13.9,790,11,476969.5
Chevrolet,2006,Petrol,Automatic,245897,First,20.0,1132,20,35000.0
Toyota,2010,Petrol,Manual,198532,Second,17.9,1646,16,37698.87
Mahindra,2025,Petrol,Manual,15277,First,22.1,1149,1,564990.25
Toyota,2013,Petrol,Manual,153001,First,17.2,1289,13,85305.89
Hyundai,2007,Petrol,Manual,224694,Second,14.6,1661,19,35000.0
BMW,2019,Petrol,Manual,109601,Second,18.8,918,7,731641.19
Jeep,2026,Diesel,Automatic,11118,Second,22.3,1049,0,1145635.8
Maruti,2023,LPG,Manual,26729,Second,16.9,1690,3,201331.79
Mahindra,2010,Petrol,Manual,208921,First,18.9,1281,16,44184.15
Maruti,2015,CNG,Automatic,133891,First,20.2,1421,11,74182.6
Nissan,2013,Petrol,Manual,153196,Third,20.9,1425,13,35071.92
Mahindra,2026,CNG,Manual,14913,First,20.6,742,0,590356.66
Renault,2010,Diesel,Manual,198419,First,16.7,936,16,35000.0
Toyota,2010,Petrol,Manual,198430,First,12.0,995,16,42243.69
Kia,2011,Petrol,Manual,172662,First,15.2,2077,15,53341.35
Nissan,2018,Diesel,Automatic,91953,First,16.8,1063,8,153476.02
Maruti,2012,Diesel,Manual,161380,Second,18.4,1123,14,35000.0
BMW,2017,CNG,Manual,111294,First,15.0,1699,9,643944.54
Honda,2021,Diesel,Automatic,59681,First,15.2,1030,5,316617.25
Volkswagen,2011,Petrol,Manual,183068,Second,17.3,690,15,38039.03
Maruti,2022,Diesel,Automatic,42313,First,24.2,739,4,289471.04
Tata,2022,Petrol,Manual,52591,Fourth,23.4,1594,4,186504.61
Maruti,2025,Petrol,Manual,20552,Second,21.6,2221,1,379660.23
Tata,2019,Petrol,Manual,70185,Third,15.9,1259,7,122904.45
Honda,2019,Petrol,Automatic,71058,Second,15.5,1667,7,208173.77
Maruti,2009,Petrol,Automatic,215266,First,22.3,1256,17,35000.0
Renault,2010,Petrol,Manual,191557,Second,14.8,1396,16,35000.0
Maruti,2015,Petrol,Manual,124112,Second,23.1,2059,11,74765.12
Jeep,2020,Petrol,Manual,82550,Third,9.9,1196,6,276965.59
Mahindra,2010,Diesel,Manual,181648,Third,12.5,968,16,35000.0
MG,2018,Diesel,Automatic,88356,First,20.5,1956,8,310800.03
MG,2025,Diesel,Manual,15124,First,25.4,1482,1,974710.0
Kia,2021,Petrol,Automatic,39966,Second,18.9,1395,5,320553.96
Tata,2020,Diesel,Automatic,68099,Third,26.1,1211,6,194283.64
Volkswagen,2006,LPG,Automatic,243354,First,13.9,1036,20,35000.0
Maruti,2024,Petrol,Manual,18508,Second,14.1,1050,2,249074.74
Hyundai,2025,LPG,Automatic,17148,First,21.3,1291,1,479041.86
Chevrolet,2005,Petrol,Manual,242938,Second,17.2,1090,21,35000.0
Maruti,2022,Diesel,Automatic,45938,First,8.6,1428,4,222845.86
Mahindra,2026,Petrol,Manual,24284,Second,19.8,1212,0,614312.84
Mercedes,2026,Petrol,Manual,500,First,17.8,932,0,3923732.39
Maruti,2021,Diesel,Manual,59579,Second,16.0,1205,5,165263.6
Maruti,2024,Petrol,Manual,27351,First,20.7,1078,2,285669.49
Hyundai,2024,Diesel,Automatic,32543,First,24.9,1387,2,574473.48
Tata,2010,Petrol,Manual,193999,First,14.2,857,16,35000.0
Maruti,2024,Petrol,Manual,16104,First,19.5,888,2,312129.72
Skoda,2012,Petrol,Automatic,168013,Third,25.1,1406,14,58404.31
Ford,2012,Petrol,Automatic,173689,Second,8.3,2031,14,44617.77
Tata,2016,Electric,Manual,109736,Second,26.9,795,10,106022.18
Kia,2023,Petrol,Manual,32596,Second,22.6,941,3,359132.94
Hyundai,2016,Petrol,Manual,125290,Fourth,14.4,1436,10,58998.65
MG,2023,Petrol,Automatic,41808,First,18.4,1450,3,600265.24
Maruti,2023,Petrol,Manual,38170,Third,22.6,1647,3,202972.55
Kia,2025,Petrol,Manual,16978,First,21.8,1689,1,731873.23
Hyundai,2020,CNG,Manual,61685,Second,27.9,1322,6,192108.94
Nissan,2007,Electric,Manual,227212,Second,19.9,1675,19,35000.0
Ford,2018,Petrol,Automatic,85825,First,25.3,1558,8,185852.14
Honda,2007,Petrol,Manual,213901,Second,19.4,618,19,35000.0
Mercedes,2023,Diesel,Manual,38827,First,23.3,1328,3,3000082.25
Tata,2006,Petrol,Manual,245183,First,14.5,600,20,35000.0
Kia,2006,Petrol,Manual,232889,First,12.6,1211,20,35000.0
Kia,2024,Diesel,Automatic,25095,Second,21.5,889,2,533227.54
Hyundai,2005,Petrol,Manual,249255,Second,22.1,1234,21,35000.0
Hyundai,2023,Petrol,Manual,33841,Fourth,21.9,1279,3,188731.97
Volkswagen,2021,Petrol,Automatic,64077,First,17.7,885,5,282868.94
Maruti,2016,Diesel,Automatic,124774,First,16.7,1471,10,104391.03
Mahindra,2008,Electric,Manual,209450,Second,26.2,1768,18,46160.41
Ford,2024,Diesel,Manual,12003,First,24.3,1534,2,505517.38
Hyundai,2006,Diesel,Manual,251131,First,18.6,1090,20,35000.0
Honda,2022,Petrol,Manual,55790,Fourth,17.9,1109,4,200196.17
Tata,2018,Petrol,Manual,91682,Second,19.6,1272,8,122049.66
Toyota,2019,Petrol,Manual,81585,First,19.0,1239,7,261123.37
Kia,2023,Petrol,Automatic,27658,Third,24.6,1544,3,434691.49
Kia,2025,Petrol,Automatic,21060,Second,17.7,2025,1,618432.93
Renault,2025,Petrol,Manual,17460,First,17.9,1595,1,422130.68
Honda,2026,Petrol,Manual,14410,Third,17.3,1573,0,465665.37
Mahindra,2022,Diesel,Manual,50177,First,18.1,1249,4,403078.56
Toyota,2008,Petrol,Manual,218800,First,19.6,1333,18,41603.0
Tata,2010,CNG,Automatic,203206,First,15.2,1459,16,35000.0
Kia,2018,Petrol,Manual,108332,First,19.9,848,8,167705.8
Honda,2018,CNG,Automatic,89370,Second,20.4,1740,8,153425.04
Skoda,2021,Petrol,Manual,64411,Second,12.4,1752,5,302116.01
Honda,2019,Petrol,Manual,83757,Third,22.7,974,7,160685.79
Mercedes,2017,Diesel,Manual,109644,First,12.9,1946,9,856692.83
Nissan,2025,Diesel,Automatic,20151,First,17.5,1447,1,621273.37
Volkswagen,2021,Petrol,Manual,60883,Second,22.0,1229,5,284810.92
Nissan,2007,Petrol,Manual,225568,First,20.1,1653,19,35000.0
Hyundai,2015,Diesel,Manual,135510,First,17.9,1543,11,96913.36
Mahindra,2024,Diesel,Manual,29068,First,22.4,1716,2,639958.22
Maruti,2020,LPG,Manual,64177,First,25.0,844,6,141341.73
Maruti,2026,Petrol,Automatic,12019,First,15.8,1252,0,554363.44
Volkswagen,2022,Petrol,Automatic,47816,First,28.0,1199,4,499301.92
Renault,2005,Diesel,Manual,265127,First,16.6,600,21,35000.0
Maruti,2018,Petrol,Manual,103517,Second,16.0,1407,8,91895.7
Hyundai,2011,Diesel,Manual,188163,First,14.9,796,15,38946.02
Honda,2025,Diesel,Manual,18939,First,22.7,1062,1,577572.68
Mahindra,2018,Diesel,Manual,96360,Second,16.5,1694,8,178874.87
Audi,2012,Petrol,Automatic,164594,Third,23.9,1650,14,269283.23
Maruti,2016,Petrol,Automatic,115920,Second,16.7,1219,10,67388.67
Maruti,2010,Petrol,Manual,190797,Second,15.2,1094,16,35000.0
Maruti,2013,Petrol,Manual,160839,First,20.9,1278,13,42258.17
Maruti,2013,Diesel,Manual,156135,Second,10.1,1823,13,43643.64
Hyundai,2006,Petrol,Manual,229402,First,21.7,1150,20,35000.0
Tata,2015,Diesel,Manual,127901,Second,22.7,1519,11,77773.9
Honda,2014,Electric,Automatic,153356,First,19.4,1720,12,118603.41
Maruti,2008,Diesel,Automatic,220729,First,20.4,1204,18,35000.0
Tata,2019,Petrol,Manual,84931,First,20.1,1288,7,152788.89
Honda,2010,Petrol,Manual,179827,First,20.8,1101,16,39538.52
Hyundai,2021,Petrol,Manual,68824,First,20.0,1946,5,285167.58
Honda,2025,CNG,Automatic,8734,Second,15.6,978,1,471746.67
Lexus,2008,Petrol,Manual,218773,Fourth,17.8,1263,18,96709.38
Maruti,2019,Petrol,Manual,86447,First,19.7,1190,7,122832.98
Mercedes,2008,Diesel,Manual,217519,First,22.6,1878,18,258924.52
Maruti,2009,Diesel,Manual,214736,First,14.7,1205,17,35000.0
Mahindra,2014,Petrol,Manual,132524,Second,20.2,932,12,69788.29
Tata,2015,CNG,Manual,129767,First,13.7,1521,11,65955.87
Hyundai,2015,Petrol,Manual,141404,First,22.1,1795,11,83550.1
Renault,2022,Petrol,Automatic,54747,Fourth,16.8,933,4,151502.57
Tata,2008,Diesel,Automatic,209773,Fourth,15.8,1241,18,35000.0
Ford,2009,Petrol,Manual,217506,First,23.3,1236,17,35000.0
Hyundai,2007,Diesel,Manual,242529,Fourth,25.4,1208,19,35000.0
Volkswagen,2010,Petrol,Automatic,217262,Test Drive,22.5,1230,16,53016.55
Renault,2019,CNG,Manual,87214,Second,20.9,1420,7,116102.81
Toyota,2008,Petrol,Automatic,210161,First,16.4,1750,18,43574.11
Hyundai,2005,Diesel,Manual,255795,Fourth,17.4,882,21,35000.0
Tata,2005,Petrol,Manual,258592,Third,16.5,1827,21,35000.0
Hyundai,2010,Petrol,Manual,197979,First,18.3,1252,16,35000.0
Tata,2017,Petrol,Manual,102626,First,23.0,1608,9,113569.22
Hyundai,2017,Diesel,Manual,97432,Fourth,21.1,1222,9,84214.3
BMW,2008,Petrol,Automatic,220554,First,12.9,1430,18,159035.3
Kia,2018,Petrol,Automatic,110577,Second,29.2,1466,8,165765.69
Mahindra,2015,Petrol,Manual,125283,Third,19.5,600,11,62200.26
Tata,2009,Diesel,Manual,203310,First,18.2,1556,17,35000.0
Toyota,2013,Petrol,Automatic,153152,First,16.8,1372,13,90079.83
Maruti,2015,Petrol,Manual,143631,Second,12.3,740,11,43050.25
Renault,2007,Diesel,Manual,228781,Second,13.3,1347,19,35000.0
Kia,2026,Petrol,Manual,10799,Second,17.2,1195,0,594873.5
Mahindra,2018,Petrol,Manual,94167,First,16.2,2060,8,184922.48
Hyundai,2024,Petrol,Manual,20605,First,20.4,1659,2,437117.68
Maruti,2016,Petrol,Automatic,107546,First,15.2,1616,10,92095.18
Volkswagen,2008,Petrol,Manual,208572,Fourth,19.1,1276,18,35000.0
Mahindra,2014,Diesel,Automatic,157955,Second,18.2,703,12,74467.62
Honda,2023,Petrol,Manual,49180,First,15.7,1637,3,340490.47
Jeep,2016,Petrol,Manual,119890,Third,17.2,1061,10,128336.4
Jeep,2014,Petrol,Manual,146723,Second,17.3,1474,12,115593.6
Maruti,2010,Petrol,Automatic,203574,Second,20.0,625,16,35000.0
Jeep,2021,Petrol,Manual,69360,Test Drive,16.5,929,5,493282.02
Mahindra,2021,Petrol,Automatic,55972,First,20.6,1262,5,369960.52
Tata,2011,Petrol,Automatic,179659,Second,17.9,1117,15,35000.0
Mahindra,2011,Electric,Automatic,169481,First,13.3,1198,15,65697.44
Mahindra,2020,Petrol,Manual,90746,Second,18.1,1667,6,198064.46
Hyundai,2012,Petrol,Manual,180412,Second,12.0,1632,14,35021.94
Skoda,2018,Petrol,Automatic,101645,Second,19.8,1830,8,232529.8
Volkswagen,2026,CNG,Manual,7581,First,23.0,1022,0,659130.35
Mahindra,2023,CNG,Automatic,32764,First,26.1,1406,3,541472.3
Maruti,2016,Diesel,Manual,128745,First,27.9,1205,10,93058.11
Maruti,2011,Diesel,Automatic,187996,First,14.9,1622,15,39057.62
Kia,2016,Petrol,Manual,128127,First,18.8,724,10,101953.74
Maruti,2005,Petrol,Manual,259743,Third,11.7,1262,21,35000.0
Honda,2009,Diesel,Automatic,202547,First,14.0,1365,17,44292.88
Chevrolet,2010,Petrol,Manual,186455,Second,13.1,1586,16,35000.0
Kia,2012,Diesel,Automatic,172153,Second,16.9,1743,14,61523.05
Honda,2022,Diesel,Manual,46227,First,19.7,1298,4,338600.16
Tata,2013,Diesel,Manual,152707,First,16.2,1323,13,56689.71
Mahindra,2011,Petrol,Manual,192503,Third,13.4,1526,15,35845.16
Hyundai,2007,Petrol,Manual,242776,First,12.5,1030,19,35000.0
Tata,2005,Petrol,Manual,251069,First,19.5,1437,21,35000.0
Maruti,2009,Petrol,Manual,206683,Fourth,19.4,1562,17,35000.0
Hyundai,2014,Petrol,Automatic,138319,First,19.7,1079,12,68446.93
Audi,2018,CNG,Automatic,98148,First,20.7,2000,8,1040193.54
Renault,2009,Electric,Manual,213007,Second,21.2,1366,17,35000.0
Maruti,2020,Electric,Automatic,66977,Second,16.4,1294,6,218817.72
Kia,2008,Petrol,Manual,224572,First,14.7,1144,18,35000.0
Tata,2013,Diesel,Manual,168230,First,20.8,1405,13,54589.66
Nissan,2025,Petrol,Manual,9404,First,16.2,1029,1,457611.93
Maruti,2007,Diesel,Manual,232260,First,17.4,914,19,35000.0
Nissan,2015,Petrol,Manual,129395,Second,11.0,1321,11,59563.24
Honda,2006,Petrol,Manual,241064,Second,19.0,634,20,35000.0
Maruti,2022,Petrol,Automatic,37295,First,19.7,1916,4,312655.52
Ford,2012,Diesel,Manual,170828,First,21.5,1066,14,41094.46
Toyota,2019,Diesel,Automatic,88543,Second,19.9,1369,7,274556.63
Tata,2008,Petrol,Automatic,199589,First,15.8,1686,18,35000.0
Ford,2019,Diesel,Manual,92994,First,18.1,1065,7,173839.69
Ford,2021,Petrol,Automatic,61646,First,24.1,1198,5,278308.02
Renault,2022,Petrol,Manual,39567,First,18.1,1122,4,275155.94
Toyota,2008,Diesel,Manual,195302,Third,11.1,1207,18,35000.0
MG,2022,Petrol,Manual,60228,Second,23.0,1289,4,370836.44
Tata,2025,Diesel,Automatic,9119,Second,16.9,662,1,439732.25
Hyundai,2008,Petrol,Manual,220156,Second,14.0,927,18,35000.0
Kia,2018,Diesel,Automatic,80850,First,17.1,1468,8,245111.88
Hyundai,2006,Petrol,Automatic,224261,First,17.8,1730,20,35000.0
Ford,2012,Diesel,Manual,158399,First,13.4,1435,14,45061.1
Hyundai,2022,Diesel,Manual,51469,First,15.5,1536,4,288508.71
Hyundai,2019,Petrol,Manual,65994,First,12.0,1911,7,165571.71
Maruti,2014,Petrol,Manual,148676,Test Drive,19.5,1753,12,54181.72
Hyundai,2018,Electric,Manual,92501,First,14.5,1017,8,155109.89
Kia,2019,Petrol,Manual,75281,Second,17.1,1028,7,164681.17
Skoda,2008,Diesel,Manual,221601,First,21.9,1603,18,47102.83
Toyota,2025,CNG,Manual,6710,Second,25.5,1239,1,657336.81
Renault,2015,Petrol,Manual,150865,First,19.3,1379,11,62246.39
Tata,2010,Diesel,Automatic,194908,First,15.2,1093,16,36053.93
Ford,2010,Petrol,Automatic,193648,Fourth,17.6,1355,16,35000.0
Tata,2017,CNG,Manual,103705,First,23.5,1377,9,100343.73
Hyundai,2017,Petrol,Manual,116100,Second,13.8,1563,9,94951.33
Honda,2009,LPG,Manual,205049,Third,20.5,1852,17,35000.0
BMW,2008,Petrol,Manual,220834,First,13.5,1438,18,146527.31
Hyundai,2011,CNG,Manual,181224,First,22.2,1359,15,35000.0
Hyundai,2006,LPG,Manual,216990,Second,17.7,922,20,35000.0
Ford,2026,Petrol,Automatic,18098,First,16.6,1407,0,598017.99
Maruti,2022,CNG,Manual,60915,Second,17.2,1162,4,156073.81
Honda,2008,Diesel,Manual,217841,Second,17.9,1480,18,35000.0
Chevrolet,2022,Diesel,Manual,34808,Test Drive,17.7,1348,4,272826.8
Jeep,2016,Petrol,Manual,126092,First,17.8,1536,10,200044.03
Maruti,2019,Petrol,Manual,91690,First,20.8,1731,7,165820.17
Hyundai,2021,Petrol,Automatic,71960,Second,11.3,1829,5,245035.3
Tata,2006,Diesel,Manual,245583,First,20.5,1552,20,35000.0
Honda,2016,Diesel,Automatic,119786,Third,24.0,978,10,102423.83
Honda,2008,Diesel,Manual,225368,First,24.6,1288,18,35558.43
Skoda,2019,Diesel,Manual,90830,First,20.1,1242,7,269253.81
Maruti,2015,CNG,Manual,129684,First,13.8,1918,11,59849.4
Hyundai,2008,Petrol,Manual,210816,First,14.5,1193,18,35000.0
Maruti,2006,Petrol,Manual,244382,First,14.5,1552,20,35000.0
Maruti,2022,Petrol,Manual,54250,Second,14.2,742,4,159887.27
Ford,2019,Petrol,Automatic,77549,Second,17.6,770,7,155168.34
Skoda,2009,Diesel,Manual,202031,Second,23.9,1187,17,37965.56
Maruti,2009,Diesel,Manual,192429,Second,19.2,1309,17,35000.0
Skoda,2015,Diesel,Automatic,127957,First,20.8,1490,11,128324.08
Honda,2022,Petrol,Automatic,45183,First,20.0,1552,4,388273.01
Hyundai,2025,Diesel,Automatic,500,First,16.6,1092,1,674551.23
Tata,2024,Diesel,Manual,26161,First,14.5,1646,2,420874.33
Chevrolet,2009,Petrol,Manual,204930,Fourth,18.0,1139,17,35000.0
Mahindra,2019,LPG,Manual,85473,First,19.4,702,7,153067.26
Renault,2026,Petrol,Manual,8774,First,13.5,1565,0,480551.95
Hyundai,2016,Diesel,Manual,113908,First,19.0,1516,10,113288.04
Maruti,2019,Petrol,Manual,82024,Third,25.4,1502,7,108019.45
Tata,2014,Diesel,Automatic,149410,First,21.5,1492,12,82266.37
Skoda,2013,Diesel,Manual,158475,Second,12.7,1265,13,62273.15
Kia,2023,CNG,Automatic,47149,First,12.8,1001,3,401072.58
Volkswagen,2017,Petrol,Automatic,102858,First,16.6,1768,9,168612.37
Honda,2005,Petrol,Automatic,249386,Third,11.5,1208,21,35000.0
Hyundai,2015,Petrol,Manual,124065,First,20.6,1609,11,83334.98
Hyundai,2010,CNG,Manual,183250,Third,21.1,1756,16,35000.0
Mahindra,2009,Petrol,Manual,210703,First,10.4,959,17,35000.0
Maruti,2014,Petrol,Manual,143607,Second,14.0,1606,12,48653.3
Nissan,2020,Electric,Manual,75547,Test Drive,14.1,855,6,195919.26
Hyundai,2018,Petrol,Manual,97294,First,19.2,1433,8,141646.43
Mercedes,2025,Diesel,Automatic,20813,Third,19.4,1016,1,2623804.27
Maruti,2017,Diesel,Automatic,108675,First,25.4,1469,9,147590.19
Tata,2023,Petrol,Manual,35905,First,15.5,949,3,299652.52
Hyundai,2017,Diesel,Manual,100072,First,17.1,1510,9,137382.51
Honda,2006,Petrol,Manual,242823,Third,22.8,1905,20,35000.0
Toyota,2007,Diesel,Automatic,212183,Second,14.1,872,19,35000.0
Skoda,2010,Petrol,Automatic,193666,Third,17.9,1214,16,41039.75
Maruti,2020,Petrol,Manual,59256,First,21.6,850,6,172932.59
Maruti,2009,Petrol,Manual,220971,First,17.7,872,17,35000.0
Renault,2006,Diesel,Manual,242569,Second,14.7,1547,20,35000.0
Maruti,2007,Petrol,Automatic,234049,Third,15.2,1023,19,35000.0
Hyundai,2024,CNG,Manual,17379,Second,21.9,1241,2,318155.01
Maruti,2022,Electric,Automatic,46003,Second,11.8,1655,4,290211.17
Toyota,2012,CNG,Manual,175259,Third,22.6,1552,14,44817.74
Mahindra,2010,Petrol,Automatic,184395,Second,17.8,1386,16,43420.75
Maruti,2021,CNG,Manual,61268,Test Drive,20.4,1732,5,189675.91
Honda,2025,Diesel,Manual,7156,First,18.6,1251,1,657113.94
Maruti,2023,Diesel,Automatic,37372,First,14.4,1580,3,357749.01
Maruti,2006,Petrol,Manual,239597,Fourth,20.1,1352,20,35000.0
Toyota,2021,Petrol,Manual,56384,First,13.7,1231,5,316780.78
Maruti,2008,Petrol,Manual,215999,First,21.0,2151,18,35000.0
Honda,2020,Petrol,Manual,75762,First,8.9,1493,6,202867.55
Kia,2005,Petrol,Manual,253362,Second,11.5,1772,21,35000.0
Tata,2015,Diesel,Automatic,133319,Second,15.6,1534,11,80471.6
Tata,2014,Petrol,Manual,149296,Second,15.2,1892,12,55951.99
Toyota,2019,Diesel,Manual,83227,Third,20.8,819,7,186179.29
BMW,2013,Diesel,Automatic,146584,Second,19.0,1308,13,405089.38
Mahindra,2019,Diesel,Manual,74065,First,19.7,1151,7,225692.7
Tata,2005,Petrol,Manual,250671,First,21.8,1174,21,35000.0
Tata,2011,Diesel,Manual,174969,First,14.1,1566,15,41681.52
Volvo,2010,Diesel,Manual,193538,Second,18.4,1024,16,141890.66
Nissan,2013,Electric,Manual,162095,First,23.0,1763,13,74562.35
Tata,2014,Diesel,Manual,147879,Third,10.0,1427,12,43746.19
Toyota,2009,Diesel,Manual,195767,First,20.1,1022,17,49638.18
Toyota,2024,Petrol,Manual,7505,First,15.9,1120,2,626807.75
Mahindra,2005,Petrol,Automatic,234098,First,26.4,1250,21,35000.0
Maruti,2013,Diesel,Manual,149468,Second,13.4,1587,13,43403.23
Maruti,2006,Petrol,Automatic,241839,First,17.1,1438,20,35000.0
Mercedes,2023,Petrol,Manual,51767,Second,22.7,1379,3,2073177.26
Ford,2021,LPG,Manual,66664,Second,18.2,1593,5,161228.34
Honda,2007,Petrol,Automatic,226677,First,25.1,1198,19,35000.0
Skoda,2008,Petrol,Manual,221609,First,19.6,1701,18,41626.12
Toyota,2008,Petrol,Automatic,216634,Second,15.6,1237,18,37817.27
Ford,2023,Petrol,Automatic,49754,First,22.1,1563,3,334611.31
Kia,2011,Electric,Automatic,184955,Second,14.9,1099,15,56543.87
Mercedes,2019,LPG,Manual,95960,First,11.0,2007,7,1172992.3
Tata,2017,Diesel,Manual,107607,Second,20.2,1446,9,119659.85
Volkswagen,2011,Petrol,Automatic,183471,First,15.8,1395,15,58804.8
MG,2011,Petrol,Manual,170225,First,22.0,1625,15,63284.38
Honda,2012,Diesel,Manual,167053,Second,14.0,1351,14,40423.02
Maruti,2019,Petrol,Manual,101582,Second,13.8,1091,7,100108.28
Mahindra,2019,Petrol,Manual,68607,First,12.7,1101,7,204259.78
Tata,2019,Petrol,Manual,82530,First,20.8,1661,7,168438.73
Tata,2013,Diesel,Manual,150569,First,15.3,1564,13,53624.43
Maruti,2014,Petrol,Automatic,150933,First,17.6,1394,12,55729.22
Tata,2006,Diesel,Manual,240235,First,15.3,778,20,35000.0
Ford,2013,Petrol,Manual,173727,First,9.2,1375,13,42332.91
Hyundai,2015,Petrol,Manual,131811,First,12.7,1433,11,76952.78
Nissan,2020,Petrol,Manual,72240,First,22.6,1849,6,224212.54
Volkswagen,2026,Diesel,Manual,11380,First,15.7,1854,0,784212.88
Hyundai,2021,Diesel,Manual,59407,Fourth,20.0,1296,5,146243.83
Lexus,2014,Diesel,Manual,142200,Second,15.2,1334,12,384747.72
Nissan,2007,Diesel,Manual,224620,First,11.8,1270,19,35000.0
Skoda,2023,Petrol,Automatic,50429,Second,19.6,1684,3,513689.95
Lexus,2005,Petrol,Manual,256845,Second,21.9,1721,21,118131.04
Hyundai,2005,Petrol,Automatic,253795,First,18.1,1280,21,35000.0
Chevrolet,2014,Diesel,Manual,141986,First,19.1,1384,12,56905.19
Maruti,2021,CNG,Manual,59139,Second,17.3,1223,5,150327.38
Hyundai,2006,Petrol,Manual,246223,First,20.0,955,20,35000.0
Maruti,2011,CNG,Manual,187574,Second,16.8,1444,15,35000.0
Audi,2021,Petrol,Manual,53755,Third,18.4,1321,5,1248685.71
Toyota,2023,Petrol,Manual,23498,Third,21.3,1440,3,402147.4
Tata,2013,Diesel,Manual,166453,First,26.3,1148,13,56426.25
Maruti,2007,CNG,Automatic,199320,Second,24.1,1056,19,35000.0
Maruti,2024,Petrol,Manual,25194,Second,17.9,1624,2,261096.98
Skoda,2012,Petrol,Automatic,163277,First,17.6,1265,14,71066.17
Renault,2006,Petrol,Automatic,248022,First,24.3,600,20,35000.0
Jeep,2011,Diesel,Manual,182517,First,15.1,1650,15,95233.75
Audi,2019,Petrol,Manual,88324,First,14.0,764,7,876443.61
Hyundai,2020,CNG,Manual,70913,Second,17.0,1580,6,146182.29
Hyundai,2022,Electric,Manual,40057,First,21.4,1319,4,404897.07
Maruti,2011,Diesel,Automatic,182833,Fourth,14.9,2241,15,35000.0
Mahindra,2006,Petrol,Manual,229351,Third,18.0,1346,20,35000.0
MG,2012,Petrol,Manual,169712,Fourth,20.4,1713,14,43534.7
Maruti,2018,Diesel,Manual,87311,First,14.5,1833,8,140532.5
Audi,2020,Diesel,Manual,65530,First,16.6,1681,6,1732575.94
Tata,2007,CNG,Manual,217886,First,22.7,1843,19,35000.0
Tata,2008,Petrol,Manual,214815,First,17.8,1030,18,35000.0
Maruti,2020,Petrol,Manual,79346,First,15.0,2047,6,190143.6
Volkswagen,2022,CNG,Manual,27345,Third,20.8,1310,4,286549.51
Hyundai,2005,Petrol,Manual,249116,First,11.9,1331,21,35000.0
Hyundai,2009,Petrol,Manual,201547,Test Drive,16.2,1504,17,35000.0
Toyota,2017,Diesel,Manual,97817,First,22.5,1668,9,217458.5
Tata,2010,Electric,Automatic,194123,First,20.0,1138,16,50437.71
Honda,2019,Petrol,Automatic,95540,First,22.1,1348,7,194188.5
BMW,2012,Petrol,Manual,156657,First,19.5,2054,14,313701.08
Renault,2016,Petrol,Manual,123846,Second,23.7,1724,10,62003.71
Ford,2026,Petrol,Manual,9844,First,16.1,1046,0,507729.61
Hyundai,2009,Petrol,Manual,214973,First,18.2,994,17,35000.0
Maruti,2014,Petrol,Manual,144756,First,26.0,1436,12,54190.77
Hyundai,2015,Petrol,Automatic,132508,First,11.9,1389,11,78840.57
Renault,2025,Petrol,Manual,19574,Second,19.1,1508,1,358112.63
Tata,2011,Petrol,Manual,171360,First,18.2,1159,15,35000.0
Nissan,2009,Diesel,Manual,205794,Second,13.9,1337,17,35000.0
Mahindra,2023,Diesel,Manual,38876,First,20.7,823,3,427161.02
Honda,2009,Petrol,Manual,216438,First,18.6,770,17,35000.0
Jeep,2012,Petrol,Automatic,167433,First,10.3,2092,14,107761.99
Hyundai,2011,Petrol,Automatic,171007,Second,19.4,1455,15,37730.11
Mahindra,2026,Electric,Manual,11828,First,15.7,2037,0,869799.23
Hyundai,2019,Diesel,Manual,89168,First,18.1,1475,7,187299.07
Hyundai,2008,Petrol,Manual,215738,First,22.4,1510,18,35000.0
Tata,2024,Diesel,Automatic,21471,First,8.7,1642,2,464464.2
Maruti,2012,Petrol,Manual,167552,Second,19.8,897,14,35000.0
Maruti,2008,Petrol,Automatic,223067,Second,18.4,723,18,35000.0
Honda,2023,Diesel,Manual,40938,First,19.5,1179,3,379590.78
Maruti,2024,Diesel,Manual,32780,Second,16.8,600,2,278721.89
Ford,2021,Diesel,Manual,79391,Second,22.0,1383,5,258346.87
Mahindra,2006,Petrol,Automatic,237697,First,18.2,1415,20,35000.0
Nissan,2016,Petrol,Automatic,112289,First,24.2,1605,10,119990.8
Nissan,2008,Diesel,Manual,215137,Second,21.1,1786,18,35000.0
Hyundai,2010,Electric,Automatic,181850,First,26.0,1453,16,54099.16
Renault,2010,Diesel,Manual,190847,Third,27.8,1574,16,35000.0
Renault,2020,CNG,Manual,71472,First,18.0,1891,6,175634.14
Toyota,2021,CNG,Manual,71939,Third,17.6,786,5,190703.1
Hyundai,2005,Diesel,Automatic,251256,Second,17.0,1005,21,35000.0
Maruti,2007,Petrol,Manual,235908,First,19.9,1081,19,35000.0
Tata,2018,Diesel,Manual,80565,Second,20.3,1428,8,142058.18
Hyundai,2021,Petrol,Manual,51241,Fourth,18.5,741,5,152317.01
Hyundai,2024,Petrol,Manual,2577,First,16.4,1917,2,431983.11
Maruti,2026,CNG,Manual,500,Fourth,12.6,1820,0,260728.68
Maruti,2009,Diesel,Manual,208852,Second,8.5,1208,17,35000.0
Maruti,2018,Diesel,Automatic,102591,First,14.0,1318,8,136561.94
Ford,2026,Petrol,Manual,5312,Second,14.5,1664,0,473848.84
BMW,2007,Diesel,Manual,207941,Test Drive,21.6,999,19,148119.27
Maruti,2020,Diesel,Manual,82773,Fourth,22.8,1409,6,105509.85
Maruti,2024,Diesel,Manual,12577,Third,18.9,1329,2,260130.66
Honda,2008,Petrol,Automatic,209634,First,18.9,1027,18,35000.0
Mahindra,2020,Petrol,Automatic,63372,Second,19.6,1492,6,279349.09
Ford,2007,CNG,Automatic,217900,First,16.8,1377,19,35000.0
Lexus,2009,Petrol,Manual,205699,Second,18.5,1381,17,168806.04
Maruti,2014,CNG,Manual,143050,First,6.0,864,12,38494.2
Renault,2014,Diesel,Automatic,152041,Third,16.4,2063,12,47575.46
Honda,2007,Diesel,Manual,227728,First,18.0,1320,19,35000.0
Toyota,2008,Petrol,Manual,227233,First,17.7,837,18,35000.0
Maruti,2022,Diesel,Automatic,51069,First,18.1,1100,4,272265.89
BMW,2012,Petrol,Automatic,165720,First,19.4,1436,14,370747.16
BMW,2008,Petrol,Manual,221218,First,14.7,1458,18,166552.52
Hyundai,2005,Electric,Manual,254902,First,10.3,681,21,35000.0
Maruti,2020,Diesel,Manual,61541,Second,16.5,1547,6,168832.79
Maruti,2006,Petrol,Manual,250938,Second,15.1,1274,20,35000.0
Maruti,2008,Petrol,Manual,225974,First,21.6,1584,18,35000.0
Ford,2023,Diesel,Manual,34398,Second,18.3,1182,3,276429.82
Honda,2023,Diesel,Manual,30526,First,14.3,1455,3,473610.73
Honda,2013,Electric,Manual,169303,Second,23.1,1001,13,64599.14
Maruti,2013,Diesel,Automatic,141149,First,28.5,1345,13,61239.91
Tata,2013,Petrol,Manual,157904,First,13.6,1058,13,48712.29
Mahindra,2022,Petrol,Automatic,50037,First,27.8,2010,4,524662.19
BMW,2015,Petrol,Automatic,146308,First,12.9,1501,11,508696.56
Volkswagen,2014,Diesel,Manual,147812,First,17.3,1006,12,84013.74
Mahindra,2016,Petrol,Manual,129148,Third,15.4,1009,10,81252.88
Maruti,2022,CNG,Automatic,53291,First,13.0,1784,4,228011.71
Toyota,2021,Petrol,Manual,44198,Second,20.6,626,5,282588.06
Maruti,2012,Diesel,Manual,164759,First,23.1,891,14,36503.44
Jeep,2016,Diesel,Manual,126996,Second,21.5,1246,10,182702.8
Volkswagen,2006,Electric,Automatic,234121,Second,19.4,1229,20,35000.0
Kia,2013,CNG,Automatic,151972,Second,15.3,1125,13,61612.98
BMW,2019,Diesel,Manual,94361,Second,26.9,1654,7,1117454.67
Skoda,2019,Petrol,Manual,94951,Second,14.6,963,7,183037.9
Maruti,2018,Petrol,Automatic,98826,First,17.6,1907,8,137585.41
Toyota,2014,Petrol,Automatic,134087,Second,16.8,1548,12,99752.24
Chevrolet,2023,Diesel,Manual,35951,First,12.0,1307,3,242996.84
Volkswagen,2006,Petrol,Manual,234047,First,15.1,947,20,35000.0
Ford,2020,Diesel,Manual,77418,Third,19.8,1559,6,166863.68
Mahindra,2006,Petrol,Manual,239749,First,23.8,1620,20,35000.0
Renault,2019,Electric,Automatic,87419,Second,22.5,1184,7,157826.04
Maruti,2015,Petrol,Manual,123393,First,20.6,1213,11,76286.05
Tata,2009,Petrol,Automatic,210027,Second,20.4,1197,17,35000.0
Mahindra,2008,Diesel,Automatic,202525,First,20.1,1296,18,45567.7
Mahindra,2025,Petrol,Manual,11216,First,14.3,1219,1,645557.64
Audi,2016,CNG,Manual,139923,Test Drive,16.2,2001,10,666357.88
Honda,2025,Petrol,Manual,3936,First,20.0,970,1,565071.62
Hyundai,2006,CNG,Manual,228748,First,14.6,1149,20,35000.0
Honda,2019,Petrol,Manual,78417,First,19.7,1260,7,209910.3
Tata,2019,Petrol,Manual,85261,Second,16.3,2287,7,137018.41
Chevrolet,2020,Petrol,Manual,75416,First,19.3,2237,6,184135.61
Lexus,2005,Petrol,Automatic,254962,First,25.4,960,21,131699.08
Hyundai,2017,CNG,Manual,102248,Second,16.6,1341,9,97995.24
Toyota,2011,LPG,Manual,184547,Second,20.4,1566,15,39887.06
Mahindra,2023,Diesel,Manual,38562,Second,15.1,2181,3,499974.89
Maruti,2016,Petrol,Automatic,117211,Second,18.5,1285,10,67935.1
Volkswagen,2006,Petrol,Automatic,246999,Second,20.1,1788,20,35000.0
Maruti,2013,Petrol,Automatic,158195,First,26.7,995,13,45826.44
Maruti,2007,CNG,Automatic,216117,Second,19.1,851,19,35000.0
Honda,2020,Petrol,Automatic,83465,Second,20.6,1428,6,267018.97
Jeep,2022,CNG,Automatic,54107,Second,20.3,1584,4,595473.38
Maruti,2011,Petrol,Automatic,172281,Fourth,25.1,1015,15,35000.0
Maruti,2012,Petrol,Automatic,163200,First,17.0,1662,14,43767.5
Hyundai,2017,Electric,Manual,97778,First,17.5,2238,9,180918.59
Toyota,2013,Petrol,Manual,165388,First,18.6,2544,13,79929.88
Maruti,2023,Electric,Automatic,29110,Second,17.1,1815,3,416317.17
Toyota,2025,Diesel,Manual,21015,First,13.1,1006,1,647542.56
Hyundai,2022,Petrol,Manual,57836,First,17.8,1537,4,298761.95
Honda,2011,Diesel,Manual,176453,First,14.0,1761,15,43528.94
Maruti,2024,Petrol,Manual,25774,Second,19.1,1131,2,310014.33
Mahindra,2019,Electric,Automatic,98838,First,14.0,1350,7,254890.94
Tata,2012,Diesel,Automatic,157376,First,10.5,1466,14,51463.64
Maruti,2023,Diesel,Manual,34745,First,15.4,1367,3,329738.62
Ford,2011,Petrol,Manual,185840,Second,14.7,1541,15,37690.47
Tata,2012,Petrol,Manual,186919,Third,20.0,1101,14,35000.0
Nissan,2026,Petrol,Automatic,2976,First,20.6,1274,0,595603.59
Chevrolet,2020,CNG,Manual,61177,First,11.2,1975,6,147825.42
Kia,2018,Petrol,Manual,86560,Second,13.1,1515,8,154473.98
Maruti,2026,Diesel,Automatic,8746,First,20.1,1028,0,540483.25
Ford,2026,Petrol,Manual,8072,First,15.0,845,0,555271.68
Tata,2023,Petrol,Automatic,32449,Second,16.3,1604,3,254487.42
Chevrolet,2022,Diesel,Manual,45299,First,22.0,1934,4,286374.3
Hyundai,2019,Petrol,Manual,93867,Third,28.4,1593,7,122203.18
Honda,2012,Diesel,Manual,167464,Test Drive,19.3,1177,14,57769.95
Mahindra,2015,Petrol,Manual,130743,Second,16.4,1021,11,84058.26
Chevrolet,2018,Petrol,Manual,85222,First,17.4,1526,8,120445.69
Mahindra,2009,Petrol,Manual,211251,Fourth,15.9,1432,17,35000.0
Mahindra,2016,Diesel,Automatic,107717,Second,15.1,1148,10,139528.59
Toyota,2005,Diesel,Automatic,243904,First,18.8,2164,21,35336.25
Hyundai,2015,Petrol,Manual,129360,First,20.5,1448,11,74315.26
MG,2008,Diesel,Manual,207968,Third,18.6,1354,18,35000.0
Toyota,2015,Diesel,Manual,146271,First,20.0,1355,11,111963.05
Lexus,2008,Petrol,Manual,220781,Second,12.2,1236,18,146994.96
Mahindra,2008,Petrol,Automatic,201967,Second,19.8,600,18,35000.0
Hyundai,2020,Petrol,Automatic,64597,Third,25.7,1516,6,177329.54
Hyundai,2024,Diesel,Automatic,26531,Second,13.6,1205,2,367301.44
Skoda,2008,Diesel,Automatic,206544,First,16.8,1363,18,48435.8
MG,2019,Petrol,Manual,81858,Second,17.7,1039,7,247657.88
Renault,2013,Petrol,Manual,141506,First,15.2,964,13,50160.3
MG,2008,Diesel,Automatic,208151,First,15.8,1079,18,47335.67
Hyundai,2006,Electric,Automatic,248159,Third,17.9,1343,20,35000.0
Renault,2017,Diesel,Manual,103503,First,11.3,2061,9,120021.04
Honda,2015,Petrol,Manual,137900,First,15.5,1123,11,83069.25
Chevrolet,2007,Petrol,Manual,224338,First,16.6,1598,19,35000.0
Mahindra,2006,Petrol,Manual,243903,Second,18.2,1080,20,35000.0
Maruti,2008,Petrol,Manual,224844,First,20.1,1870,18,35000.0
Maruti,2020,Petrol,Manual,63318,First,12.6,1037,6,137227.25
Hyundai,2010,Diesel,Manual,194859,Third,19.8,1631,16,35000.0
Maruti,2006,Petrol,Manual,223751,First,20.3,1674,20,35000.0
Maruti,2019,CNG,Manual,91049,Second,12.9,1297,7,95255.3
Tata,2016,Petrol,Automatic,122531,First,14.6,923,10,79758.06
Ford,2016,Petrol,Automatic,123461,First,17.3,1050,10,93700.85
Maruti,2017,Petrol,Manual,116364,First,18.2,1323,9,86927.33
Toyota,2009,Diesel,Manual,207699,First,18.3,1403,17,47735.87
Toyota,2012,Petrol,Automatic,169343,Second,23.5,1733,14,61097.53
Volkswagen,2019,CNG,Manual,83211,First,16.2,1667,7,187508.28
Kia,2020,Petrol,Manual,69494,Third,22.5,1773,6,204836.93
Tata,2026,Petrol,Manual,26366,First,22.6,880,0,449936.77
Hyundai,2011,LPG,Manual,180066,First,27.7,1510,15,35000.0
Mahindra,2006,Petrol,Automatic,230487,Test Drive,10.8,1285,20,35000.0
Mahindra,2005,Petrol,Manual,264180,First,17.7,1225,21,35000.0
Honda,2021,Diesel,Automatic,62757,Second,17.8,601,5,295751.34
Volkswagen,2015,Diesel,Manual,138154,First,13.4,1271,11,113567.49
Nissan,2022,CNG,Manual,53180,Third,12.5,600,4,150392.47
Hyundai,2013,Electric,Manual,158802,Second,19.2,1406,13,48608.11
MG,2019,Diesel,Manual,85969,Second,22.0,781,7,240889.58
Hyundai,2020,Petrol,Manual,77393,Third,18.4,1190,6,125639.65
Tata,2014,Petrol,Manual,154143,First,15.4,1045,12,48812.02
Honda,2010,Petrol,Automatic,188896,First,15.2,1803,16,41849.22
Honda,2023,Diesel,Manual,40477,First,18.5,1283,3,387292.46
Audi,2013,Petrol,Manual,152422,First,17.3,1286,13,366323.47
Renault,2023,Petrol,Automatic,47353,Second,16.7,1294,3,266201.18
Kia,2022,Petrol,Automatic,56445,Second,12.6,886,4,301524.61
Mahindra,2026,Petrol,Manual,17487,First,22.2,1145,0,661952.4
Toyota,2007,Petrol,Manual,223909,Second,21.5,771,19,35000.0
Hyundai,2015,Diesel,Manual,129702,First,16.2,1100,11,88634.21
Volkswagen,2026,Petrol,Manual,18122,Second,15.0,600,0,527508.79
Tata,2016,Petrol,Automatic,132609,First,22.2,1080,10,92848.05
Honda,2022,Petrol,Manual,55648,First,18.6,1361,4,341860.56
Audi,2022,Petrol,Manual,46708,First,21.1,673,4,1663971.05
Hyundai,2011,Petrol,Manual,186643,First,20.8,1489,15,39179.96
Tata,2013,Petrol,Automatic,155564,First,16.3,1532,13,55430.56
Skoda,2017,Diesel,Manual,107556,First,15.0,1197,9,156950.52
Volkswagen,2005,CNG,Manual,247425,Second,22.6,938,21,35000.0
Hyundai,2023,Petrol,Automatic,36558,Second,15.9,1289,3,315337.3
Tata,2015,LPG,Manual,128705,First,11.1,1158,11,54080.04
Hyundai,2026,Petrol,Manual,500,Second,16.7,1397,0,465383.21
Maruti,2010,Petrol,Manual,197784,Fourth,15.8,1282,16,35000.0
Maruti,2025,Petrol,Manual,6898,First,9.5,1352,1,371244.86
Tata,2012,Petrol,Automatic,158433,First,21.1,1303,14,51687.89
Volkswagen,2014,Petrol,Manual,153998,Second,17.5,906,12,66560.51
Tata,2026,Petrol,Manual,6913,Test Drive,15.7,1315,0,589720.03
Hyundai,2025,Petrol,Automatic,19394,First,20.6,1030,1,541554.9
Mercedes,2015,Petrol,Manual,140421,Third,15.7,1222,11,360856.97
Tata,2009,Electric,Manual,204237,Second,16.1,1491,17,35000.0
Tata,2015,CNG,Manual,137196,First,18.6,1633,11,64963.95
Hyundai,2016,Petrol,Manual,115315,First,14.0,740,10,78694.43
BMW,2020,Petrol,Automatic,77195,First,17.7,1080,6,1328623.35
Audi,2015,Petrol,Manual,126841,Second,20.2,1670,11,513364.46
Maruti,2020,Petrol,Automatic,73127,Second,18.5,1317,6,161155.26
MG,2021,CNG,Automatic,53757,First,14.8,1490,5,384809.53
Hyundai,2025,CNG,Manual,18743,Third,16.1,1443,1,313167.91
Hyundai,2011,Diesel,Manual,184710,Second,16.7,1261,15,36071.04
Maruti,2007,Petrol,Manual,221072,Second,17.1,1262,19,35000.0
Honda,2005,Petrol,Automatic,256876,Second,15.5,1005,21,35000.0
Mahindra,2012,Electric,Manual,164275,First,22.3,2012,14,81392.83
Maruti,2015,Petrol,Automatic,128044,Second,20.3,1398,11,67207.29
Maruti,2013,Petrol,Manual,164894,First,15.8,1299,13,35000.0
Tata,2025,Petrol,Manual,8928,First,18.9,1025,1,429945.74
Toyota,2017,Electric,Automatic,108296,Second,17.1,1700,9,211918.26
Skoda,2007,Electric,Automatic,239768,Second,19.2,1733,19,50405.76
Maruti,2013,Diesel,Automatic,143931,First,10.9,915,13,43218.15
Honda,2010,Petrol,Manual,177041,First,15.1,1273,16,36012.57
Volkswagen,2023,Diesel,Automatic,25424,First,17.1,1368,3,597597.96
Maruti,2023,Petrol,Automatic,31823,Third,21.2,1520,3,268267.75
Maruti,2018,Diesel,Manual,113488,Third,12.3,1473,8,63709.55
Audi,2005,Petrol,Manual,236027,Third,20.8,1200,21,77582.53
Maruti,2007,Electric,Manual,226394,Second,18.5,1313,19,35000.0
Mahindra,2017,Diesel,Manual,113089,Third,19.9,1051,9,105708.71
Maruti,2020,Petrol,Manual,81313,First,18.8,1215,6,158353.47
Ford,2015,Petrol,Manual,132504,First,18.8,1289,11,72546.57
Tata,2022,CNG,Manual,51835,Second,18.8,1437,4,216379.7
Kia,2005,LPG,Manual,256444,Test Drive,15.5,922,21,35000.0
Volkswagen,2024,Diesel,Automatic,23306,First,10.4,1394,2,605656.59
Honda,2008,Petrol,Manual,217900,Second,17.0,663,18,35000.0
Maruti,2013,LPG,Manual,159766,First,9.8,1102,13,35000.0
Maruti,2024,Diesel,Manual,30888,First,19.3,1478,2,407302.06
Hyundai,2008,Diesel,Manual,214877,Second,17.1,1810,18,35000.0
Honda,2007,Petrol,Automatic,236632,First,24.1,1311,19,35000.0
Toyota,2021,Diesel,Automatic,71915,First,20.7,600,5,353892.0
Audi,2025,Petrol,Manual,10640,First,13.1,1609,1,3339137.7
Honda,2016,Diesel,Automatic,121209,First,23.3,644,10,137319.75
Skoda,2012,LPG,Manual,173723,First,20.4,1046,14,49556.29
Toyota,2018,Petrol,Manual,98155,First,13.8,1383,8,185412.63
Maruti,2024,CNG,Manual,18174,First,18.7,818,2,260691.45
Maruti,2025,Diesel,Manual,9076,First,21.8,1015,1,433822.61
Tata,2020,Petrol,Manual,83474,First,24.0,1595,6,213206.7
Toyota,2021,CNG,Automatic,57495,First,21.0,1432,5,388016.68
Maruti,2005,Diesel,Automatic,262254,First,15.5,646,21,35000.0
Maruti,2015,Diesel,Automatic,125000,First,16.7,1587,11,72309.49
Maruti,2007,CNG,Automatic,206022,First,24.5,1415,19,35000.0
Toyota,2012,CNG,Manual,165513,Fourth,20.1,1570,14,37789.96
Maruti,2021,Diesel,Automatic,71349,First,8.1,1662,5,206033.71
Toyota,2015,Petrol,Automatic,131308,First,20.9,2064,11,134218.2
Audi,2005,Diesel,Automatic,258979,Second,12.5,1457,21,127134.43
Hyundai,2008,Petrol,Manual,213228,First,19.9,1510,18,35000.0
Hyundai,2009,Diesel,Automatic,201804,Second,15.1,1508,17,35000.0
Maruti,2005,CNG,Manual,266604,First,19.0,1132,21,35000.0
Renault,2025,Diesel,Manual,13702,Third,20.6,1290,1,339276.86
Chevrolet,2005,Petrol,Automatic,253850,First,14.6,1217,21,35000.0
Toyota,2019,Petrol,Automatic,86207,First,20.3,1435,7,277531.82
Hyundai,2022,Electric,Manual,34890,Test Drive,16.6,1628,4,399444.54
Maruti,2022,Petrol,Automatic,48728,First,19.9,1237,4,272906.3
Skoda,2005,Diesel,Manual,248239,First,19.6,1123,21,35000.0
Volkswagen,2017,Petrol,Manual,101806,Third,19.4,806,9,113951.4
Renault,2026,Diesel,Manual,18512,First,26.0,1928,0,594118.51
Honda,2011,Petrol,Automatic,180744,Second,22.1,1672,15,45491.59
Maruti,2022,Electric,Manual,51353,Second,16.7,1220,4,257761.51
Maruti,2009,Diesel,Manual,201029,First,21.2,1370,17,35000.0
Toyota,2005,Diesel,Automatic,268553,Second,24.9,1419,21,35000.0
Renault,2009,Petrol,Manual,201707,First,20.6,940,17,35000.0
Toyota,2021,Petrol,Automatic,61470,Third,18.9,1527,5,305667.73
Kia,2019,Petrol,Manual,65887,First,17.8,1051,7,243176.61
Skoda,2012,LPG,Manual,173569,Second,17.1,1511,14,44996.91
Renault,2016,Diesel,Manual,127457,Second,13.0,750,10,63889.37
Mahindra,2020,Petrol,Automatic,81012,First,25.3,1132,6,270635.83
Volkswagen,2006,CNG,Automatic,240170,Second,13.4,1303,20,35000.0
Hyundai,2009,Petrol,Manual,202383,First,19.2,1370,17,35000.0
Toyota,2018,Petrol,Manual,98633,First,19.0,929,8,186866.12
Hyundai,2024,Diesel,Automatic,22193,First,15.6,998,2,465811.41
Ford,2018,Petrol,Automatic,99923,First,19.0,1523,8,159259.61
Maruti,2013,Diesel,Manual,158773,First,16.8,1662,13,44281.86
MG,2014,Petrol,Automatic,151877,First,21.9,976,12,105133.72
Tata,2016,Diesel,Manual,102419,First,15.8,1682,10,132619.1
Maruti,2015,Petrol,Manual,124601,First,16.3,1438,11,64638.35
Honda,2017,Petrol,Automatic,102342,Second,20.6,1219,9,120155.55
Toyota,2021,Electric,Automatic,65415,First,16.5,1274,5,483626.55
Maruti,2013,Petrol,Manual,157534,Second,21.9,1319,13,40733.05
Toyota,2020,Petrol,Manual,81985,First,16.6,1606,6,302791.64
Ford,2016,LPG,Manual,114717,Third,13.8,1250,10,61252.85
Hyundai,2013,Petrol,Manual,178208,Second,17.0,1684,13,41153.16
Chevrolet,2016,Diesel,Manual,127614,First,19.9,1028,10,74646.71
Honda,2007,Petrol,Manual,240183,First,18.6,1497,19,35000.0
Honda,2024,Petrol,Manual,10717,First,20.3,1657,2,532715.5
Renault,2008,Diesel,Manual,196524,First,14.7,1590,18,35000.0
Skoda,2025,Diesel,Automatic,15957,First,18.6,1742,1,1067399.97
Toyota,2014,CNG,Manual,146055,First,25.7,1685,12,102301.52
Renault,2024,Petrol,Automatic,16262,Second,14.2,907,2,374222.29
BMW,2022,Petrol,Manual,33810,First,14.1,1044,4,1759891.09
Chevrolet,2011,Diesel,Manual,187980,Second,16.4,1093,15,35000.0
Maruti,2011,Petrol,Automatic,175750,Second,21.8,1397,15,35000.0
Skoda,2023,Diesel,Manual,32002,Second,13.8,1095,3,466313.66
Toyota,2018,Diesel,Manual,97388,Second,25.9,837,8,197129.94
Maruti,2025,Petrol,Manual,15997,Second,16.4,1128,1,303684.25
Maruti,2025,Petrol,Automatic,12499,First,14.9,1453,1,480586.09
Nissan,2009,Petrol,Automatic,197874,First,19.0,1415,17,35000.0
Mercedes,2022,Petrol,Automatic,60004,First,17.9,765,4,2479123.23
Ford,2023,Petrol,Manual,41495,First,20.0,1062,3,322624.47
Nissan,2010,Petrol,Automatic,194222,Second,16.0,1153,16,35000.0
Skoda,2026,Petrol,Manual,16754,Second,13.4,762,0,597039.65
Kia,2009,Petrol,Manual,198597,First,19.8,931,17,35511.44
Maruti,2006,Petrol,Automatic,241964,Second,14.7,1822,20,35000.0
Nissan,2007,Petrol,Manual,234430,Second,16.0,1107,19,35000.0
Hyundai,2008,Diesel,Manual,214969,Second,20.1,1531,18,35000.0
Hyundai,2017,Petrol,Manual,101724,First,20.5,1222,9,125106.24
Renault,2012,Petrol,Automatic,170142,Second,9.2,960,14,35000.0
Hyundai,2005,Petrol,Manual,257530,First,25.2,1176,21,35000.0
Skoda,2019,Petrol,Manual,72345,First,22.1,1748,7,321011.43
Mahindra,2025,Diesel,Automatic,14042,Second,20.2,1985,1,719740.23
MG,2022,Diesel,Automatic,50749,Second,13.1,1345,4,485095.74
Hyundai,2020,Petrol,Manual,82782,Third,12.5,1158,6,133371.21
Volkswagen,2011,CNG,Manual,188688,Second,21.7,1304,15,43326.17
Maruti,2017,Petrol,Automatic,121908,First,18.9,600,9,99796.33
Kia,2024,Petrol,Manual,16892,Third,15.7,1106,2,345849.45
Honda,2017,Electric,Automatic,111144,Second,20.4,1267,9,158867.19
Toyota,2006,Petrol,Automatic,236317,Second,8.6,869,20,35000.0
Volkswagen,2022,Diesel,Automatic,47894,Third,13.7,1046,4,337810.76
Hyundai,2006,Diesel,Manual,236778,First,23.9,852,20,35000.0
Toyota,2018,CNG,Manual,99038,Third,21.3,1667,8,147432.82
Ford,2007,Petrol,Manual,229318,First,13.0,1080,19,35000.0
Honda,2008,Diesel,Manual,204419,Third,14.7,1019,18,35000.0
Toyota,2019,Petrol,Manual,76136,Third,17.8,1046,7,179070.76
Hyundai,2026,Petrol,Automatic,1219,First,19.2,1268,0,683114.96
Renault,2019,Electric,Manual,83273,First,15.4,1619,7,193576.99
Kia,2010,Petrol,Automatic,184062,First,15.4,822,16,42329.76
Toyota,2017,Petrol,Manual,108828,Second,18.3,1362,9,130656.76
Hyundai,2011,Petrol,Automatic,160438,Second,24.7,726,15,35000.0
Maruti,2015,Petrol,Manual,125627,Second,16.4,1194,11,51381.98
Audi,2023,CNG,Manual,30884,Third,22.8,1402,3,1703598.21
Toyota,2021,Petrol,Manual,51909,First,20.6,1101,5,351768.36
Mahindra,2010,Petrol,Manual,199787,First,14.1,953,16,42361.31
Honda,2023,Petrol,Manual,46774,First,20.6,1297,3,387636.65
Volvo,2026,Diesel,Manual,14247,Third,20.5,1707,0,2430272.14
Maruti,2019,Petrol,Manual,87553,First,17.3,1518,7,125770.32
Mahindra,2016,Petrol,Manual,119547,Third,18.5,1191,10,73033.64
Hyundai,2015,Petrol,Manual,130539,Second,22.6,1286,11,70492.57
Mahindra,2006,Diesel,Manual,227366,Second,12.1,1504,20,35000.0
Maruti,2026,Diesel,Manual,15843,Second,13.9,611,0,349477.56
Toyota,2009,Petrol,Automatic,214579,First,17.8,694,17,43222.19
Honda,2026,Petrol,Automatic,18944,Second,17.6,1192,0,670509.09
Tata,2021,Petrol,Automatic,59708,Second,18.7,1091,5,206801.44
Ford,2006,Petrol,Automatic,240781,Test Drive,15.9,646,20,35000.0
Hyundai,2026,Petrol,Manual,6975,Third,17.8,1905,0,433560.9
Volkswagen,2021,Petrol,Manual,45343,Second,16.6,885,5,269548.33
Toyota,2008,Petrol,Manual,220964,First,22.6,984,18,35000.0
Toyota,2014,Petrol,Manual,145721,First,24.9,1389,12,106118.64
Maruti,2009,Petrol,Automatic,213791,Fourth,18.6,1192,17,35000.0
Tata,2023,Petrol,Manual,33778,First,16.8,1240,3,327680.93
Maruti,2007,Diesel,Manual,227715,Second,17.5,1316,19,35000.0
Tata,2025,Petrol,Automatic,500,First,17.1,915,1,463600.7
Audi,2007,Diesel,Manual,226407,First,24.4,1596,19,189728.82
Maruti,2021,Petrol,Manual,63052,First,25.0,878,5,208883.33
Tata,2023,Petrol,Manual,22155,First,25.0,970,3,345338.38
BMW,2022,Diesel,Manual,38649,First,17.9,781,4,1898287.57
Hyundai,2010,Petrol,Automatic,196094,First,19.7,943,16,36097.43
Maruti,2010,Petrol,Manual,185138,Second,19.8,922,16,35000.0
Maruti,2013,Petrol,Automatic,151820,First,13.6,1519,13,47052.18
Renault,2024,Petrol,Manual,19245,First,22.8,1762,2,428056.23
Toyota,2016,Petrol,Manual,110961,Third,23.2,1099,10,112547.17
Renault,2015,Diesel,Manual,110583,First,17.5,1580,11,84450.12
Hyundai,2006,Petrol,Manual,235434,Second,18.9,1148,20,35000.0
Hyundai,2013,Diesel,Automatic,156944,First,21.3,873,13,63802.15
Toyota,2020,Petrol,Manual,76380,Second,13.1,635,6,209733.74
Hyundai,2010,LPG,Manual,176330,Second,11.8,1569,16,35000.0
Jeep,2026,Petrol,Manual,8939,First,16.5,1361,0,1196417.33
Tata,2017,Petrol,Manual,116135,First,14.2,1167,9,91711.4
Toyota,2011,Diesel,Manual,184036,Third,16.0,1615,15,41907.5
Honda,2009,Diesel,Automatic,213593,Fourth,14.6,1534,17,35000.0
Hyundai,2015,Petrol,Manual,149153,Second,19.1,1071,11,54915.09
Maruti,2005,Electric,Manual,253918,First,25.8,1319,21,35000.0
Mahindra,2021,CNG,Manual,67440,First,17.1,1684,5,256405.4
Hyundai,2016,Petrol,Manual,131180,Second,16.4,1846,10,69664.53
Nissan,2010,Petrol,Manual,187771,Third,16.6,1397,16,35000.0
Tata,2024,Petrol,Manual,37662,Second,22.3,1416,2,310216.6
Jeep,2022,Diesel,Manual,38893,First,19.7,1431,4,653287.48
Maruti,2012,Petrol,Automatic,173358,First,19.6,1325,14,41198.35
Hyundai,2019,Diesel,Manual,89443,Second,24.9,1184,7,153131.73
Tata,2024,Petrol,Manual,12838,First,13.7,1264,2,358427.13
BMW,2009,Petrol,Automatic,192712,Fourth,19.0,1049,17,116002.2
Renault,2021,Diesel,Manual,66993,Second,15.2,1114,5,183533.51
Honda,2011,Petrol,Manual,171549,Test Drive,23.2,1665,15,55429.61
Hyundai,2022,Petrol,Manual,41603,First,15.7,904,4,294571.57
Maruti,2013,Diesel,Manual,165346,First,12.9,1708,13,37577.12
Maruti,2016,Petrol,Manual,111612,Second,15.1,1770,10,72369.02
Hyundai,2020,Petrol,Manual,70640,First,12.3,1633,6,199818.16
Maruti,2013,Petrol,Manual,163071,Fourth,20.7,1402,13,35000.0
Honda,2016,Diesel,Manual,129867,First,16.8,1510,10,118575.24
Tata,2007,Petrol,Manual,236828,First,14.7,1289,19,35000.0
Hyundai,2014,Diesel,Manual,158637,First,15.0,806,12,59123.67
BMW,2017,Diesel,Automatic,100412,Second,11.5,1434,9,685654.35
Kia,2006,Petrol,Manual,249166,First,15.5,1289,20,35000.0
Maruti,2016,Petrol,Manual,122346,First,18.0,1477,10,76730.79
Hyundai,2024,Petrol,Manual,25636,Third,18.9,1860,2,319797.34
Kia,2013,Petrol,Manual,143796,First,17.2,1367,13,66218.35
Maruti,2018,Petrol,Manual,85507,Third,26.1,1288,8,96413.19
Hyundai,2022,Petrol,Manual,55949,Fourth,12.5,1000,4,147467.85
Hyundai,2007,Diesel,Automatic,239464,First,16.6,899,19,35000.0
Hyundai,2005,Diesel,Manual,253474,Second,10.2,1057,21,35000.0
Volkswagen,2026,Petrol,Automatic,12128,Second,19.4,1560,0,713712.63
Jeep,2019,Diesel,Manual,95505,First,14.4,2192,7,377178.96
Renault,2008,Petrol,Manual,193625,Second,28.0,1325,18,35000.0
Honda,2024,Diesel,Manual,23841,First,22.8,1334,2,606281.07
Audi,2024,Petrol,Manual,22186,First,20.1,1320,2,2970566.26
Chevrolet,2022,Petrol,Manual,65883,First,12.0,1470,4,214244.95
Hyundai,2023,Petrol,Manual,33829,First,17.8,1186,3,361287.97
Volkswagen,2017,Petrol,Automatic,99363,First,16.1,1341,9,187348.29
Mercedes,2019,Diesel,Manual,83061,First,17.7,1391,7,1449615.82
Tata,2011,Petrol,Manual,186786,First,16.3,828,15,35000.0
Hyundai,2014,LPG,Automatic,152991,First,19.6,1764,12,66237.61
Maruti,2008,Diesel,Automatic,222255,First,19.8,1328,18,35000.0
Skoda,2025,Diesel,Manual,20920,First,20.3,2137,1,846561.16
Maruti,2021,Diesel,Manual,57569,First,21.2,600,5,198484.3
Volkswagen,2018,Petrol,Manual,97602,Fourth,17.9,1475,8,124852.48
Maruti,2019,Petrol,Manual,82867,First,16.9,1498,7,138186.71
Hyundai,2020,Petrol,Manual,86467,First,23.4,938,6,188590.15
Tata,2011,Diesel,Automatic,194981,First,16.3,1419,15,36241.23
Hyundai,2008,CNG,Manual,216155,First,19.9,1199,18,35000.0
Hyundai,2012,Petrol,Manual,159676,First,21.6,1511,14,39970.8
Toyota,2020,Petrol,Manual,64929,Third,16.2,1073,6,208298.86
BMW,2019,Petrol,Manual,89784,First,21.0,1045,7,1051645.14
Kia,2011,Petrol,Manual,176327,Fourth,16.9,1417,15,35000.0
Hyundai,2026,Petrol,Automatic,19935,First,14.0,1081,0,546906.87
Volkswagen,2011,Diesel,Automatic,182081,Third,20.9,1384,15,41971.73
Renault,2005,Petrol,Automatic,237386,Second,8.9,969,21,35000.0
Jeep,2016,Diesel,Manual,109513,Second,26.4,1956,10,279537.2
Skoda,2005,Diesel,Manual,246793,First,13.6,1200,21,35000.0
Toyota,2016,Petrol,Automatic,121668,Second,19.5,944,10,135866.51
Renault,2025,Diesel,Manual,16757,Second,18.3,1278,1,373177.08
Maruti,2005,Petrol,Manual,241660,First,15.9,1469,21,35000.0
Maruti,2005,Diesel,Manual,263161,First,12.5,1879,21,35000.0
Hyundai,2016,Petrol,Automatic,127731,First,15.2,1282,10,103622.3
Renault,2007,Petrol,Manual,210797,Third,15.0,1592,19,35000.0
Hyundai,2006,Petrol,Manual,239181,Second,18.5,822,20,35000.0
Maruti,2016,CNG,Manual,115221,Third,16.4,1404,10,54979.09
BMW,2007,Diesel,Automatic,221958,Second,21.8,861,19,149420.27
Kia,2006,Petrol,Automatic,252690,First,14.1,1366,20,35000.0
Maruti,2013,Petrol,Manual,157012,Second,18.0,1522,13,35000.0
Skoda,2023,CNG,Automatic,50779,Second,20.2,1481,3,457735.03
Maruti,2010,Petrol,Manual,190447,First,10.9,760,16,35000.0
Ford,2015,Diesel,Automatic,132667,First,13.7,1404,11,96293.02
Hyundai,2019,Diesel,Manual,83602,First,17.5,1412,7,187274.63
Toyota,2014,Diesel,Manual,160485,First,16.5,1401,12,92158.6
Honda,2017,Diesel,Manual,110900,Second,13.1,1230,9,125319.41
Honda,2013,Diesel,Manual,154314,First,14.2,1905,13,63610.0
Maruti,2025,Petrol,Automatic,16180,First,14.9,600,1,387609.53
Maruti,2019,CNG,Manual,84417,Second,13.4,1011,7,91174.8
Tata,2025,Petrol,Automatic,12809,First,16.2,1439,1,531177.41
Mahindra,2012,Diesel,Manual,165866,First,20.3,973,14,55307.3
Toyota,2025,Petrol,Automatic,19856,First,19.9,792,1,727154.1
Mercedes,2020,Petrol,Automatic,65178,Second,15.3,1141,6,1421301.35
Hyundai,2019,Petrol,Manual,77839,Third,18.2,879,7,116841.54
Toyota,2007,Petrol,Manual,238666,Second,11.7,1246,19,35000.0
Maruti,2015,Petrol,Manual,123142,First,19.6,769,11,64667.5
Tata,2026,Petrol,Manual,13937,Fourth,15.6,1425,0,343498.31
Mercedes,2005,Diesel,Manual,244913,First,18.0,1803,21,156386.96
Toyota,2024,Diesel,Manual,34206,Second,16.9,1553,2,517638.47
Kia,2011,Diesel,Manual,182287,Second,20.1,1268,15,44563.5
Skoda,2013,Petrol,Manual,145431,Third,26.1,1487,13,67004.35
Skoda,2015,Diesel,Manual,121182,Second,24.2,1615,11,127082.33
Maruti,2023,Petrol,Manual,39866,Fourth,15.2,916,3,157785.3
Hyundai,2009,Petrol,Manual,202419,Third,17.9,2131,17,35000.0
Maruti,2023,Electric,Automatic,30566,Second,16.2,600,3,328808.77
Maruti,2007,Petrol,Manual,239088,First,22.8,1289,19,35000.0
Hyundai,2011,Diesel,Manual,189747,First,16.4,1441,15,39471.05
BMW,2022,Petrol,Manual,55405,Third,13.5,1430,4,1270683.06
Hyundai,2009,Diesel,Manual,197534,First,14.4,1217,17,35000.0
Hyundai,2008,Diesel,Automatic,217980,Second,17.8,1752,18,35000.0
Hyundai,2024,Petrol,Manual,28939,First,16.7,1367,2,414141.74
Hyundai,2023,Petrol,Automatic,39965,Test Drive,18.5,1329,3,412657.96
Ford,2008,Diesel,Automatic,230033,First,22.2,1278,18,35000.0
Hyundai,2018,Petrol,Manual,103537,First,16.4,995,8,128129.89
Honda,2026,Petrol,Manual,27067,Fourth,21.5,1538,0,398489.95
Tata,2005,Diesel,Manual,262331,First,13.1,874,21,35000.0
Tata,2019,Diesel,Manual,78942,First,23.1,1559,7,193066.27
Honda,2014,Petrol,Automatic,149525,First,8.8,1478,12,84143.53
Tata,2019,Petrol,Automatic,92967,Second,14.5,1419,7,164682.61
Hyundai,2019,Diesel,Manual,80218,First,12.4,1116,7,174559.47
Ford,2010,Diesel,Manual,187490,Second,19.4,1545,16,35000.0
Kia,2023,Petrol,Manual,39827,Fourth,16.3,1460,3,261133.63
Mahindra,2011,Petrol,Manual,171737,First,16.2,1532,15,49991.45
Honda,2023,LPG,Manual,25638,First,23.4,1943,3,352415.15
Maruti,2020,Petrol,Manual,80180,First,19.6,1661,6,158323.91
Maruti,2014,Petrol,Manual,140251,Third,15.5,1183,12,36675.65
Tata,2025,Petrol,Manual,28869,First,23.5,1190,1,436218.89
Honda,2015,Petrol,Manual,128810,First,22.3,1246,11,95560.96
Mahindra,2025,Petrol,Manual,14452,Second,21.9,1742,1,590364.73
Mahindra,2017,Electric,Manual,101120,First,17.6,1550,9,200270.82
Honda,2016,Diesel,Manual,124272,Second,19.8,885,10,98298.48
Mahindra,2023,Petrol,Manual,36407,Second,21.5,787,3,349228.36
Skoda,2016,Petrol,Manual,115620,First,11.4,1204,10,134073.19
Skoda,2011,Petrol,Manual,175449,First,19.7,1332,15,59092.19
Honda,2018,Petrol,Manual,111561,First,20.6,1630,8,143243.13
Honda,2011,Diesel,Manual,175004,Second,18.8,1239,15,42802.39
Mahindra,2022,Petrol,Manual,52439,First,18.0,600,4,326473.27
Toyota,2011,Petrol,Manual,172630,First,12.7,1414,15,52028.01
Audi,2005,Diesel,Automatic,244043,Second,15.4,1225,21,128005.24
Tata,2020,Electric,Manual,77424,First,22.0,1445,6,284955.91
Volvo,2021,Petrol,Manual,55432,First,23.5,1637,5,1216518.87
Honda,2007,Petrol,Manual,212227,First,19.8,1682,19,35000.0
MG,2020,CNG,Manual,77695,First,15.5,766,6,254812.61
Nissan,2020,Diesel,Automatic,63470,First,19.9,1662,6,304321.65
Honda,2010,Petrol,Automatic,182783,First,19.1,1971,16,53316.77
Skoda,2012,Petrol,Manual,169237,Second,18.7,656,14,49814.21
Mercedes,2016,Petrol,Manual,123512,Second,11.3,983,10,506123.89
Volkswagen,2018,Diesel,Automatic,105043,First,15.4,1598,8,249726.77
Volkswagen,2012,Petrol,Manual,187887,First,19.0,1701,14,59750.99
Hyundai,2025,Diesel,Manual,20842,First,10.7,1173,1,491295.25
Mahindra,2014,Diesel,Manual,142822,Second,25.5,1075,12,69500.17
Mahindra,2008,CNG,Manual,215741,Third,19.2,1019,18,35000.0
Mahindra,2017,Petrol,Automatic,99721,Second,15.9,1169,9,169474.89
Volkswagen,2013,Diesel,Automatic,161523,Second,17.3,1947,13,79784.2
Hyundai,2020,Petrol,Automatic,66197,First,19.6,1515,6,253625.2
Maruti,2015,Petrol,Automatic,123144,Fourth,11.2,996,11,41015.94
Volvo,2023,Diesel,Manual,35075,First,14.6,1982,3,1965566.12
Honda,2008,Petrol,Manual,220915,Second,21.9,1319,18,35000.0
Volkswagen,2012,Petrol,Manual,172035,First,20.0,1586,14,63802.11
Honda,2013,Diesel,Manual,148400,Fourth,26.1,1028,13,46728.37
Hyundai,2012,Petrol,Automatic,157693,First,12.2,1705,14,56457.76
Maruti,2016,CNG,Manual,118691,Second,20.1,861,10,51584.55
Tata,2015,Petrol,Manual,147178,Second,19.8,790,11,52466.77
Maruti,2014,Diesel,Manual,145338,First,8.8,1187,12,51244.68
Maruti,2019,Petrol,Manual,85485,First,13.9,1263,7,123103.02
Kia,2021,Petrol,Manual,61786,Third,16.9,1310,5,221474.63
Hyundai,2019,Petrol,Manual,85385,First,16.5,1824,7,205178.94
Ford,2020,Petrol,Manual,85905,Second,20.7,1411,6,181872.67
Ford,2006,Petrol,Automatic,249638,First,20.7,1234,20,35000.0
Hyundai,2019,Petrol,Manual,84369,First,17.3,1294,7,154183.04
BMW,2009,Petrol,Manual,203289,Second,18.2,1302,17,173962.58
BMW,2013,Petrol,Manual,151510,First,26.6,1031,13,298240.05
Maruti,2010,Electric,Automatic,192282,First,9.8,1718,16,35000.0
Volkswagen,2024,Petrol,Manual,21108,First,16.1,1444,2,586634.24
Hyundai,2010,Petrol,Manual,195279,First,26.1,1215,16,35000.0
Maruti,2007,Electric,Manual,223790,Test Drive,18.7,2038,19,35000.0
Maruti,2019,LPG,Manual,84827,Third,16.8,1708,7,79105.13
Kia,2014,Diesel,Automatic,144666,Third,17.4,1602,12,78736.07
Toyota,2014,Petrol,Manual,153202,Fourth,19.1,2050,12,55324.89
Tata,2011,Petrol,Manual,182748,Second,17.8,1028,15,35000.0
Mahindra,2024,Petrol,Automatic,15274,Second,16.0,1894,2,503006.77
Toyota,2023,Diesel,Manual,35850,First,16.7,865,3,468554.26
Tata,2006,CNG,Manual,243531,First,21.5,1335,20,35000.0
Toyota,2009,Petrol,Automatic,215583,Second,20.2,1912,17,45395.67
Toyota,2019,Petrol,Manual,68019,First,10.7,1391,7,262839.36
Mercedes,2012,Petrol,Automatic,171395,First,21.6,1604,14,365609.78
Jeep,2019,Petrol,Manual,84647,First,22.4,1754,7,352095.38
MG,2019,Petrol,Manual,91144,Second,21.5,1193,7,241709.14
Mahindra,2010,CNG,Manual,186056,First,26.9,987,16,40319.78
Tata,2007,Diesel,Manual,232294,Second,15.8,1909,19,35000.0
Maruti,2019,Petrol,Manual,82194,Third,14.7,1006,7,104908.21
Tata,2026,CNG,Automatic,3243,First,17.9,1286,0,522693.24
Ford,2019,Petrol,Manual,86212,Second,26.9,1766,7,185719.55
Maruti,2010,CNG,Manual,189253,Second,20.9,1469,16,35000.0
Tata,2025,CNG,Manual,5988,Third,19.0,1266,1,292861.34
Maruti,2024,Diesel,Manual,27790,Second,22.8,1395,2,313872.36
Tata,2012,CNG,Manual,170523,Second,17.1,1267,14,35000.0
Maruti,2025,Diesel,Automatic,9133,Second,16.1,1298,1,448159.26
Maruti,2008,Petrol,Automatic,219212,First,18.6,1506,18,35000.0
Toyota,2010,Petrol,Manual,188409,Second,21.5,1386,16,52283.7
Maruti,2019,Electric,Manual,84296,First,18.4,1303,7,189259.29
MG,2022,Petrol,Automatic,56503,First,15.5,1660,4,464265.88
Kia,2005,Diesel,Manual,251383,Second,16.4,1261,21,35000.0
Hyundai,2007,Diesel,Automatic,225665,Fourth,23.5,1490,19,35000.0
Maruti,2018,Petrol,Automatic,102411,Second,19.3,1255,8,104800.21
Maruti,2012,Petrol,Manual,162249,Second,19.1,1772,14,35000.0
Tata,2024,Diesel,Manual,19573,Second,19.5,1223,2,373916.02
BMW,2012,Petrol,Automatic,159826,Third,18.9,840,14,235565.54
Mahindra,2011,Petrol,Manual,167504,First,20.0,1019,15,47399.48
Toyota,2022,Petrol,Automatic,50065,First,19.3,1104,4,428156.09
Renault,2020,Diesel,Manual,84991,Third,17.1,1019,6,116856.21
Hyundai,2020,Diesel,Automatic,66135,First,13.7,714,6,222900.97
Ford,2023,Diesel,Manual,35043,First,29.2,1610,3,449681.58
BMW,2006,Petrol,Automatic,236956,Second,15.0,957,20,121716.48
Ford,2026,CNG,Automatic,5185,Second,21.9,1097,0,484577.22
Audi,2008,Petrol,Automatic,215059,Third,26.5,1295,18,160773.57
Honda,2007,CNG,Manual,211131,First,20.1,922,19,35000.0
Tata,2005,Petrol,Automatic,240141,First,22.4,731,21,35000.0
Ford,2015,Petrol,Manual,128796,Second,19.2,1555,11,65233.97
Maruti,2026,Diesel,Manual,5172,First,17.8,1161,0,449006.87
Mahindra,2026,Diesel,Manual,19756,First,16.3,1424,0,721630.76
Mahindra,2007,Electric,Manual,240748,First,24.6,1106,19,36446.54
Skoda,2005,Diesel,Manual,240162,Second,18.2,600,21,35000.0
Hyundai,2009,Petrol,Manual,194918,Third,14.7,1400,17,35000.0
Tata,2015,Petrol,Manual,124592,First,10.4,1657,11,71527.97
Skoda,2025,Petrol,Manual,11266,First,19.6,1451,1,879266.38
Toyota,2010,Diesel,Manual,202241,First,16.7,1462,16,43847.35
Mahindra,2022,Petrol,Manual,39575,First,16.9,791,4,318772.69
Tata,2007,Diesel,Manual,227793,First,21.3,994,19,35000.0
Hyundai,2013,Petrol,Manual,166444,First,15.5,684,13,39941.37
MG,2024,Electric,Automatic,17963,First,12.1,1347,2,927166.19
Skoda,2010,Petrol,Manual,199591,Second,15.8,730,16,38809.35
Honda,2011,Petrol,Manual,190905,First,12.8,1801,15,41968.71
Hyundai,2020,Petrol,Automatic,63883,First,25.8,1131,6,270649.4
Renault,2008,Petrol,Manual,220577,Second,18.4,751,18,35000.0
Hyundai,2025,Petrol,Manual,2880,First,19.4,1372,1,596632.82
Hyundai,2006,Petrol,Manual,241810,Third,19.1,1399,20,35000.0
Tata,2009,Diesel,Automatic,191756,First,20.1,921,17,35000.0
Toyota,2006,Petrol,Manual,243214,Second,23.0,2313,20,35000.0
Hyundai,2022,CNG,Manual,52295,First,20.8,854,4,225552.65
Hyundai,2009,Petrol,Automatic,203048,First,18.7,1485,17,35177.21
BMW,2009,Petrol,Automatic,191965,First,17.9,1420,17,183252.43
Renault,2016,Diesel,Manual,119370,First,20.9,1365,10,90965.04
Maruti,2023,Petrol,Automatic,39202,First,17.9,606,3,272996.59
Maruti,2025,LPG,Manual,8239,First,21.0,1389,1,336496.54
Chevrolet,2012,Petrol,Manual,179667,First,20.3,600,14,35000.0
Honda,2018,Petrol,Manual,97426,Second,21.1,804,8,125320.19
Jeep,2011,Petrol,Manual,170421,First,16.9,1684,15,91331.27
Honda,2018,Petrol,Automatic,75944,Second,17.8,896,8,169887.22
Hyundai,2009,Petrol,Automatic,218938,First,24.3,1060,17,37946.05
Renault,2025,Petrol,Automatic,6840,First,15.8,1761,1,516493.57
Maruti,2005,Petrol,Manual,245119,Second,21.6,1368,21,35000.0
BMW,2025,Diesel,Manual,10163,First,19.4,1777,1,3633768.57
Toyota,2006,Petrol,Automatic,249275,First,6.9,1123,20,35000.0
Nissan,2022,Diesel,Automatic,57351,First,27.7,1440,4,367695.48
BMW,2018,Petrol,Manual,93835,First,22.8,1392,8,1061249.95
Ford,2020,Diesel,Manual,72933,Test Drive,24.2,675,6,227217.87
Hyundai,2018,LPG,Automatic,96553,Third,16.9,1120,8,95038.22
Hyundai,2013,Petrol,Manual,151306,Second,19.1,1151,13,39641.07
Maruti,2026,Diesel,Automatic,500,First,20.7,1162,0,563339.06
BMW,2025,Petrol,Manual,16059,First,22.2,1592,1,3135178.5
Mahindra,2009,Diesel,Manual,194638,First,21.6,1280,17,40354.92
Mahindra,2011,Petrol,Automatic,181198,Second,24.2,1361,15,53923.28
MG,2005,Petrol,Automatic,257408,Third,22.2,1466,21,35000.0
Tata,2015,Diesel,Manual,132378,First,13.6,621,11,62975.44
Toyota,2014,Petrol,Manual,139655,Third,18.3,1398,12,63606.02
Maruti,2025,Petrol,Manual,6267,First,18.5,1553,1,405618.92
Renault,2017,Petrol,Automatic,111080,Second,11.3,1022,9,82491.56
Honda,2020,Petrol,Automatic,71180,Second,18.0,1065,6,204939.85
Tata,2022,Petrol,Automatic,47312,First,21.3,1240,4,327686.96
MG,2018,Diesel,Manual,89527,First,18.5,1373,8,244959.72
Maruti,2011,Electric,Automatic,175167,Third,20.1,1291,15,35000.0
Audi,2019,Diesel,Manual,88526,First,12.7,1547,7,1122812.88
Mahindra,2011,Petrol,Manual,174517,Second,21.0,1402,15,45669.33
Ford,2020,Diesel,Automatic,67594,Second,18.8,1520,6,234518.28
Ford,2010,Petrol,Manual,207751,First,21.2,1313,16,35000.0
Hyundai,2015,Diesel,Manual,141419,First,11.3,1611,11,76471.95
Mahindra,2020,Electric,Manual,72643,First,12.5,1456,6,333797.87
Maruti,2012,Petrol,Automatic,174187,Test Drive,19.0,2004,14,47551.39
Honda,2019,LPG,Manual,91659,First,18.9,1227,7,174495.39
Mahindra,2009,Petrol,Manual,203226,Third,21.9,1261,17,35000.0
Volkswagen,2006,Diesel,Manual,227004,Fourth,17.7,1369,20,35000.0
Toyota,2019,Petrol,Automatic,103503,Second,20.1,1198,7,222869.13
Tata,2009,Petrol,Manual,210685,First,19.1,1535,17,35000.0
Toyota,2015,Diesel,Manual,121520,First,16.7,1494,11,148390.76
Tata,2007,Petrol,Manual,226134,Second,20.5,1698,19,35000.0
Maruti,2010,Petrol,Manual,198629,Second,20.3,1058,16,35000.0
Audi,2007,Diesel,Automatic,219403,Second,18.5,1180,19,166831.52
Mahindra,2016,Petrol,Manual,106941,First,18.6,1202,10,128008.58
Toyota,2010,Diesel,Manual,182058,First,16.4,1781,16,56654.93
Volkswagen,2011,CNG,Manual,185605,Third,18.8,1898,15,35000.0
Hyundai,2020,Petrol,Manual,78737,Test Drive,23.8,1058,6,213747.02
Hyundai,2007,Petrol,Manual,232777,First,20.1,835,19,35000.0
Maruti,2024,CNG,Manual,22636,First,19.2,1581,2,322461.7
Tata,2019,Petrol,Automatic,84733,First,20.0,658,7,167758.86
Mahindra,2007,Petrol,Manual,231941,Second,17.2,1758,19,35000.0
Honda,2021,Petrol,Manual,55615,First,9.6,981,5,252119.69
Tata,2025,Petrol,Manual,21198,Third,24.2,1919,1,421123.65
Maruti,2014,CNG,Manual,135771,Second,14.0,1254,12,35000.0
Maruti,2025,Electric,Automatic,16616,Second,19.9,1227,1,521734.56
Volkswagen,2017,CNG,Manual,97909,Fourth,19.5,1327,9,81061.83
Hyundai,2006,Petrol,Manual,244732,Second,15.2,923,20,35000.0
Nissan,2008,Petrol,Automatic,227853,Fourth,10.2,1505,18,35000.0
Hyundai,2005,Petrol,Manual,245254,Second,14.1,1185,21,35000.0
Tata,2022,LPG,Manual,56144,First,23.7,1407,4,229678.42
Maruti,2016,Diesel,Automatic,107993,First,18.5,1199,10,106927.8
Maruti,2022,Petrol,Manual,40444,Second,14.7,1405,4,198610.51
Volkswagen,2023,Diesel,Automatic,27383,Fourth,17.2,1736,3,369446.73
Mahindra,2022,Petrol,Manual,50006,First,13.5,1137,4,335833.93
Ford,2012,Diesel,Manual,167488,First,17.5,1157,14,46134.49
Tata,2006,Electric,Manual,238220,Third,22.6,1512,20,35000.0
Honda,2008,Petrol,Manual,209348,First,20.5,1138,18,35000.0
Tata,2022,Diesel,Manual,44197,First,24.1,1005,4,345869.82
Hyundai,2007,Diesel,Manual,237303,Second,21.2,1012,19,35000.0
Mahindra,2015,LPG,Automatic,143327,First,15.9,1103,11,80054.85
Hyundai,2007,Petrol,Manual,230100,Fourth,22.9,1680,19,35000.0
Maruti,2006,Petrol,Manual,225131,First,11.5,1508,20,35000.0
Renault,2016,Petrol,Manual,124726,First,17.0,2212,10,89777.68
Tata,2019,Petrol,Automatic,74727,First,10.0,1247,7,176584.97
Nissan,2023,LPG,Manual,36157,Third,18.7,812,3,163988.95
Tata,2021,Diesel,Manual,65963,Second,23.7,1268,5,220680.57
Maruti,2014,Diesel,Manual,150601,First,16.2,985,12,51701.97
Ford,2010,Diesel,Automatic,195335,First,21.6,691,16,38386.58
Hyundai,2014,Petrol,Manual,155530,Second,17.4,1269,12,51057.97
Maruti,2017,Petrol,Manual,108132,First,20.7,1595,9,101805.12
Tata,2007,Petrol,Automatic,229936,First,18.0,1408,19,35000.0
Ford,2026,Petrol,Automatic,500,Third,18.7,1253,0,502958.39
Maruti,2007,Petrol,Manual,229574,First,18.6,1358,19,35000.0
Maruti,2011,Petrol,Automatic,174038,First,22.3,600,15,35000.0
MG,2026,Petrol,Manual,8731,First,14.0,1528,0,755901.81
Mercedes,2011,Petrol,Automatic,191447,First,19.0,1187,15,314733.13
Honda,2026,Petrol,Manual,24318,First,20.5,1301,0,669272.04
Hyundai,2023,Petrol,Manual,32604,Second,15.4,1457,3,268228.73
Kia,2019,Petrol,Manual,75113,First,15.7,1131,7,210042.94
Honda,2017,Petrol,Manual,92737,First,13.5,1494,9,142436.78
Maruti,2014,Diesel,Manual,144287,Second,19.9,1259,12,53253.99
Mahindra,2006,Petrol,Manual,244682,Second,16.4,1389,20,35000.0
Honda,2019,Petrol,Manual,86553,First,18.3,1078,7,183474.36
Hyundai,2010,Diesel,Manual,200163,First,18.3,1032,16,35000.0
Mahindra,2010,CNG,Manual,206288,First,22.8,913,16,36406.48
Maruti,2025,CNG,Manual,4675,First,21.8,906,1,331004.89
Maruti,2022,CNG,Manual,37975,Third,16.2,1236,4,152487.95
Honda,2019,Petrol,Automatic,93389,Test Drive,9.3,1412,7,208599.47
Audi,2013,LPG,Automatic,171086,First,15.2,746,13,284772.54
Ford,2019,Petrol,Manual,86852,Second,18.9,1028,7,135369.23
Mahindra,2019,CNG,Manual,89523,Second,17.9,1220,7,172843.56
Maruti,2008,Petrol,Manual,215472,Second,19.2,629,18,35000.0
Mahindra,2025,Petrol,Manual,16401,Second,15.7,1283,1,452859.71
Volkswagen,2012,Petrol,Manual,167697,First,19.1,1411,14,55960.96
Mercedes,2009,Petrol,Manual,192226,Second,18.8,1714,17,218703.28
Maruti,2026,Electric,Manual,9340,First,16.2,1723,0,561761.34
Hyundai,2011,Diesel,Manual,178613,First,21.6,1597,15,42851.73
MG,2005,Petrol,Manual,238129,First,21.3,674,21,35000.0
Volkswagen,2018,Diesel,Manual,103357,Second,23.7,1213,8,174225.91
Hyundai,2021,Diesel,Automatic,56825,First,13.1,1352,5,261834.57
Hyundai,2011,Petrol,Automatic,187766,First,16.3,1161,15,39633.69
Maruti,2018,Petrol,Manual,110650,Second,18.3,1205,8,99058.18
Maruti,2013,CNG,Manual,163719,First,18.3,669,13,35000.0
Maruti,2010,Petrol,Manual,179896,Second,20.0,1475,16,35000.0
Maruti,2015,Diesel,Manual,123884,Second,13.6,1696,11,64253.59
MG,2010,Diesel,Manual,191367,First,21.4,1449,16,58159.75
Hyundai,2005,Petrol,Manual,267412,Second,12.1,1013,21,35000.0
BMW,2026,Petrol,Automatic,8250,Third,17.5,1485,0,3049713.39
Mahindra,2020,Petrol,Automatic,77940,Second,19.2,600,6,204494.25
Kia,2024,Diesel,Manual,17536,Test Drive,30.8,600,2,632095.66
Kia,2007,Petrol,Manual,228233,Third,20.2,1461,19,35000.0
Maruti,2024,Diesel,Automatic,19937,First,18.8,1363,2,368491.54
Tata,2013,Petrol,Manual,167178,Third,18.5,886,13,35000.0
Kia,2020,Diesel,Automatic,67392,Second,18.3,1149,6,258035.99
Tata,2026,Petrol,Manual,20536,Second,20.8,1822,0,443466.21
Hyundai,2016,Petrol,Automatic,123987,Fourth,24.6,1090,10,65232.86
Skoda,2020,Petrol,Manual,68074,First,19.4,1244,6,276964.19
Mahindra,2016,Petrol,Manual,116613,Third,17.4,1066,10,96295.04
Chevrolet,2010,Petrol,Automatic,188376,First,14.8,1926,16,35000.0
Skoda,2007,Diesel,Manual,249288,First,21.0,600,19,35000.0
Tata,2015,Diesel,Automatic,124283,First,21.4,600,11,95986.69
Hyundai,2007,CNG,Manual,224109,First,11.9,1968,19,35000.0
Toyota,2013,Petrol,Manual,153040,First,19.3,1369,13,78738.1
Mahindra,2017,Petrol,Manual,105120,Second,21.2,1785,9,131639.43
Renault,2024,Petrol,Manual,24574,Second,21.3,1388,2,354790.67
Maruti,2025,Petrol,Manual,15887,Third,18.8,1002,1,285132.26
Honda,2009,Diesel,Manual,207781,First,18.5,1594,17,37854.18
Maruti,2018,Petrol,Manual,97603,Third,21.0,1553,8,90289.06
Mahindra,2018,Petrol,Manual,101615,First,15.3,1247,8,148880.39
Kia,2020,CNG,Manual,87265,First,17.3,1310,6,194717.06
Tata,2021,Diesel,Automatic,54106,First,16.0,1443,5,256623.91
Kia,2007,Diesel,Manual,227582,Third,15.5,1271,19,35000.0
Volkswagen,2014,Petrol,Automatic,142026,First,16.3,1648,12,88465.56
Maruti,2018,Petrol,Automatic,95711,First,18.4,1559,8,141800.99
Hyundai,2014,Diesel,Automatic,128539,First,14.0,1778,12,87028.71
Honda,2016,Petrol,Manual,126899,First,16.8,1340,10,109516.65
Maruti,2016,Petrol,Manual,117301,First,23.1,1543,10,90398.91
Mahindra,2017,Petrol,Manual,114841,First,21.7,1520,9,145418.73
Hyundai,2009,CNG,Manual,198597,First,15.0,600,17,35000.0
Hyundai,2023,Petrol,Automatic,35273,First,16.6,1195,3,389039.72
Kia,2012,Petrol,Manual,175440,First,23.9,727,14,54587.74
Skoda,2015,Petrol,Automatic,138419,Third,19.5,1159,11,86899.91
Honda,2019,Petrol,Manual,72131,First,19.0,1730,7,240103.33
Nissan,2011,Petrol,Manual,171119,First,16.2,1898,15,35000.0
Kia,2017,Diesel,Manual,111837,Third,23.6,974,9,112160.03
Kia,2012,Petrol,Manual,167897,First,18.5,1445,14,59795.74
Hyundai,2022,Diesel,Automatic,34414,Second,22.1,1511,4,354080.46
Renault,2010,Petrol,Automatic,181581,First,20.7,1547,16,35000.0
Tata,2007,Petrol,Manual,234701,First,20.3,1008,19,35000.0
Hyundai,2011,Petrol,Manual,176396,Second,14.8,1294,15,35000.0
Toyota,2016,Petrol,Manual,112937,First,23.9,907,10,137863.85
Skoda,2005,Petrol,Manual,256917,First,16.4,1430,21,35000.0
Toyota,2021,CNG,Manual,56797,Fourth,17.0,1915,5,231824.67
Honda,2007,Diesel,Automatic,235424,Second,24.6,819,19,35000.0
Mahindra,2025,Petrol,Manual,21529,Second,18.6,1311,1,438041.52
Maruti,2019,Petrol,Automatic,85580,First,22.0,1511,7,168199.13
Honda,2025,Petrol,Automatic,6277,First,14.5,1353,1,692950.48
Skoda,2026,Petrol,Manual,16075,Second,17.4,998,0,631897.42
Volkswagen,2023,Diesel,Manual,44870,First,20.3,1072,3,457032.51
Maruti,2014,Petrol,Manual,149095,Second,23.0,1672,12,48861.87
Mercedes,2026,Petrol,Manual,10789,Fourth,15.9,1693,0,2470617.31
Hyundai,2009,Diesel,Manual,208968,Third,13.9,649,17,35000.0
Hyundai,2021,Petrol,Manual,59454,First,22.0,1108,5,242425.98
Hyundai,2016,Diesel,Manual,121274,Test Drive,16.8,1382,10,96894.69
Honda,2007,Electric,Automatic,225181,First,20.0,1216,19,35000.0
Hyundai,2013,CNG,Automatic,154306,Third,18.0,1308,13,42092.06
Audi,2017,Diesel,Automatic,105249,First,22.2,1763,9,1240918.5
Maruti,2005,Petrol,Manual,252532,First,23.1,1663,21,35000.0
Honda,2023,Petrol,Manual,36461,First,23.2,1121,3,422611.3
Tata,2010,Diesel,Manual,209053,Second,22.3,936,16,35000.0
Toyota,2015,Diesel,Manual,126918,First,23.3,1047,11,133721.4
Maruti,2021,Diesel,Manual,78979,First,13.9,920,5,182952.02
Kia,2014,LPG,Automatic,146465,First,17.7,1449,12,80077.39
Skoda,2016,CNG,Manual,119560,Second,19.0,1050,10,108634.89
Hyundai,2005,Petrol,Manual,240727,First,11.7,777,21,35000.0
Hyundai,2006,Diesel,Automatic,233345,First,14.6,1575,20,35000.0
Honda,2023,Petrol,Manual,34366,First,18.1,1001,3,392977.51
Volkswagen,2015,Petrol,Manual,125450,Second,13.4,1894,11,105316.75
Nissan,2023,CNG,Automatic,36238,Fourth,13.6,1254,3,204654.17
Nissan,2018,Petrol,Automatic,96819,Second,17.1,1311,8,126678.62
Skoda,2022,Diesel,Manual,44188,Third,9.0,1924,4,308880.07
Ford,2024,Petrol,Manual,32002,Third,17.1,1070,2,270635.41
Maruti,2023,Petrol,Manual,37928,Fourth,17.0,1942,3,162812.32
Mahindra,2021,Petrol,Manual,59822,First,16.8,1190,5,309871.73
Maruti,2017,CNG,Manual,105706,First,21.3,846,9,68810.75
Hyundai,2018,Electric,Manual,85829,First,15.1,1525,8,179210.01
Maruti,2020,Petrol,Automatic,77472,First,17.0,1181,6,175054.73
Maruti,2014,Electric,Manual,145464,Third,18.1,1270,12,48951.84
Maruti,2022,Petrol,Manual,48252,Second,15.8,1404,4,193901.58
Kia,2026,Petrol,Manual,7729,Third,7.4,1247,0,504612.45
Ford,2008,Petrol,Manual,209151,First,19.6,1858,18,35000.0
Audi,2011,Electric,Automatic,184323,Second,20.9,1543,15,352336.11
Mahindra,2009,Diesel,Manual,194285,Second,17.3,600,17,35000.0
Honda,2024,CNG,Manual,36419,Third,12.3,1013,2,236433.61
Renault,2026,Diesel,Manual,2027,First,19.5,1107,0,545720.95
Skoda,2021,Petrol,Manual,48404,First,18.3,1210,5,349818.76
Tata,2014,Diesel,Automatic,146812,First,18.2,1419,12,80696.11
Renault,2010,Petrol,Automatic,192287,First,24.9,1913,16,40923.76
Tata,2009,Diesel,Automatic,212690,Second,17.0,666,17,35000.0
Ford,2015,Petrol,Manual,126650,Fourth,22.6,770,11,47496.08
Maruti,2015,Petrol,Automatic,121067,First,12.5,1097,11,71544.69
Tata,2011,Petrol,Manual,187544,First,21.1,1240,15,36060.4
Kia,2025,Petrol,Automatic,2916,Second,21.5,1480,1,732055.16
Lexus,2016,Diesel,Manual,114988,Second,18.2,1493,10,594540.78
Hyundai,2010,Petrol,Manual,194120,First,18.9,1141,16,35000.0
Maruti,2020,Diesel,Automatic,63008,Second,17.3,600,6,161310.67
BMW,2006,Petrol,Manual,227052,First,18.7,1518,20,117472.28
Kia,2010,Electric,Manual,186879,First,13.0,1436,16,56482.21
Ford,2017,Petrol,Manual,118284,Third,16.5,1274,9,73568.03
Hyundai,2022,Petrol,Manual,40132,Test Drive,20.7,1175,4,309560.32
MG,2024,CNG,Manual,26939,First,19.0,894,2,527816.02
Maruti,2026,Diesel,Manual,539,First,16.9,1381,0,526954.39
Skoda,2021,Petrol,Automatic,52922,First,25.0,1265,5,454798.66
Toyota,2011,Petrol,Manual,170786,Second,22.4,1564,15,53466.87
Hyundai,2006,Diesel,Automatic,230510,Fourth,16.5,1113,20,35000.0
Maruti,2018,Petrol,Automatic,101705,First,24.5,1421,8,135018.72
MG,2018,Petrol,Automatic,103712,First,14.6,1749,8,264676.37
Maruti,2021,CNG,Automatic,56919,Fourth,19.3,1151,5,108106.62
Honda,2010,Petrol,Automatic,198546,First,22.0,1327,16,39548.41
Renault,2018,Diesel,Manual,115876,Second,19.8,935,8,92488.12
Maruti,2015,Diesel,Manual,127110,First,22.2,1319,11,70765.26
Skoda,2016,Diesel,Manual,125032,First,22.8,1548,10,160610.15
Maruti,2019,CNG,Automatic,89430,Second,14.4,1540,7,127713.17
Hyundai,2018,CNG,Manual,96827,First,15.9,983,8,126406.93
Tata,2009,Petrol,Manual,204665,First,20.0,1752,17,35065.02
Ford,2009,Petrol,Manual,197807,First,6.4,1063,17,35000.0
Honda,2011,Electric,Manual,179896,First,9.2,1128,15,50939.61
Maruti,2010,Diesel,Manual,197197,First,14.6,872,16,35000.0
Renault,2007,Petrol,Manual,231034,Third,19.8,2212,19,35000.0
Toyota,2017,Petrol,Manual,110449,First,21.9,1311,9,181900.6
Nissan,2012,Diesel,Manual,164715,Second,19.6,1014,14,37244.84
Honda,2007,CNG,Manual,230061,First,16.4,1137,19,35000.0
Honda,2020,Petrol,Automatic,80703,First,15.2,1035,6,261345.02
Nissan,2013,Petrol,Manual,162084,First,14.9,1078,13,44931.37
Audi,2012,Diesel,Manual,174987,Second,26.6,895,14,267989.32
Maruti,2018,Diesel,Manual,96974,First,18.0,1337,8,131825.66
Honda,2014,Petrol,Manual,152553,Second,18.0,1144,12,57057.05
Renault,2005,Petrol,Manual,246908,First,20.0,1280,21,35000.0
Maruti,2023,Diesel,Manual,30624,First,20.0,1716,3,388930.7
Skoda,2021,Petrol,Automatic,72261,Third,13.9,1250,5,275929.66
Chevrolet,2018,Petrol,Manual,88543,Second,23.3,1647,8,97394.22
Mercedes,2014,Petrol,Manual,143916,Second,19.3,600,12,399261.5
Renault,2010,Petrol,Manual,186792,Second,22.2,1462,16,35000.0
Maruti,2023,Petrol,Manual,35477,First,23.6,1363,3,311787.62
Hyundai,2005,LPG,Manual,257229,Second,19.0,1085,21,35000.0
Mahindra,2015,CNG,Automatic,136630,Second,25.9,1628,11,98315.76
Honda,2011,Petrol,Manual,170366,First,18.7,781,15,39304.83
Hyundai,2013,Diesel,Automatic,170651,Second,23.4,1467,13,55484.92
Maruti,2026,CNG,Manual,10163,First,22.4,1220,0,413713.0
Toyota,2014,Diesel,Automatic,147501,First,16.2,600,12,102624.13
Nissan,2016,Petrol,Manual,113056,First,20.8,1233,10,80650.85
Ford,2016,Diesel,Manual,126188,First,20.1,1682,10,100601.05
Nissan,2014,CNG,Manual,148586,First,19.0,852,12,50021.56
Kia,2022,Diesel,Manual,62125,First,19.4,714,4,343158.73
Lexus,2013,Petrol,Automatic,149326,First,13.1,1083,13,409260.95
Honda,2014,Petrol,Automatic,135132,Test Drive,14.7,1568,12,90059.48
BMW,2024,Petrol,Manual,19789,First,15.6,1127,2,2428226.34
Honda,2012,LPG,Automatic,163265,First,13.2,1193,14,47003.71
MG,2024,Diesel,Automatic,17766,First,17.2,2269,2,1009849.92
Hyundai,2020,Petrol,Manual,63901,First,19.7,1170,6,205495.81
Maruti,2014,Diesel,Manual,133476,Fourth,14.5,1370,12,37941.32
Tata,2018,LPG,Manual,96575,First,21.1,600,8,105617.05
Toyota,2007,Petrol,Automatic,219254,First,17.6,1046,19,36974.0
Renault,2017,Petrol,Manual,99832,Second,25.1,940,9,77107.09
Renault,2015,Petrol,Manual,146574,Second,24.2,1330,11,59850.62
Maruti,2012,Diesel,Manual,180677,Second,16.2,1178,14,35000.0
Tata,2024,Petrol,Automatic,36146,First,18.3,2076,2,499034.73
MG,2022,Diesel,Manual,43166,Second,14.2,600,4,402073.34
Renault,2021,Diesel,Manual,56810,First,21.3,881,5,221543.94
Maruti,2008,Petrol,Automatic,202970,Second,23.0,846,18,35000.0
Maruti,2015,Petrol,Manual,136821,First,18.8,1315,11,62689.67
Renault,2005,CNG,Manual,261121,Third,15.7,1349,21,35000.0
Hyundai,2023,Diesel,Manual,31706,First,11.2,1578,3,341006.94
Hyundai,2020,Diesel,Automatic,60954,First,19.3,1070,6,265679.59
Honda,2025,Petrol,Manual,6990,First,22.5,716,1,514302.17
Renault,2022,Diesel,Automatic,46757,Second,15.6,757,4,216804.24
Hyundai,2006,Petrol,Manual,236875,First,16.8,1835,20,35000.0
Honda,2007,Diesel,Manual,220823,First,21.5,1987,19,35000.0
Toyota,2006,Petrol,Manual,243506,First,23.3,928,20,35000.0
BMW,2009,Petrol,Automatic,193047,First,21.8,1295,17,236606.22
Chevrolet,2020,Petrol,Manual,94580,First,18.8,830,6,130232.94
Nissan,2021,Petrol,Manual,46223,First,19.8,725,5,239119.96
Maruti,2013,Petrol,Manual,161728,First,15.5,1568,13,38619.21
Tata,2009,Petrol,Manual,209630,Second,16.9,1490,17,35000.0
Toyota,2010,Diesel,Manual,203670,First,18.3,819,16,46461.7
Mahindra,2017,Petrol,Manual,110320,Second,17.6,1601,9,130262.51
Tata,2019,Diesel,Automatic,92848,Fourth,24.3,1356,7,114308.82
Hyundai,2005,Diesel,Manual,245698,Second,25.7,1275,21,35000.0
Mahindra,2015,Diesel,Manual,129361,Second,15.8,862,11,83063.48
Tata,2019,Diesel,Manual,72643,First,25.7,1064,7,192302.33
MG,2007,CNG,Manual,223400,Third,25.6,1165,19,35000.0
Toyota,2022,Diesel,Manual,45986,Second,12.1,1274,4,395454.36
Hyundai,2026,CNG,Manual,500,Second,22.9,1607,0,437954.7
Tata,2025,Petrol,Manual,500,Second,14.4,1568,1,449678.76
Kia,2006,Petrol,Automatic,239048,Second,22.0,1275,20,35000.0
Toyota,2020,Electric,Manual,74671,Second,20.5,2163,6,344875.51
Maruti,2010,Petrol,Manual,208525,Test Drive,15.2,1660,16,35000.0
Maruti,2023,Petrol,Manual,27187,First,20.3,1564,3,325797.08
Nissan,2007,LPG,Automatic,226306,First,16.8,1024,19,35000.0
Toyota,2013,Petrol,Automatic,158883,First,7.3,1382,13,72881.08
Renault,2005,Diesel,Manual,254772,Third,14.7,1652,21,35000.0
Tata,2013,Petrol,Manual,152886,Second,27.9,956,13,44529.21
Tata,2024,Petrol,Manual,17661,Second,19.7,1159,2,315821.99
Kia,2009,Petrol,Automatic,202726,Second,10.7,2041,17,36008.3
Renault,2010,Petrol,Manual,171610,First,15.1,1195,16,35000.0
Renault,2026,Petrol,Manual,12037,Second,19.9,866,0,432533.9
Kia,2007,Petrol,Manual,229930,First,25.0,2098,19,35000.0
Nissan,2020,Diesel,Manual,80920,First,20.8,2072,6,222765.64
Ford,2023,Petrol,Manual,40106,First,24.3,1386,3,381572.9
Volkswagen,2014,Petrol,Manual,146123,Third,16.2,1452,12,62343.92
Maruti,2013,Diesel,Automatic,155041,Second,14.1,1334,13,40966.42
MG,2013,Diesel,Manual,151784,Third,24.8,896,13,69838.65
Ford,2014,Diesel,Manual,143795,First,20.1,1775,12,79170.71
Hyundai,2006,Diesel,Manual,225168,First,13.6,942,20,35000.0
Mahindra,2009,Petrol,Manual,211951,Second,20.1,1853,17,36351.83
Ford,2005,Petrol,Manual,257763,First,17.5,1336,21,35000.0
Honda,2025,Diesel,Manual,18367,First,16.9,1061,1,563415.65
Hyundai,2010,Diesel,Automatic,206858,Test Drive,21.0,1279,16,40232.41
Ford,2019,Petrol,Manual,99543,First,16.4,2281,7,146950.26
Chevrolet,2008,Petrol,Manual,212033,Third,26.8,1109,18,35000.0
Mahindra,2021,Diesel,Manual,60676,First,11.9,1384,5,323040.19
Hyundai,2012,Petrol,Manual,175733,Second,20.7,1019,14,36598.91
Toyota,2024,Petrol,Automatic,17359,First,14.0,1482,2,704148.14
Tata,2013,Petrol,Manual,164439,First,10.0,939,13,37392.73
Hyundai,2022,Petrol,Automatic,53974,First,21.5,1003,4,289050.47
Ford,2007,Diesel,Manual,218245,Fourth,21.9,1335,19,35000.0
Tata,2017,Petrol,Manual,114176,First,19.7,1886,9,108848.33
Lexus,2020,Petrol,Manual,69820,Fourth,15.2,1882,6,923930.89
Honda,2012,Petrol,Automatic,168840,First,14.8,1155,14,56202.62
Maruti,2023,Petrol,Manual,48969,Third,20.4,1415,3,203773.41
Honda,2024,Petrol,Manual,25130,Third,22.7,775,2,310101.91
Maruti,2024,Petrol,Automatic,36345,Third,19.7,771,2,244820.41
Hyundai,2022,Diesel,Manual,54264,First,19.1,1622,4,354501.41
Audi,2016,Petrol,Automatic,100474,Fourth,18.7,1164,10,475690.75
Mahindra,2017,Petrol,Automatic,97938,First,20.9,1703,9,182998.7
Mercedes,2005,CNG,Manual,247432,First,19.6,1676,21,130988.88
Kia,2010,Petrol,Manual,200381,First,11.2,698,16,36997.27
Hyundai,2021,Petrol,Automatic,63658,Second,15.8,1381,5,202284.61
Hyundai,2017,Electric,Manual,97474,Second,21.4,1319,9,133474.97
Renault,2012,Diesel,Manual,173698,Second,13.7,1222,14,35000.0
Hyundai,2005,Petrol,Automatic,258103,Fourth,24.0,1903,21,35000.0
Renault,2008,Petrol,Manual,207026,First,20.3,1440,18,35000.0
Lexus,2011,Petrol,Manual,180454,First,15.1,1312,15,249201.22
Ford,2015,Petrol,Manual,124747,First,22.5,1123,11,88571.36
Toyota,2019,Petrol,Manual,89123,First,9.5,1735,7,215122.86
Tata,2020,Petrol,Manual,73213,First,20.4,600,6,155307.36
Chevrolet,2006,Petrol,Manual,230376,First,17.5,842,20,35000.0
Renault,2006,Petrol,Manual,248722,Fourth,14.2,1287,20,35000.0
Skoda,2024,Electric,Manual,24663,Fourth,6.2,1149,2,429430.2
Hyundai,2016,CNG,Manual,114182,First,17.0,1003,10,84878.93
Volkswagen,2008,Diesel,Manual,223149,First,17.5,1328,18,40348.97
Honda,2010,Petrol,Manual,205169,First,23.4,1386,16,40129.0
Kia,2009,Petrol,Automatic,201291,First,16.7,822,17,40049.5
Tata,2014,Petrol,Manual,136762,First,18.2,1315,12,65421.45
Mahindra,2025,Diesel,Manual,16278,Second,13.9,1508,1,576000.36
Audi,2018,Petrol,Manual,91137,Third,17.4,1464,8,673435.25
Tata,2008,Diesel,Manual,211695,Second,16.0,761,18,35000.0
Hyundai,2023,Diesel,Automatic,46734,Third,21.6,1289,3,348292.35
Honda,2012,Diesel,Manual,174793,First,18.4,1430,14,53611.85
Toyota,2016,Petrol,Manual,125386,Second,19.4,600,10,96622.87
Kia,2009,Petrol,Manual,204395,First,21.6,2022,17,44044.56
Volkswagen,2020,Petrol,Manual,64906,First,21.2,1358,6,267379.05
Honda,2008,Petrol,Manual,230156,First,14.4,1471,18,35000.0
Chevrolet,2007,Petrol,Automatic,219269,Second,20.9,1263,19,35000.0
Maruti,2024,Diesel,Automatic,9562,First,17.0,1577,2,427782.36
Renault,2015,Petrol,Automatic,139852,First,14.2,1254,11,66791.39
Hyundai,2016,Petrol,Manual,124440,Third,18.7,1791,10,69344.11
Honda,2010,Diesel,Manual,210703,First,14.1,1836,16,41945.4
Audi,2024,Petrol,Manual,18223,Second,18.0,1235,2,2394008.22
Hyundai,2017,Diesel,Manual,108184,First,28.2,1097,9,134535.25
Tata,2020,Petrol,Manual,78975,Second,19.6,1590,6,159676.95
Kia,2025,Diesel,Manual,15103,First,15.9,1448,1,650090.18
Nissan,2010,Petrol,Manual,196012,Second,11.5,962,16,35000.0
Ford,2013,Petrol,Manual,152609,Second,20.4,1415,13,46169.54
Hyundai,2013,Diesel,Automatic,145113,Fourth,14.1,1329,13,38881.97
Honda,2024,Diesel,Manual,14047,Third,14.6,1274,2,381903.85
Tata,2017,Petrol,Manual,85726,First,18.3,1450,9,138360.86
Honda,2025,Petrol,Manual,10363,First,21.3,1722,1,596237.12
Tata,2013,LPG,Manual,164615,First,13.1,1529,13,40119.28
Toyota,2020,Petrol,Manual,75544,First,18.5,1800,6,277038.95
Renault,2009,Diesel,Automatic,203789,First,31.4,1659,17,39478.21
Volkswagen,2010,Petrol,Manual,176281,Second,18.8,1335,16,42904.49
Kia,2025,Petrol,Manual,1768,First,17.4,1097,1,589325.57
Maruti,2023,Petrol,Automatic,33844,First,28.4,1387,3,330472.92
Honda,2007,Petrol,Manual,225350,Third,22.6,1118,19,35000.0
Maruti,2026,Petrol,Automatic,3721,Fourth,26.3,726,0,338040.03
Hyundai,2015,Petrol,Manual,130341,Second,18.6,1106,11,59097.57
Mahindra,2006,Petrol,Automatic,242265,Second,15.6,1066,20,35000.0
Hyundai,2019,Petrol,Automatic,88864,Second,12.6,1372,7,153400.74
Kia,2016,Petrol,Manual,110575,Test Drive,17.6,1756,10,149419.78
Mahindra,2010,Petrol,Manual,200459,Third,27.1,1009,16,35000.0
Maruti,2005,Petrol,Manual,268959,Second,19.1,1024,21,35000.0
Mahindra,2021,Diesel,Manual,62215,First,16.0,1037,5,290344.86
Hyundai,2010,Petrol,Automatic,189834,First,15.9,1344,16,36294.26
MG,2022,Diesel,Manual,46556,First,15.6,1278,4,418419.37
Skoda,2025,Petrol,Automatic,12418,First,24.1,1119,1,789422.76
MG,2018,Diesel,Manual,103515,First,23.9,997,8,236108.54
Volkswagen,2025,Petrol,Manual,19172,First,19.6,1788,1,682280.75
Mahindra,2006,Diesel,Manual,245239,First,13.9,908,20,35000.0
Toyota,2011,Petrol,Manual,185300,First,20.1,1464,15,55654.63
Mahindra,2005,Petrol,Manual,258318,Second,12.4,719,21,35000.0
Tata,2026,LPG,Manual,5423,Second,24.4,1483,0,383390.13
Mahindra,2014,Diesel,Manual,148203,Third,14.5,1225,12,58677.23
Nissan,2025,Petrol,Manual,7187,First,13.2,1507,1,421491.95
Maruti,2022,Diesel,Manual,50150,Fourth,16.7,1269,4,159586.18
Maruti,2021,LPG,Automatic,57540,Second,18.2,1532,5,170259.25
Tata,2026,Diesel,Manual,500,Second,25.1,1199,0,560458.09
Honda,2019,Petrol,Manual,88192,First,18.1,1212,7,202893.48
Maruti,2010,Diesel,Automatic,195847,First,20.9,1405,16,35741.71
Tata,2005,Diesel,Automatic,255433,Second,15.4,1609,21,35000.0
Mahindra,2022,Petrol,Manual,30898,First,18.5,882,4,401970.21
Mahindra,2015,Diesel,Manual,145716,Second,14.3,928,11,73992.38
Kia,2018,Diesel,Manual,92434,Second,12.5,1007,8,144568.84
Toyota,2014,Diesel,Manual,141546,Second,17.1,1177,12,82575.62
Kia,2018,Diesel,Automatic,83507,First,16.6,1397,8,239969.44
Ford,2026,Petrol,Manual,12007,First,9.7,986,0,469014.0
Toyota,2023,Diesel,Automatic,46297,Second,13.0,1414,3,449599.68
MG,2008,Petrol,Manual,207856,Test Drive,11.8,1132,18,46893.4
Toyota,2019,CNG,Manual,87664,Second,19.5,1644,7,174993.07
Honda,2023,Petrol,Manual,35461,First,17.2,748,3,347623.47
Kia,2011,Petrol,Manual,180065,First,13.6,1072,15,44116.93
Volkswagen,2010,Petrol,Manual,196208,First,11.5,1323,16,36617.85
Toyota,2025,Petrol,Automatic,16867,Second,18.8,1613,1,665322.8
Hyundai,2025,Petrol,Manual,13460,Second,24.8,1227,1,489812.36
Maruti,2011,Petrol,Manual,179290,Second,12.9,1752,15,35000.0
Volkswagen,2022,Diesel,Automatic,41847,First,9.1,1866,4,433368.59
Maruti,2010,Petrol,Manual,199631,First,18.4,759,16,35000.0
Chevrolet,2018,Petrol,Automatic,99136,First,14.2,600,8,102432.78
Maruti,2026,Petrol,Manual,13087,Third,23.4,962,0,335370.26
Toyota,2017,Petrol,Automatic,106067,First,27.4,1658,9,212392.12
Chevrolet,2025,Diesel,Automatic,17706,Second,11.3,981,1,330507.24
Volkswagen,2016,Diesel,Manual,114700,First,24.6,1418,10,147110.2
Toyota,2018,Diesel,Manual,92147,First,16.3,1244,8,208659.82
Mercedes,2019,Diesel,Manual,83002,First,21.9,773,7,1390812.97
Mahindra,2007,Petrol,Automatic,241106,First,19.0,1453,19,35000.0
Renault,2015,Petrol,Manual,128286,Third,18.4,1097,11,56487.41
Honda,2017,Petrol,Manual,108918,First,17.1,924,9,134797.13
Maruti,2018,Petrol,Manual,92791,First,10.7,1646,8,104728.03
Mahindra,2005,Petrol,Automatic,247527,Third,13.9,600,21,35000.0
Nissan,2013,Petrol,Manual,151508,First,12.8,1103,13,42807.98
Hyundai,2012,Petrol,Manual,180019,First,19.0,1324,14,41128.65
Hyundai,2018,Petrol,Manual,90185,Second,20.5,1504,8,130627.85
Hyundai,2007,Petrol,Manual,227164,First,15.0,1452,19,35000.0
Volkswagen,2016,Petrol,Automatic,126236,First,16.2,1431,10,128010.96
Tata,2020,Diesel,Manual,68148,First,24.0,1074,6,182517.16
Honda,2008,Petrol,Automatic,213807,First,22.8,1516,18,35000.0
Hyundai,2026,Petrol,Manual,7741,First,13.7,1307,0,504386.11
Ford,2023,Diesel,Manual,26422,First,8.9,1203,3,334661.27
Mercedes,2017,Petrol,Manual,105062,Second,19.0,1102,9,706955.57
Hyundai,2007,Diesel,Manual,243294,First,18.7,1245,19,35000.0
Hyundai,2018,Diesel,Manual,80620,First,24.8,1818,8,176110.29
Tata,2019,Petrol,Manual,78294,Second,16.4,808,7,130361.27
Honda,2009,Petrol,Manual,217836,First,12.7,1601,17,35000.0
Maruti,2021,Petrol,Automatic,63557,First,16.1,1191,5,193435.86
Honda,2020,Petrol,Manual,73519,Second,12.0,1029,6,160405.59
Mahindra,2020,Diesel,Manual,64879,Second,16.2,1642,6,244549.59
Maruti,2010,Petrol,Manual,195309,Third,21.3,1083,16,35000.0
Toyota,2019,Petrol,Manual,74755,Second,25.5,1505,7,211281.47
Hyundai,2018,Petrol,Manual,89261,First,16.7,1575,8,155221.9
Mercedes,2010,Petrol,Manual,186121,First,11.4,849,16,235511.57
Hyundai,2012,CNG,Manual,174313,Third,18.1,1081,14,35000.0
Maruti,2007,Petrol,Manual,232104,Second,16.4,1177,19,35000.0
Toyota,2009,Electric,Automatic,213335,Third,26.7,1075,17,44894.7
Hyundai,2013,Electric,Automatic,177793,First,18.4,1623,13,83339.89
Maruti,2015,Diesel,Automatic,128428,First,10.5,738,11,69571.62
Honda,2008,LPG,Automatic,218058,First,16.3,1337,18,35000.0
Honda,2012,Petrol,Manual,159517,Second,17.6,1177,14,43892.56
Nissan,2011,CNG,Manual,179980,Fourth,13.5,1536,15,35000.0
Honda,2019,Petrol,Manual,90632,First,13.0,1084,7,173258.16
Honda,2023,Diesel,Manual,33249,Third,20.1,1562,3,379825.69
Mahindra,2014,Diesel,Manual,151376,First,21.7,1481,12,98981.51
Maruti,2013,Petrol,Manual,147330,Third,15.5,901,13,35000.0
Skoda,2006,Diesel,Manual,243634,First,15.3,1400,20,35000.0
Maruti,2009,Petrol,Manual,193411,First,17.2,1003,17,35000.0
Honda,2026,Petrol,Manual,17008,First,19.1,1330,0,592547.21
Mahindra,2012,CNG,Manual,162448,First,15.5,1571,14,50876.51
Maruti,2008,Petrol,Manual,205879,First,18.0,1681,18,35000.0
Ford,2006,Petrol,Manual,240544,First,18.8,600,20,35000.0
Maruti,2019,Petrol,Manual,69046,Second,13.6,1265,7,109853.39
Mahindra,2016,CNG,Manual,114040,Second,18.8,1490,10,97800.39
Ford,2009,Petrol,Manual,195999,First,17.5,1293,17,35000.0
Mahindra,2024,Petrol,Manual,27244,First,14.3,2053,2,547099.93
Toyota,2019,Petrol,Manual,64837,First,13.2,1661,7,285296.37
BMW,2019,Petrol,Manual,85179,Third,17.8,651,7,657073.77
Tata,2017,Petrol,Automatic,101642,Second,17.3,1126,9,100688.86
Maruti,2022,Petrol,Manual,46625,Third,29.4,1842,4,195030.92
Kia,2006,Petrol,Manual,239029,First,19.3,1511,20,35000.0
Toyota,2012,CNG,Manual,165477,First,14.8,1446,14,47691.5
Honda,2008,Electric,Manual,211154,Second,19.6,600,18,35000.0
Maruti,2011,Electric,Automatic,177993,First,16.3,1553,15,45189.12
Kia,2025,Petrol,Manual,34804,First,14.9,1652,1,522779.61
Hyundai,2008,LPG,Automatic,230941,Third,14.7,1440,18,35000.0
Volkswagen,2010,Diesel,Manual,193854,First,18.3,1430,16,46382.26
Ford,2010,Petrol,Manual,193978,Fourth,17.1,1444,16,35000.0
Volkswagen,2025,Petrol,Manual,16974,Fourth,9.0,1255,1,307589.73
Tata,2008,CNG,Automatic,219125,First,18.0,2267,18,35000.0
Toyota,2005,Petrol,Automatic,254622,Third,6.9,1300,21,35000.0
Hyundai,2024,LPG,Automatic,22801,First,11.9,1920,2,387748.7
Kia,2009,Diesel,Manual,198574,First,16.9,1146,17,35177.86
Kia,2008,Petrol,Manual,207974,Fourth,15.1,1151,18,35000.0
Mahindra,2020,Petrol,Manual,61580,First,11.6,1872,6,271791.72
Tata,2014,Petrol,Manual,141019,Fourth,22.2,1116,12,35000.0
Renault,2022,Petrol,Manual,50278,First,15.4,1841,4,273581.48
Maruti,2016,CNG,Manual,119552,First,21.3,1271,10,68685.03
Renault,2019,Diesel,Manual,79330,First,18.8,1160,7,146123.97
Hyundai,2005,Petrol,Manual,262421,Second,18.0,1687,21,35000.0
Tata,2006,Petrol,Automatic,236269,Second,21.0,1407,20,35000.0
Honda,2022,Diesel,Manual,55746,First,20.7,1261,4,381980.92
Skoda,2019,Petrol,Automatic,96111,Third,11.3,1312,7,171259.64
Tata,2023,Electric,Manual,25183,First,14.2,934,3,392038.92
Ford,2006,Petrol,Manual,237571,First,18.9,1688,20,35000.0
Kia,2006,Petrol,Manual,240818,Second,15.2,600,20,35000.0
Maruti,2007,Petrol,Manual,246092,Third,20.1,1368,19,35000.0
Nissan,2012,Petrol,Manual,167497,Second,16.1,1812,14,35000.0
Hyundai,2023,Diesel,Automatic,30387,Third,13.8,1111,3,307093.85
Honda,2026,Petrol,Manual,13009,First,19.1,1798,0,602683.6
Ford,2026,Diesel,Automatic,500,Second,11.2,1260,0,602315.79
MG,2017,Petrol,Automatic,112885,First,15.7,1190,9,195683.56
Mahindra,2012,Petrol,Automatic,169242,Second,13.6,1446,14,48763.25
Maruti,2008,Petrol,Manual,224403,Test Drive,21.8,932,18,35000.0
Hyundai,2005,Electric,Manual,245779,First,13.9,1561,21,35000.0
Hyundai,2023,Petrol,Manual,24739,Second,12.2,1542,3,301301.58
Maruti,2006,Petrol,Manual,235492,First,17.9,1485,20,35000.0
Ford,2014,Petrol,Manual,134121,First,25.2,1157,12,69083.87
Kia,2026,Petrol,Automatic,16782,Second,17.2,1066,0,674820.6
Honda,2010,LPG,Automatic,198948,First,7.9,1170,16,35000.0
Mahindra,2014,Diesel,Manual,145946,First,26.2,1756,12,107056.67
Honda,2015,Diesel,Automatic,121843,Second,14.5,1289,11,90230.31
Hyundai,2020,Petrol,Manual,80938,Test Drive,9.0,1250,6,161204.84
Chevrolet,2016,CNG,Automatic,123901,First,16.6,1352,10,66870.27
Volvo,2018,Diesel,Manual,97294,First,18.3,1500,8,758625.92
Maruti,2023,Diesel,Manual,43089,Second,18.1,914,3,216949.05
Honda,2017,Diesel,Automatic,101211,First,17.9,1760,9,184774.47
Maruti,2015,Petrol,Automatic,131849,First,23.6,822,11,71343.65
Lexus,2014,Petrol,Manual,140441,Second,19.2,1345,12,372268.9
Mercedes,2013,Petrol,Automatic,137514,Fourth,16.8,1334,13,327967.61
Hyundai,2018,Electric,Manual,84775,First,11.6,1532,8,181634.15
Tata,2016,Petrol,Manual,123838,Second,13.6,682,10,59083.14
Maruti,2023,Petrol,Manual,43255,First,21.9,1397,3,309157.48
Volvo,2023,Diesel,Automatic,29104,Third,17.0,1080,3,1572095.5
Maruti,2010,Petrol,Manual,183678,Test Drive,24.0,1237,16,35000.0
Maruti,2018,Diesel,Automatic,105084,Second,15.2,1489,8,115063.73
Honda,2007,Diesel,Manual,233864,First,15.9,1848,19,35000.0
Audi,2011,Petrol,Manual,174168,First,15.9,1376,15,250763.06
Hyundai,2021,Diesel,Automatic,64425,First,21.9,1661,5,340536.7
Toyota,2017,Petrol,Automatic,99201,First,12.9,1744,9,187151.98
Volkswagen,2023,Diesel,Automatic,26580,Test Drive,18.8,865,3,647190.85
Tata,2010,CNG,Manual,184027,First,21.7,1454,16,35000.0
Honda,2012,Electric,Manual,178574,Second,17.4,874,14,44331.93
Tata,2015,Electric,Automatic,139681,Second,22.9,1052,11,80114.17
BMW,2023,Electric,Automatic,37083,First,15.2,1499,3,3008939.6
Kia,2026,CNG,Manual,17430,First,13.1,1361,0,595176.32
Toyota,2012,CNG,Manual,175639,Second,12.0,1237,14,46651.41
Toyota,2020,Petrol,Manual,59704,Second,20.5,1082,6,255734.48
Volkswagen,2024,Petrol,Manual,17637,First,23.5,1411,2,608060.85
Maruti,2008,Diesel,Manual,216199,First,15.6,2025,18,35000.0
Maruti,2024,Petrol,Manual,35155,Third,18.3,1583,2,249235.03
Toyota,2022,Petrol,Manual,40040,First,18.2,1054,4,375262.66
Honda,2011,Diesel,Automatic,173807,Second,23.9,1207,15,49917.01
Audi,2017,Electric,Manual,106880,Third,28.6,989,9,718485.41
Skoda,2015,Petrol,Manual,147561,First,18.1,1412,11,119497.95
Ford,2005,LPG,Manual,237431,Second,18.6,1375,21,35000.0
Tata,2023,Diesel,Manual,23223,First,23.9,867,3,336524.45
Maruti,2019,Petrol,Automatic,79842,First,18.4,1189,7,157655.03
Maruti,2025,Petrol,Manual,14380,Second,8.8,1577,1,299981.63
Honda,2005,Diesel,Manual,245622,Second,24.8,1429,21,35000.0
Mahindra,2016,Diesel,Manual,124960,Second,17.8,1422,10,112055.69
Ford,2026,Diesel,Automatic,9580,First,19.3,1245,0,740017.55
Tata,2026,Petrol,Manual,500,First,19.4,1378,0,532865.7
Nissan,2019,Petrol,Manual,81485,First,22.1,1286,7,179322.56
Honda,2015,Electric,Manual,143235,Fourth,14.5,1058,11,63366.27
Mercedes,2015,Petrol,Manual,131470,First,26.0,1891,11,734796.43
Maruti,2012,Petrol,Manual,173762,Second,17.7,1828,14,35000.0
Skoda,2017,Petrol,Manual,118397,Second,23.7,1142,9,144973.87
Toyota,2016,Diesel,Manual,116334,Third,15.0,1660,10,109191.16
Renault,2005,Petrol,Manual,258485,First,22.6,1111,21,35000.0
MG,2015,Petrol,Manual,139097,Second,11.4,1143,11,96462.99
Honda,2020,Petrol,Manual,83010,First,18.7,1380,6,233952.95
Volvo,2007,Petrol,Automatic,228001,Second,10.9,1482,19,112050.35
BMW,2019,Diesel,Manual,93531,First,21.5,1820,7,1174788.66
Maruti,2009,Petrol,Manual,207204,Third,19.0,1423,17,35000.0
Maruti,2025,Petrol,Manual,4577,Third,16.3,1670,1,299661.38
Hyundai,2013,Petrol,Manual,151002,First,12.0,1090,13,50113.28
Audi,2005,Petrol,Automatic,252554,First,12.6,600,21,106541.58
Kia,2020,Petrol,Manual,90987,Third,18.5,1259,6,164366.26
Hyundai,2020,CNG,Manual,66661,First,16.9,1939,6,204393.38
Maruti,2008,Petrol,Manual,202895,Third,24.7,1245,18,35000.0
Renault,2009,Electric,Manual,204648,Second,20.9,1210,17,35000.0
Volkswagen,2019,Diesel,Manual,91452,First,18.8,1462,7,200849.23
Maruti,2018,Diesel,Manual,116384,Second,16.9,944,8,86781.54
Tata,2013,Diesel,Manual,166214,First,19.9,926,13,50316.57
Tata,2009,Petrol,Automatic,189670,First,14.1,1292,17,35000.0
Skoda,2010,Diesel,Manual,190926,Second,16.4,1601,16,45492.86
Hyundai,2007,Diesel,Automatic,228804,Second,18.4,631,19,35000.0
Maruti,2019,Diesel,Automatic,94862,First,16.6,1205,7,154284.67
Hyundai,2005,Petrol,Manual,252544,First,20.2,2137,21,35000.0
Hyundai,2009,Petrol,Manual,197359,First,11.9,821,17,35000.0
Maruti,2013,Petrol,Manual,150192,First,18.9,1106,13,45576.72
MG,2012,Petrol,Automatic,167654,First,21.8,1031,14,74453.18
Mahindra,2021,Electric,Manual,53233,First,14.0,1065,5,376288.8
Maruti,2010,Petrol,Automatic,202047,Second,11.4,1716,16,35000.0
Mahindra,2020,Petrol,Manual,72849,First,19.8,1705,6,291358.45
MG,2008,Electric,Automatic,228577,Second,7.1,1086,18,39323.05
Renault,2007,Petrol,Manual,226732,Test Drive,26.1,667,19,35000.0
Renault,2023,Petrol,Manual,45679,First,17.9,779,3,241194.82
Audi,2018,Diesel,Automatic,95018,Second,23.4,1404,8,1059395.38
Mahindra,2012,Petrol,Manual,171707,Third,16.3,1121,14,36644.69
Hyundai,2009,Diesel,Manual,204068,First,19.4,1388,17,35000.0
Toyota,2018,Petrol,Automatic,103397,Second,19.4,1570,8,204151.07
Renault,2024,Petrol,Manual,24470,First,21.2,1037,2,372040.91
Ford,2009,Petrol,Manual,198541,Third,19.4,1713,17,35000.0
Mahindra,2007,Diesel,Manual,228369,Third,14.8,1673,19,35000.0
Renault,2006,Petrol,Automatic,246509,First,10.1,1290,20,35000.0
Maruti,2026,Petrol,Automatic,10469,Fourth,12.0,939,0,284954.15
Hyundai,2021,CNG,Manual,50566,Second,23.9,1490,5,220243.28
Tata,2010,Petrol,Manual,201402,First,16.8,856,16,35000.0
Toyota,2020,Diesel,Automatic,79914,Second,19.1,1158,6,263777.73
Hyundai,2026,Petrol,Automatic,8839,First,17.6,1405,0,644178.59
Kia,2019,CNG,Manual,81337,First,21.2,1333,7,204252.93
Renault,2012,Diesel,Manual,161395,Third,9.5,1262,14,35000.0
BMW,2012,Petrol,Manual,172289,First,24.4,648,14,264730.29
Hyundai,2015,Petrol,Manual,146154,Second,20.3,1948,11,68586.73
Mercedes,2005,LPG,Automatic,266434,Second,16.6,1461,21,112817.21
Jeep,2009,Petrol,Manual,209001,Second,13.4,973,17,42947.77
Tata,2010,Diesel,Manual,195291,Second,11.5,1371,16,35000.0
Honda,2012,Diesel,Automatic,179299,Fourth,15.6,867,14,35000.0
Toyota,2018,Diesel,Manual,104032,First,8.3,684,8,183796.63
Tata,2025,Petrol,Manual,10735,First,19.9,1416,1,474888.11
Toyota,2016,Petrol,Manual,112777,Third,17.6,1453,10,99202.45
Nissan,2016,LPG,Manual,121018,Second,13.6,1782,10,59593.88
Hyundai,2024,Petrol,Manual,32434,Third,24.8,679,2,284877.63
Hyundai,2016,Petrol,Manual,115351,First,24.1,1268,10,99283.47
Ford,2016,CNG,Manual,115541,First,7.6,1533,10,81050.45
Maruti,2016,Petrol,Manual,114945,Second,21.4,783,10,64897.61
Hyundai,2016,Petrol,Automatic,115466,Second,19.0,670,10,83157.08
Kia,2022,Diesel,Manual,47199,First,18.1,1242,4,396300.47
Nissan,2006,Petrol,Automatic,241263,Second,25.3,1685,20,35000.0
Maruti,2008,Petrol,Automatic,220599,First,19.6,1576,18,35000.0
Honda,2009,Petrol,Automatic,209213,Third,16.3,1146,17,35000.0
Mahindra,2021,Petrol,Manual,52673,Second,19.8,1588,5,266300.39
Honda,2012,Petrol,Manual,183043,First,20.2,1156,14,48797.66
Hyundai,2008,Diesel,Manual,224650,First,22.5,1292,18,35000.0
Tata,2009,CNG,Manual,189321,Second,18.8,1416,17,35000.0
Hyundai,2021,Diesel,Automatic,52201,First,22.6,1828,5,353016.48
Volkswagen,2005,Electric,Automatic,268215,First,13.2,1873,21,35255.41
Maruti,2025,LPG,Manual,21317,First,14.3,1114,1,267084.85
Hyundai,2012,Petrol,Automatic,166907,Second,15.3,1706,14,45776.53
Maruti,2022,Diesel,Manual,38251,First,17.8,1229,4,264521.54
Maruti,2017,Petrol,Manual,106143,Third,15.8,980,9,58254.6
Audi,2007,Petrol,Automatic,230532,First,21.2,1305,19,200288.76
Hyundai,2020,Electric,Manual,83208,Second,15.5,1130,6,177040.09
Volkswagen,2014,CNG,Automatic,139882,First,11.3,600,12,69434.54
Hyundai,2012,Petrol,Automatic,168138,First,14.2,1353,14,41798.15
Volkswagen,2018,Diesel,Manual,80185,First,9.8,1414,8,217040.54
Hyundai,2017,Petrol,Automatic,111714,First,15.7,929,9,122233.71
Maruti,2007,Diesel,Automatic,226882,First,17.3,1012,19,35000.0
Hyundai,2022,Electric,Manual,39479,First,24.5,1314,4,369968.58
Toyota,2013,Petrol,Manual,152339,Second,10.4,1413,13,63133.28
Ford,2013,Petrol,Manual,149823,First,15.4,1098,13,47561.52
Honda,2010,CNG,Automatic,193332,Second,13.6,1556,16,35000.0
Tata,2007,Diesel,Manual,228276,Fourth,17.4,2220,19,35000.0
Audi,2008,Petrol,Automatic,205619,Test Drive,14.4,927,18,202518.91
Hyundai,2024,Petrol,Automatic,36756,Second,19.9,1027,2,379662.64
Mahindra,2007,Petrol,Manual,211059,Second,16.6,1538,19,35000.0
Toyota,2016,Diesel,Manual,126359,First,14.8,600,10,120152.49
Mahindra,2023,Petrol,Manual,37421,First,21.9,1192,3,450298.9
Kia,2011,Petrol,Manual,155433,First,17.1,1219,15,45170.94
Toyota,2023,Diesel,Manual,17717,First,11.0,1695,3,547786.88
Honda,2010,CNG,Automatic,180305,First,14.5,1990,16,40942.65
Tata,2009,Petrol,Manual,214765,Third,19.5,1023,17,35000.0
Nissan,2019,Petrol,Manual,85236,First,20.0,869,7,156791.43
Toyota,2018,Petrol,Manual,114528,Fourth,20.4,1583,8,117732.36
Hyundai,2020,Petrol,Automatic,51403,First,18.0,1236,6,257425.63
Skoda,2015,Electric,Manual,137911,First,19.5,1082,11,142579.08
Hyundai,2015,CNG,Manual,140129,Fourth,18.1,1235,11,42573.88
Mahindra,2026,Diesel,Manual,500,Second,22.0,1044,0,688889.06
Mercedes,2026,Petrol,Manual,10561,First,27.6,1266,0,4688331.62
Renault,2023,Petrol,Manual,45825,First,18.7,1038,3,276842.99
Maruti,2021,Diesel,Automatic,59620,Fourth,12.6,1049,5,129775.47
Nissan,2012,Diesel,Manual,154513,First,17.9,1094,14,41610.29
Toyota,2015,Petrol,Manual,121969,First,22.1,1597,11,111472.08
Tata,2023,Petrol,Manual,51909,First,16.5,1222,3,281812.7
Renault,2007,Petrol,Manual,234313,First,8.4,647,19,35000.0
Renault,2025,Petrol,Automatic,18028,First,22.5,650,1,452390.55
Toyota,2021,Petrol,Manual,71220,First,15.3,1031,5,293541.87
Maruti,2011,Diesel,Manual,186829,Second,9.5,1600,15,35000.0
Volkswagen,2015,Petrol,Manual,136781,First,24.6,1566,11,107505.59
Tata,2007,Petrol,Manual,228266,First,18.4,1639,19,35000.0
Kia,2007,Diesel,Manual,224060,First,25.7,1094,19,35000.0
Maruti,2009,Petrol,Manual,196129,Third,18.0,1194,17,35000.0
Maruti,2024,Diesel,Manual,37433,First,16.4,1604,2,353755.01
Nissan,2022,Petrol,Automatic,48202,Third,23.3,1451,4,224117.52
Maruti,2024,Diesel,Automatic,18240,Fourth,16.6,1643,2,269075.99
Maruti,2011,Petrol,Manual,175936,Second,13.2,1023,15,35000.0
Skoda,2007,Diesel,Manual,237097,Fourth,17.9,1146,19,35000.0
Audi,2017,LPG,Automatic,97737,Second,22.7,1308,9,617007.72
Audi,2011,LPG,Manual,186588,First,22.0,1155,15,229179.56
Tata,2005,Petrol,Automatic,249560,Test Drive,18.5,1266,21,35000.0
Jeep,2011,Petrol,Manual,183757,Second,20.6,1821,15,76486.52
Toyota,2006,Petrol,Automatic,231464,First,17.3,1867,20,35467.22
Tata,2011,Diesel,Manual,170507,First,12.2,1071,15,36731.56
Hyundai,2014,Petrol,Manual,158315,First,16.8,1349,12,57369.27
Honda,2011,Petrol,Automatic,172242,First,21.0,1037,15,51365.67
Maruti,2009,CNG,Automatic,203848,Second,19.3,1375,17,35000.0
Maruti,2005,Petrol,Automatic,258481,First,25.1,1181,21,35000.0
Tata,2009,Petrol,Manual,200640,First,25.8,1229,17,35000.0
Renault,2012,Electric,Automatic,165693,First,10.4,971,14,48015.74
Maruti,2006,Electric,Manual,238028,Second,21.6,1515,20,35000.0
Renault,2010,Petrol,Manual,204586,Second,14.4,1806,16,35000.0
Tata,2013,Petrol,Manual,166424,First,15.2,1864,13,45296.58
Mahindra,2013,CNG,Manual,168823,Second,18.4,1135,13,41887.08
Renault,2011,Petrol,Manual,196433,Second,19.0,1252,15,35000.0
BMW,2008,Petrol,Manual,226874,First,17.5,1171,18,170158.03
Tata,2020,Petrol,Manual,74448,First,23.0,1217,6,207655.32
Mahindra,2025,Diesel,Manual,19657,First,22.5,1738,1,726258.72
Hyundai,2006,Petrol,Manual,249566,First,13.7,785,20,35000.0
Volkswagen,2013,Diesel,Automatic,148010,Second,18.8,1036,13,76357.2
Kia,2023,Petrol,Automatic,27599,First,19.9,1529,3,527592.37
Maruti,2025,Diesel,Manual,9269,Second,17.3,1159,1,353734.38
Lexus,2013,CNG,Manual,152378,First,23.5,1490,13,339182.64
Jeep,2005,Petrol,Manual,248135,First,14.1,721,21,35000.0
Maruti,2020,Diesel,Automatic,69865,First,30.2,1656,6,290907.35
Maruti,2014,Diesel,Manual,167964,Second,15.2,1218,12,35555.99
Mercedes,2019,Diesel,Manual,83027,Second,10.6,1128,7,1025409.95
Kia,2005,Petrol,Automatic,245119,Second,18.3,1176,21,35000.0
Tata,2010,Diesel,Manual,203960,First,15.9,1405,16,35000.0
Honda,2017,Petrol,Manual,109344,Second,16.2,1789,9,116387.87
Volkswagen,2013,CNG,Automatic,163657,First,12.8,1450,13,55151.9
Hyundai,2006,Petrol,Automatic,236523,First,18.8,1501,20,35000.0
BMW,2010,Petrol,Automatic,195393,Second,19.0,1238,16,198563.27
Toyota,2026,Petrol,Automatic,13893,First,23.4,600,0,898723.54
MG,2017,Petrol,Manual,93948,First,19.7,1658,9,219195.27
Hyundai,2018,LPG,Manual,96284,Second,11.8,1501,8,77617.49
Tata,2005,Petrol,Automatic,248734,First,20.6,1420,21,35000.0
Maruti,2016,Petrol,Manual,127341,First,20.1,1444,10,85514.6
Honda,2005,Electric,Manual,240499,First,16.8,1462,21,35000.0
Mahindra,2019,Petrol,Manual,83746,Second,23.6,1735,7,232308.82
Maruti,2005,Diesel,Manual,257716,Second,21.5,1536,21,35000.0
Tata,2025,Diesel,Manual,6139,First,13.3,1058,1,468426.58
Mahindra,2018,Petrol,Manual,100957,First,24.5,1146,8,179897.38
Honda,2005,Petrol,Manual,256157,First,15.8,1459,21,35000.0
Tata,2005,Diesel,Automatic,261640,First,17.6,949,21,35000.0
Audi,2011,Petrol,Manual,180885,First,20.0,1089,15,227221.3
Kia,2016,CNG,Manual,132463,Fourth,22.6,1635,10,66339.0
Mahindra,2016,Electric,Manual,109885,First,20.7,698,10,140321.91
Honda,2014,Diesel,Manual,143269,First,21.1,1356,12,89628.03
Hyundai,2008,Diesel,Manual,201559,First,23.2,1108,18,35000.0
Toyota,2018,Diesel,Manual,102523,Fourth,22.6,833,8,129246.54
Chevrolet,2011,Petrol,Manual,177674,Second,16.1,1251,15,35000.0
Renault,2012,Diesel,Manual,159478,Third,18.6,1046,14,35000.0
Nissan,2013,CNG,Manual,151872,First,22.7,1332,13,40033.21
Hyundai,2015,Petrol,Manual,131976,First,21.6,1432,11,82643.21
Ford,2025,Petrol,Automatic,19139,Second,16.4,915,1,415990.8
BMW,2007,Petrol,Manual,226629,First,15.6,1387,19,122728.73
Hyundai,2020,Diesel,Automatic,57717,Second,20.0,961,6,226957.19
Mahindra,2024,Diesel,Manual,31615,First,20.7,961,2,510530.0
Tata,2022,Petrol,Manual,47774,First,18.5,1385,4,245383.84
BMW,2012,Diesel,Manual,157599,Second,17.9,1282,14,264177.46
Hyundai,2008,Petrol,Automatic,211204,First,12.6,764,18,35000.0
Maruti,2008,Petrol,Manual,218042,First,17.3,1551,18,35000.0
Audi,2019,Diesel,Manual,84253,Second,16.0,972,7,935374.54
Hyundai,2025,Diesel,Automatic,14968,Second,20.4,928,1,480239.22
Tata,2018,Petrol,Manual,85304,First,19.1,1493,8,135767.57
Toyota,2020,Petrol,Automatic,85075,First,7.6,1588,6,294343.54
Mahindra,2005,Petrol,Manual,252208,Second,21.9,1110,21,35000.0
Hyundai,2008,Petrol,Automatic,213140,Second,17.9,1019,18,35000.0
Toyota,2026,Diesel,Manual,2306,Second,16.1,1098,0,809398.41
Honda,2024,Petrol,Automatic,28351,Third,23.0,929,2,403104.72
Maruti,2015,Diesel,Manual,129488,First,18.6,1264,11,64412.26
MG,2014,Diesel,Automatic,160411,Fourth,22.9,1192,12,72085.96
Maruti,2013,Petrol,Manual,158818,Second,14.0,1411,13,35000.0
Maruti,2017,LPG,Manual,111017,Third,19.3,1619,9,66621.11
Kia,2019,Diesel,Manual,78275,Fourth,21.0,1159,7,158173.55
Honda,2019,Diesel,Automatic,80648,Second,24.1,937,7,226590.25
Mahindra,2017,Diesel,Manual,106037,Second,21.8,1244,9,122771.64
Maruti,2009,Diesel,Manual,209006,Second,20.9,1192,17,35000.0
Tata,2012,Petrol,Manual,183929,First,16.6,944,14,35000.0
Honda,2011,CNG,Manual,173220,Third,13.7,988,15,35000.0
Jeep,2005,Petrol,Manual,258049,Second,17.0,1444,21,36428.36
Maruti,2017,Petrol,Manual,110509,Second,14.1,1580,9,85253.51
Hyundai,2019,Petrol,Manual,82118,Second,18.9,1130,7,137421.3
Audi,2014,Diesel,Manual,131292,Second,25.4,1604,12,427701.54
Honda,2021,Electric,Manual,62155,First,15.4,1078,5,337418.35
Mahindra,2019,Petrol,Manual,77934,Third,17.9,1847,7,176872.61
Maruti,2016,Petrol,Manual,130230,First,12.6,1017,10,65727.07
Hyundai,2014,Diesel,Manual,143376,First,19.0,1906,12,80869.46
BMW,2016,Electric,Manual,118787,First,19.9,1648,10,731733.67
Maruti,2006,Petrol,Manual,249188,First,19.8,1637,20,35000.0
Hyundai,2023,Petrol,Manual,32488,First,19.5,966,3,316645.84
Toyota,2012,Diesel,Manual,155990,Fourth,14.1,927,14,42941.61
Maruti,2019,Petrol,Manual,75758,Second,11.4,1269,7,108783.33
Maruti,2006,Diesel,Automatic,244977,First,9.9,851,20,35000.0
Ford,2012,Petrol,Automatic,165564,Second,21.8,1513,14,42776.38
Mercedes,2021,Petrol,Manual,59336,First,16.3,1650,5,1720647.83
Honda,2017,CNG,Automatic,98989,Third,14.1,1129,9,92982.9
Honda,2011,Diesel,Manual,183570,Second,12.6,600,15,35000.0
Maruti,2016,Petrol,Manual,131160,Test Drive,21.8,1773,10,86968.98
Nissan,2009,Petrol,Manual,202890,Fourth,20.2,1792,17,35000.0
Maruti,2016,Diesel,Manual,119237,First,13.3,1246,10,86178.83
Maruti,2010,Petrol,Manual,204506,First,24.2,1663,16,35000.0
Mahindra,2023,Diesel,Manual,34423,First,10.8,1351,3,425200.1
Tata,2012,Petrol,Automatic,178268,First,13.8,1601,14,45900.09
Mahindra,2012,Diesel,Manual,171558,First,20.1,1019,14,52295.43
Hyundai,2005,Diesel,Manual,254971,Third,16.9,1299,21,35000.0
Kia,2012,Petrol,Manual,158788,First,21.1,1008,14,52811.7
Kia,2010,Diesel,Manual,192012,First,15.0,1354,16,42663.74
Honda,2011,Petrol,Manual,191792,First,17.6,1731,15,45641.75
Hyundai,2015,Diesel,Automatic,119326,Third,22.3,1670,11,97322.34
Audi,2020,Diesel,Manual,75058,Second,15.3,1311,6,1288633.39
Honda,2014,Diesel,Automatic,139448,First,20.2,932,12,94226.08
Audi,2017,Petrol,Manual,101627,Fourth,17.7,600,9,377817.36
Renault,2010,Diesel,Automatic,186886,Second,15.7,1025,16,35000.0
Honda,2005,Petrol,Manual,255639,First,18.0,2071,21,35000.0
Chevrolet,2017,Diesel,Manual,105678,Third,10.1,1422,9,65700.0
Hyundai,2023,Petrol,Manual,28096,Second,17.6,1538,3,290940.93
Maruti,2024,Petrol,Automatic,19385,Third,27.0,1006,2,243891.8
Renault,2022,Petrol,Manual,45452,First,11.3,850,4,212253.37
Honda,2005,Petrol,Manual,252365,First,13.8,1363,21,35000.0
Tata,2021,Petrol,Manual,55904,First,22.5,989,5,224659.79
Mahindra,2012,Diesel,Manual,179133,Second,8.9,1335,14,42731.81
Tata,2010,CNG,Manual,202273,First,18.1,1174,16,35000.0
Honda,2022,Petrol,Automatic,44637,First,15.2,1080,4,394120.67
Tata,2025,Petrol,Automatic,2496,First,20.4,1227,1,571526.13
Ford,2008,CNG,Manual,233266,First,16.2,839,18,35000.0
Maruti,2008,Petrol,Manual,209311,First,16.1,1318,18,35000.0
Maruti,2026,Petrol,Manual,25440,Second,13.6,1689,0,348028.47
Jeep,2015,Petrol,Automatic,130302,First,10.9,1566,11,184183.21
Toyota,2024,Diesel,Automatic,15337,First,19.3,1071,2,618322.22
Maruti,2010,Petrol,Manual,195763,First,24.9,1445,16,35000.0
Kia,2009,Petrol,Automatic,213757,Second,20.1,648,17,35000.0
Ford,2019,Petrol,Automatic,92661,Second,24.0,982,7,160400.63
Volkswagen,2009,Petrol,Automatic,218376,First,18.1,1185,17,46087.23
Hyundai,2025,Petrol,Manual,500,First,14.8,1552,1,523158.72
Hyundai,2024,Petrol,Manual,12590,First,16.0,1273,2,407941.09
Volvo,2011,Petrol,Automatic,176647,Second,15.3,1485,15,178520.57
Skoda,2020,Petrol,Manual,81898,Fourth,14.2,1438,6,160397.64
Skoda,2017,Petrol,Manual,108541,First,22.9,949,9,160789.39
Honda,2014,Petrol,Manual,157971,First,26.3,1077,12,67017.23
Maruti,2025,CNG,Automatic,1445,Second,14.2,1056,1,311934.98
Toyota,2023,Electric,Manual,45758,First,19.0,1063,3,603253.63
Hyundai,2013,Petrol,Manual,152869,First,12.6,1708,13,53323.66
Skoda,2015,Diesel,Manual,134021,Second,15.8,1151,11,112616.94
Hyundai,2022,Petrol,Manual,46886,Third,12.3,1451,4,189678.75
Skoda,2021,Petrol,Manual,58206,First,17.9,1420,5,365430.26
Chevrolet,2020,Petrol,Manual,72487,First,18.0,857,6,133291.69
Maruti,2011,Petrol,Automatic,186432,Second,14.0,1471,15,35000.0
Hyundai,2026,CNG,Manual,15982,First,17.5,1294,0,448471.74
BMW,2008,Diesel,Manual,221160,First,11.9,1317,18,152582.46
Mahindra,2011,Petrol,Manual,170682,First,25.8,1704,15,52448.01
Mahindra,2015,Diesel,Manual,137330,Second,22.1,1275,11,85410.58
Tata,2010,Petrol,Automatic,190376,First,12.7,1768,16,39715.81
Maruti,2021,Diesel,Manual,51523,First,16.3,1404,5,214071.93
Tata,2016,Petrol,Manual,129903,First,17.6,1594,10,86840.53
Hyundai,2018,Petrol,Manual,103895,Second,16.0,1498,8,106192.82
Honda,2023,Diesel,Manual,39760,First,19.7,1339,3,469208.39
Hyundai,2013,CNG,Automatic,158721,Second,27.1,1559,13,52474.68
Toyota,2009,CNG,Manual,203654,First,14.2,1148,17,35000.0
Hyundai,2021,Petrol,Automatic,54652,Second,15.0,943,5,199971.59
Volkswagen,2009,Diesel,Manual,206280,Third,22.9,823,17,35000.0
Maruti,2015,Diesel,Manual,127704,First,17.7,1118,11,63533.93
Maruti,2016,Diesel,Automatic,130177,Fourth,15.9,1390,10,56196.13
Tata,2016,Petrol,Manual,117004,Fourth,18.1,1361,10,57614.91
Mahindra,2008,Diesel,Automatic,216350,First,16.8,1318,18,40320.82
Skoda,2010,Diesel,Manual,186559,First,15.1,1260,16,53965.49
Nissan,2020,Diesel,Automatic,73261,Second,13.3,962,6,198009.34
BMW,2020,Petrol,Automatic,70760,First,16.6,1605,6,1631642.11
Renault,2024,CNG,Manual,37089,First,13.2,2059,2,323899.48
Tata,2008,Petrol,Manual,216586,First,16.7,973,18,35000.0
Toyota,2019,CNG,Manual,97370,Third,19.6,1508,7,152741.67
Tata,2018,Petrol,Manual,95702,First,20.4,1546,8,128821.87
Maruti,2021,Petrol,Manual,56739,Fourth,20.0,989,5,129556.56
Maruti,2018,Diesel,Manual,98952,First,14.0,2083,8,134335.8
BMW,2017,Petrol,Manual,98450,First,18.2,1009,9,707004.27
Tata,2005,Diesel,Manual,244891,Third,15.4,860,21,35000.0
Kia,2014,Petrol,Manual,132939,First,18.7,1718,12,79261.15
Honda,2009,Petrol,Automatic,210648,First,16.9,1409,17,44733.8
Hyundai,2019,Petrol,Manual,81444,Second,19.0,1496,7,142947.62
Honda,2010,Petrol,Manual,193367,Fourth,22.1,1623,16,35000.0
Maruti,2011,Diesel,Automatic,177612,First,15.3,1027,15,36796.09
Kia,2013,Petrol,Manual,152568,First,9.3,758,13,49444.17
Skoda,2006,Petrol,Manual,247387,Fourth,18.4,1646,20,35000.0
Tata,2019,Petrol,Automatic,80881,Test Drive,20.0,943,7,184920.91
Mahindra,2007,Petrol,Manual,223768,First,15.4,1211,19,35000.0
Mahindra,2005,Petrol,Automatic,256416,Third,21.4,1142,21,35000.0
Kia,2021,Petrol,Manual,60983,First,18.7,1597,5,299128.45
Maruti,2021,Petrol,Automatic,60775,First,17.7,1173,5,241191.25
Renault,2018,Petrol,Automatic,88275,Third,18.9,1444,8,109320.6
Ford,2016,Petrol,Manual,124654,First,14.3,623,10,78950.8
Volkswagen,2019,Petrol,Manual,84710,First,20.3,1293,7,219711.05
Hyundai,2023,Petrol,Manual,26011,Second,13.2,1671,3,258088.93
Maruti,2020,Petrol,Manual,72907,Second,12.2,876,6,105353.88
Skoda,2022,LPG,Automatic,36588,Second,13.8,953,4,326933.62
Hyundai,2021,Diesel,Automatic,69508,First,18.9,1175,5,275704.35
Jeep,2010,Diesel,Automatic,185425,Third,11.0,1359,16,59030.55
Maruti,2016,Petrol,Manual,124863,First,17.0,1622,10,64115.87
Maruti,2006,Diesel,Automatic,233574,Second,14.2,1169,20,35000.0
Hyundai,2005,Diesel,Automatic,244447,First,17.5,1214,21,35000.0
Maruti,2019,Petrol,Manual,81549,First,17.9,1714,7,130755.71
Mahindra,2005,Petrol,Automatic,256477,First,20.7,1200,21,35000.0
Maruti,2009,Diesel,Manual,204311,First,23.9,1358,17,35000.0
Maruti,2026,Petrol,Manual,12776,Second,13.1,1212,0,329296.29
Hyundai,2005,Diesel,Manual,249517,First,19.9,1333,21,35000.0
Volkswagen,2021,Diesel,Manual,64077,First,19.8,1195,5,382788.81
Lexus,2026,Petrol,Manual,4491,Fourth,16.1,1025,0,2115675.46
Maruti,2007,Petrol,Manual,238783,First,21.9,1802,19,35000.0
Hyundai,2010,Petrol,Manual,185647,Fourth,10.6,1946,16,35000.0
Kia,2006,Diesel,Manual,240419,Second,18.1,600,20,35000.0
Hyundai,2022,CNG,Manual,49382,Third,19.1,1466,4,191841.77
Maruti,2024,Petrol,Manual,31453,Second,18.5,1220,2,286157.59
Maruti,2026,Diesel,Manual,22169,Second,25.0,1955,0,482069.27
Toyota,2017,Diesel,Automatic,110436,First,22.0,1127,9,193472.62
Maruti,2025,Petrol,Manual,12104,First,19.9,1583,1,368986.83
Mahindra,2025,Petrol,Automatic,13033,First,18.7,1612,1,649411.15
Ford,2025,Petrol,Automatic,9389,First,18.3,1280,1,588946.98
Renault,2006,Petrol,Manual,260150,First,12.2,975,20,35000.0
Maruti,2021,Petrol,Automatic,62957,First,21.8,1721,5,206860.82
Renault,2010,CNG,Automatic,182363,First,22.1,848,16,35000.0
Tata,2015,Petrol,Manual,119050,First,15.2,1117,11,84922.33
Tata,2007,Petrol,Manual,223095,Second,27.3,1390,19,35000.0
Maruti,2015,CNG,Manual,131488,Third,14.5,1589,11,41826.05
Mercedes,2025,Petrol,Automatic,17005,First,10.1,1038,1,4116111.88
Toyota,2023,Diesel,Automatic,33885,First,17.7,1970,3,728729.12
Volkswagen,2015,Diesel,Automatic,137947,First,18.3,840,11,101746.19
Mahindra,2010,Diesel,Automatic,191726,First,15.6,1273,16,52665.57
Volkswagen,2020,Diesel,Automatic,71768,First,15.9,1304,6,365182.15
Maruti,2024,Petrol,Manual,23842,Second,18.6,1412,2,263595.07
Tata,2014,Petrol,Manual,131854,Second,19.7,1160,12,47316.34
Hyundai,2022,Diesel,Manual,59013,First,11.6,1119,4,285805.02
Hyundai,2025,Petrol,Manual,14979,Second,16.6,608,1,348031.33
Renault,2006,Diesel,Manual,233771,First,10.9,1602,20,35000.0
Mahindra,2006,LPG,Manual,224687,First,28.0,1992,20,35000.0
Renault,2014,Petrol,Manual,136084,Third,23.8,1280,12,40642.59
Toyota,2006,Diesel,Manual,241759,First,18.7,1729,20,35000.0
Kia,2019,CNG,Manual,86336,Second,16.1,893,7,167642.25
Maruti,2015,Diesel,Automatic,145423,First,25.2,1497,11,82221.21
Skoda,2014,Diesel,Automatic,151853,Third,14.3,1834,12,80804.15
Tata,2005,Petrol,Manual,234623,First,15.3,1078,21,35000.0
Audi,2008,Petrol,Manual,208632,First,22.1,1435,18,163346.17
Ford,2008,Petrol,Manual,236567,Second,24.4,1031,18,35000.0
Mahindra,2018,Diesel,Automatic,101403,Test Drive,22.7,1673,8,240763.63
Volkswagen,2007,Diesel,Automatic,237053,Second,16.0,1047,19,35000.0
Maruti,2019,Petrol,Manual,88375,Second,20.5,1197,7,100407.86
MG,2012,Petrol,Manual,164545,Second,19.0,2516,14,68176.71
Renault,2009,Petrol,Automatic,219559,Second,19.4,1206,17,35000.0
Mahindra,2012,Diesel,Manual,163096,Second,15.9,1812,14,51243.73
Maruti,2023,Petrol,Automatic,44824,First,15.3,1286,3,295927.6
Skoda,2008,Petrol,Manual,208462,First,11.1,1346,18,35924.62
Maruti,2023,Petrol,Manual,37358,First,19.9,1413,3,291179.52
Nissan,2019,Diesel,Manual,81617,First,18.3,854,7,185639.12
Tata,2017,Petrol,Manual,124291,First,20.1,600,9,87217.77
Toyota,2011,Petrol,Automatic,191672,First,20.0,600,15,58055.1
Hyundai,2026,Petrol,Manual,9397,Third,19.4,1575,0,350117.67
Tata,2023,Petrol,Manual,46755,Third,16.5,1270,3,225366.97
MG,2006,Petrol,Manual,231011,Second,10.2,1012,20,35000.0
Hyundai,2009,Petrol,Manual,198182,Second,19.3,880,17,35000.0
Maruti,2012,Diesel,Manual,157673,Second,15.3,1576,14,35000.0
Renault,2006,LPG,Manual,229474,First,17.6,1113,20,35000.0
Tata,2007,Diesel,Manual,225966,Second,14.9,1054,19,35000.0
Maruti,2010,Electric,Automatic,186420,Second,9.6,1419,16,35000.0
Mahindra,2018,Petrol,Automatic,94187,First,22.6,600,8,173003.36
Chevrolet,2015,Diesel,Manual,131293,First,17.1,1167,11,58093.12
Ford,2018,Diesel,Manual,90632,First,15.0,1465,8,158167.14
Volkswagen,2024,Petrol,Manual,37550,First,12.7,1139,2,504951.3
Maruti,2005,Diesel,Manual,249718,Second,27.1,1583,21,35000.0
Maruti,2012,Petrol,Manual,174923,Test Drive,12.7,1371,14,35000.0
Kia,2010,Petrol,Automatic,180481,Second,16.9,795,16,37321.46
Honda,2020,Diesel,Manual,79149,Second,23.5,977,6,235665.71
Maruti,2017,Petrol,Manual,96743,Second,13.6,1873,9,87191.32
Hyundai,2016,Petrol,Manual,123285,Second,16.4,1022,10,78958.84
Maruti,2015,Petrol,Manual,136400,First,12.3,1328,11,60951.5
Kia,2017,Petrol,Manual,107716,First,19.4,1135,9,137907.25
Maruti,2011,Diesel,Manual,173044,First,24.8,1167,15,35368.05
Tata,2014,Petrol,Manual,133301,Test Drive,20.5,1199,12,73713.21
Hyundai,2009,Petrol,Manual,203768,First,13.6,1194,17,35000.0
Maruti,2024,Petrol,Manual,27924,Second,19.7,600,2,268709.25
Hyundai,2026,Diesel,Manual,13267,Second,22.2,1305,0,534571.39
Ford,2005,CNG,Automatic,256784,Second,23.0,1047,21,35000.0
Hyundai,2013,Petrol,Manual,152433,First,15.0,1188,13,54201.87
Tata,2022,Petrol,Manual,52483,Second,21.2,600,4,224997.42
Tata,2011,Petrol,Manual,183942,First,20.9,1642,15,41753.82
Audi,2024,Petrol,Manual,23575,First,14.0,1452,2,2383429.25
Volkswagen,2022,Petrol,Manual,53748,First,26.9,1118,4,411444.14
Tata,2026,Petrol,Manual,500,First,16.7,1073,0,490623.0
Mahindra,2005,Petrol,Manual,248425,Second,19.9,1204,21,35000.0
Maruti,2013,Diesel,Manual,160922,Fourth,24.4,2063,13,35000.0
Mahindra,2010,Petrol,Manual,206819,Test Drive,20.4,643,16,36509.21
Hyundai,2014,Petrol,Automatic,145174,Third,17.4,1615,12,51353.26
Tata,2023,Petrol,Manual,36127,First,21.2,1618,3,377499.18
Tata,2007,Petrol,Manual,237375,Third,16.5,1145,19,35000.0
MG,2019,CNG,Manual,92300,First,16.5,763,7,230600.3
Tata,2008,Petrol,Manual,224274,Second,25.3,1322,18,35000.0
MG,2014,LPG,Manual,146152,First,14.2,1168,12,76853.32
Hyundai,2009,Diesel,Automatic,209000,First,21.4,793,17,35613.15
Toyota,2013,Petrol,Automatic,150752,First,19.1,1298,13,95129.96
Volkswagen,2009,Petrol,Manual,199479,Second,19.5,1245,17,35000.0
Hyundai,2010,Diesel,Manual,197384,First,23.5,888,16,38570.45
Maruti,2012,Petrol,Manual,168989,First,18.2,1460,14,35337.39
Maruti,2005,CNG,Automatic,249081,First,22.1,1138,21,35000.0
Tata,2022,Diesel,Manual,47350,First,18.4,764,4,255545.0
Honda,2022,CNG,Manual,71229,Second,20.7,1684,4,237602.87
Mahindra,2016,Petrol,Manual,123145,Fourth,19.9,1089,10,65304.4
Ford,2012,Diesel,Manual,163724,Second,24.4,1858,14,46925.31
Maruti,2012,Petrol,Manual,164854,First,19.4,1324,14,35000.0
Kia,2014,Petrol,Manual,139402,First,15.1,1665,12,81123.33
Audi,2020,Petrol,Manual,87786,First,18.9,1489,6,1319447.85
Maruti,2022,Petrol,Automatic,56198,First,13.2,1839,4,271550.92
Hyundai,2008,Petrol,Manual,225758,Second,22.6,1212,18,35000.0
Toyota,2008,Petrol,Manual,224880,Second,24.4,1211,18,35000.0
Toyota,2010,Diesel,Manual,184727,Second,12.8,837,16,38584.04
Maruti,2021,Petrol,Manual,55623,First,15.1,1131,5,196789.82
Mahindra,2018,Petrol,Manual,118746,Second,20.6,1489,8,127506.39
Nissan,2011,CNG,Manual,181605,First,20.4,1964,15,39388.34
Toyota,2014,Petrol,Automatic,142350,First,25.1,1488,12,119933.85
Tata,2025,Petrol,Manual,16937,Fourth,14.3,1262,1,228442.25
Audi,2010,Diesel,Automatic,194453,First,12.3,1319,16,282988.3
Tata,2016,Diesel,Automatic,118002,First,15.9,789,10,92400.13
Ford,2019,Diesel,Manual,76185,Fourth,19.0,1118,7,95832.36
Mahindra,2023,Petrol,Manual,35353,First,19.7,1181,3,437530.11
Skoda,2009,Petrol,Manual,203346,First,16.1,1157,17,39377.95
Hyundai,2015,Diesel,Manual,139595,Second,16.0,1107,11,66746.55
Tata,2018,Diesel,Automatic,103718,First,21.8,1592,8,183699.63
Mahindra,2024,Diesel,Manual,30395,First,15.9,961,2,472994.17
Ford,2009,Petrol,Manual,201357,Second,15.2,1099,17,35000.0
Ford,2007,Petrol,Manual,225341,First,19.8,1191,19,35000.0
Maruti,2005,CNG,Manual,247863,First,12.0,1340,21,35000.0
Maruti,2014,Petrol,Manual,156086,First,19.3,1596,12,47525.29
Mercedes,2024,Diesel,Manual,27245,First,17.3,1013,2,3264848.58
Ford,2010,Diesel,Automatic,203725,First,20.9,768,16,36295.71
Hyundai,2020,Diesel,Automatic,76260,First,14.2,1232,6,212891.68
Volkswagen,2023,Diesel,Automatic,23622,Second,11.5,1270,3,456546.17
Hyundai,2016,Petrol,Automatic,112379,First,12.0,1011,10,91471.2
Kia,2014,Diesel,Manual,148220,First,11.3,1499,12,73876.98
Mercedes,2023,Petrol,Manual,26979,Third,17.5,1244,3,1982783.79
Tata,2012,Petrol,Automatic,162662,First,24.0,1729,14,55981.88
Audi,2022,Petrol,Automatic,44282,First,19.0,702,4,1881418.52
Renault,2025,Diesel,Manual,1135,First,16.3,789,1,416625.72
Renault,2007,Petrol,Manual,243605,Third,14.6,1356,19,35000.0
Volkswagen,2025,Diesel,Automatic,32695,Second,20.6,1318,1,749200.75
Honda,2007,Diesel,Automatic,209308,First,12.3,1855,19,35000.0
MG,2019,Electric,Manual,97187,Second,26.4,1199,7,335019.04
Maruti,2010,Petrol,Automatic,181565,First,25.6,1303,16,35000.0
Renault,2012,Petrol,Manual,157354,Fourth,18.9,1093,14,35000.0
MG,2006,CNG,Manual,239623,First,16.7,996,20,35000.0
Hyundai,2005,Diesel,Manual,261098,First,21.6,1666,21,35000.0
MG,2022,CNG,Manual,51409,First,20.2,1157,4,402351.36
Tata,2020,Diesel,Manual,63314,Second,17.4,1410,6,168791.18
Honda,2026,Petrol,Manual,4869,First,20.1,1286,0,622200.81
Lexus,2010,Petrol,Manual,205439,Second,17.4,1656,16,181149.83
Maruti,2013,Electric,Manual,160734,First,12.3,600,13,40669.76
Hyundai,2009,Petrol,Manual,216277,First,15.7,1169,17,35000.0
Maruti,2006,Diesel,Automatic,242543,First,14.9,1179,20,35000.0
Honda,2009,Diesel,Manual,214744,First,23.3,1367,17,38442.88
Tata,2014,Petrol,Automatic,144589,Third,16.0,1364,12,49381.02
Hyundai,2015,Diesel,Automatic,125764,Second,15.8,960,11,83759.45
Chevrolet,2014,Petrol,Manual,142953,First,15.3,1032,12,45800.38
Tata,2008,Diesel,Manual,217047,First,18.7,1029,18,35000.0
Tata,2023,Diesel,Manual,35948,First,27.1,1855,3,422647.55
Maruti,2020,Petrol,Manual,69461,First,17.0,1517,6,154590.79
Maruti,2006,Petrol,Automatic,233708,Second,20.1,813,20,35000.0
Renault,2016,Petrol,Manual,124890,Fourth,16.9,1627,10,43365.66
Maruti,2012,CNG,Automatic,152604,First,17.7,1132,14,35303.37
Tata,2016,Petrol,Manual,130418,First,18.5,1760,10,86971.78
Hyundai,2020,Diesel,Manual,76740,First,21.6,1422,6,221793.43
Ford,2018,Diesel,Automatic,96934,Second,24.3,1056,8,134780.01
Renault,2025,Diesel,Manual,15311,First,21.4,757,1,375266.13
Renault,2011,Petrol,Manual,185915,Second,18.5,1262,15,35000.0
Skoda,2026,Diesel,Manual,12952,Second,21.5,1517,0,763125.8
Maruti,2010,Petrol,Manual,196805,First,22.3,768,16,35000.0
Mahindra,2017,Petrol,Automatic,124853,Second,15.7,1347,9,128405.46
Toyota,2013,CNG,Manual,150312,First,18.6,1692,13,66252.34
Jeep,2005,Petrol,Manual,250229,Second,16.8,1778,21,35000.0
Renault,2017,Petrol,Manual,105511,Second,17.6,1053,9,83259.1
Maruti,2012,Petrol,Automatic,166842,First,16.2,1563,14,41425.48
Maruti,2024,LPG,Manual,19853,First,19.0,1493,2,292225.21
BMW,2006,Petrol,Manual,242992,Second,24.6,918,20,113272.83
Hyundai,2016,Diesel,Manual,121039,Third,16.7,1460,10,74267.09
Volkswagen,2010,Petrol,Manual,204721,Second,15.8,1061,16,35000.0
Maruti,2025,Petrol,Automatic,6108,First,12.6,1345,1,410779.88
Maruti,2011,Diesel,Manual,168140,First,18.2,1545,15,35000.0
Mahindra,2015,CNG,Manual,130536,First,17.3,1430,11,79709.77
Maruti,2019,Petrol,Manual,90906,First,14.7,1288,7,124977.44
Maruti,2012,Diesel,Manual,171762,First,14.8,1661,14,36858.0
Toyota,2021,Petrol,Manual,78555,Second,14.3,1189,5,229736.12
Kia,2006,Petrol,Automatic,235896,First,7.0,1526,20,35000.0
BMW,2017,Diesel,Manual,105798,First,23.9,1226,9,931538.88
Lexus,2024,Petrol,Automatic,21891,First,14.0,920,2,2829449.24
Maruti,2015,CNG,Manual,140025,First,14.0,1502,11,53262.72
Hyundai,2006,Electric,Automatic,240156,First,14.5,895,20,35000.0
Ford,2011,Diesel,Manual,170514,Third,12.9,1659,15,35000.0
Mahindra,2017,Petrol,Manual,102984,Second,13.6,1430,9,122427.72
Honda,2010,Petrol,Manual,194133,First,20.0,803,16,45904.51
Hyundai,2015,CNG,Manual,127195,Fourth,19.8,1103,11,39121.98
Hyundai,2007,Petrol,Manual,217902,Second,17.4,1260,19,35000.0
Hyundai,2021,Petrol,Automatic,59052,First,17.0,1048,5,234993.7
Toyota,2009,Diesel,Manual,208819,First,13.0,1562,17,41122.31
Maruti,2022,Petrol,Manual,48286,First,19.9,1615,4,271451.98
Tata,2013,Electric,Manual,159812,Second,12.6,975,13,47865.27
Maruti,2024,LPG,Manual,17824,Second,10.4,1634,2,218041.74
Mahindra,2006,Petrol,Manual,235603,Third,17.8,1445,20,35000.0
Kia,2016,Diesel,Manual,104010,Second,10.6,1276,10,109910.01
Maruti,2008,Petrol,Manual,211121,Fourth,17.8,1020,18,35000.0
MG,2025,Petrol,Automatic,16999,Second,24.2,1266,1,807131.96
Tata,2013,Diesel,Manual,152499,First,13.5,1775,13,56734.95
Honda,2010,Petrol,Automatic,191958,First,16.6,2120,16,50552.4
Hyundai,2016,Diesel,Automatic,125284,Fourth,14.2,1501,10,62558.1
Kia,2021,Petrol,Manual,59760,First,18.4,1022,5,258476.63
Maruti,2011,Diesel,Automatic,187017,First,19.9,1566,15,43574.62
Toyota,2018,Electric,Manual,88619,First,13.6,1727,8,250382.4
Hyundai,2015,Diesel,Manual,140359,Third,17.7,1689,11,62575.85
Tata,2023,Petrol,Manual,27516,Fourth,17.4,872,3,166573.33
Maruti,2023,Petrol,Automatic,52699,First,15.8,1384,3,279003.99
Hyundai,2009,Diesel,Manual,202030,Second,23.0,950,17,35000.0
Jeep,2011,Petrol,Automatic,185723,Second,16.4,961,15,76285.6
Skoda,2021,Diesel,Automatic,74451,Second,22.1,1303,5,349282.01
Skoda,2009,Electric,Automatic,206761,First,22.6,1381,17,67573.46
Maruti,2023,Petrol,Automatic,37312,First,17.2,1658,3,350999.6
Hyundai,2026,Diesel,Manual,9028,Third,18.9,905,0,386783.59
Hyundai,2021,Petrol,Manual,63369,Third,22.2,939,5,162620.4
Mercedes,2021,Diesel,Manual,58636,First,17.5,1848,5,2107822.01
Maruti,2013,Petrol,Manual,152495,First,16.8,1504,13,42327.45
Kia,2009,Petrol,Manual,201630,Fourth,18.2,1027,17,35000.0
Maruti,2020,Petrol,Manual,63437,First,15.3,1777,6,152543.72
Toyota,2010,Diesel,Automatic,196314,First,17.6,1264,16,60327.97
Hyundai,2018,Petrol,Manual,99659,Second,11.1,1332,8,114865.76
Maruti,2018,Petrol,Manual,95551,Fourth,16.1,624,8,59624.38
Toyota,2006,Petrol,Manual,226657,First,18.9,1165,20,35000.0
Honda,2011,Electric,Manual,181336,Second,19.9,1095,15,49002.36
Kia,2008,Diesel,Manual,211060,Third,14.2,1195,18,35000.0
Hyundai,2014,CNG,Automatic,149652,First,21.7,1109,12,69475.05
Maruti,2007,Petrol,Automatic,213872,First,17.0,1098,19,35000.0
Mercedes,2011,LPG,Manual,181249,Second,22.1,1391,15,210108.6
Maruti,2018,Petrol,Automatic,96644,Second,22.7,1386,8,120339.8
Skoda,2024,Petrol,Manual,27853,First,20.5,1248,2,610292.44
Tata,2024,Diesel,Manual,21969,First,24.1,1230,2,453887.62
Hyundai,2013,Petrol,Manual,166189,Second,17.6,1284,13,39714.36
Kia,2022,Diesel,Automatic,35449,First,22.9,1262,4,448024.89
Hyundai,2012,Electric,Manual,166441,First,15.3,966,14,48462.06
Maruti,2010,Petrol,Automatic,196889,First,19.7,1110,16,35000.0
Maruti,2010,Petrol,Manual,195435,Second,23.5,1518,16,35000.0
Toyota,2014,Diesel,Automatic,155354,First,21.8,699,12,98623.16
BMW,2024,Diesel,Manual,20599,First,17.6,1539,2,3381810.85
Maruti,2010,Diesel,Automatic,193481,Second,23.6,1415,16,35000.0
Nissan,2008,Petrol,Manual,216784,First,17.8,1126,18,35000.0
Mahindra,2012,Petrol,Manual,167884,First,19.8,1343,14,55250.73
Tata,2022,Diesel,Manual,45734,Second,17.7,1619,4,270653.39
Chevrolet,2007,Petrol,Manual,225431,Second,13.2,1535,19,35000.0
Kia,2010,Petrol,Manual,188830,First,11.8,926,16,36862.03
Maruti,2007,Petrol,Manual,227548,Second,12.0,1438,19,35000.0
Jeep,2021,Petrol,Automatic,60450,First,22.5,1085,5,601486.05
BMW,2005,LPG,Manual,240691,Second,16.7,1443,21,84264.12
Mahindra,2005,Petrol,Manual,245182,First,23.4,1426,21,35000.0
Hyundai,2008,Petrol,Manual,215854,First,14.6,918,18,35000.0
Tata,2024,Diesel,Manual,28975,First,15.2,1604,2,403635.36
BMW,2019,Petrol,Manual,87404,First,22.8,1408,7,1286637.67
Maruti,2009,CNG,Manual,210660,First,21.1,600,17,35000.0
Mahindra,2011,Petrol,Manual,181620,First,16.0,786,15,46910.18
Ford,2026,Diesel,Manual,13857,Second,11.6,697,0,404421.51
Honda,2016,Petrol,Automatic,102746,Fourth,17.7,1426,10,86571.78
Mahindra,2012,Petrol,Manual,175824,First,22.5,692,14,50794.33
Toyota,2016,Diesel,Automatic,122107,First,13.7,1373,10,147620.14
Kia,2023,LPG,Automatic,37866,First,17.7,1336,3,423048.98
Hyundai,2022,Diesel,Manual,45166,First,18.7,1172,4,306895.07
Mahindra,2010,Diesel,Manual,203662,Second,14.2,600,16,36582.58
Maruti,2009,Petrol,Automatic,227675,Second,15.9,1414,17,35000.0
Maruti,2006,Diesel,Manual,239404,Second,18.1,1559,20,35000.0
Tata,2023,Petrol,Manual,36089,Second,22.6,1581,3,303577.96
Hyundai,2011,Petrol,Manual,183887,Third,23.2,1134,15,35000.0
Skoda,2015,Diesel,Manual,132749,First,15.7,1167,11,122248.26
Tata,2014,Petrol,Manual,140685,First,13.5,1284,12,54955.86
Maruti,2010,Diesel,Automatic,194069,First,22.7,1476,16,35000.0
Mahindra,2010,Petrol,Manual,196677,Second,23.1,1237,16,37244.95
Toyota,2012,Petrol,Manual,165536,First,20.2,1230,14,66265.26
Toyota,2018,Petrol,Manual,88459,First,12.0,1345,8,172362.74
Honda,2008,Diesel,Manual,224826,First,18.8,999,18,35000.0
Maruti,2014,Diesel,Manual,146036,First,15.0,1555,12,53964.43
Hyundai,2023,Diesel,Automatic,48800,First,15.5,1760,3,400160.87
Tata,2017,LPG,Automatic,114547,Second,13.7,1328,9,81683.44
Mercedes,2020,Petrol,Manual,59033,First,24.8,1121,6,1617953.02
Honda,2023,Electric,Automatic,35827,First,20.6,1063,3,652904.59
Hyundai,2012,Petrol,Automatic,158651,Third,21.0,949,14,35397.77
Toyota,2023,Petrol,Manual,24229,First,12.7,1992,3,515476.34
Renault,2007,Diesel,Manual,210096,First,16.7,1632,19,35000.0
Hyundai,2015,Diesel,Automatic,134171,First,20.3,1331,11,97076.24
Hyundai,2015,Diesel,Manual,140798,Third,14.4,806,11,48850.91
Maruti,2019,Petrol,Manual,84846,Second,12.2,980,7,102456.14
Kia,2011,Diesel,Manual,197297,First,13.0,1585,15,48609.46
MG,2026,Petrol,Manual,12498,Second,17.4,1419,0,787407.82
Honda,2010,Diesel,Manual,200192,First,27.6,1670,16,52456.05
Toyota,2018,Petrol,Automatic,75350,Third,21.8,1492,8,187251.94
Honda,2026,Petrol,Manual,7028,Second,14.4,1281,0,493270.01
Hyundai,2019,Electric,Automatic,96943,Second,21.7,985,7,214935.29
Mahindra,2007,Petrol,Automatic,243111,Second,23.1,1252,19,35000.0
Volkswagen,2025,Diesel,Manual,28474,First,13.7,1166,1,637789.0
BMW,2011,Petrol,Manual,168896,First,21.0,1675,15,262271.87
Renault,2007,Diesel,Automatic,233836,First,18.5,1306,19,35000.0
Mahindra,2010,Diesel,Automatic,203348,Second,20.8,1815,16,44575.51
Maruti,2017,Petrol,Manual,124144,Second,15.3,1495,9,73679.07
Hyundai,2026,Petrol,Manual,25912,First,16.6,1179,0,579452.18
Skoda,2020,Diesel,Manual,89852,First,12.4,1231,6,251150.14
Kia,2009,Petrol,Manual,204082,Second,13.0,883,17,35000.0
Toyota,2023,CNG,Manual,38194,First,13.0,1347,3,401931.49
Jeep,2005,Petrol,Automatic,243475,Second,16.0,1754,21,40087.36
Mahindra,2016,Petrol,Manual,126172,First,16.0,1476,10,118845.92
Maruti,2005,Diesel,Manual,251489,First,16.2,2011,21,35000.0
Volkswagen,2007,Petrol,Manual,230436,First,15.5,1354,19,35000.0
Tata,2018,Diesel,Manual,103810,Second,24.1,1990,8,120339.62
Volkswagen,2020,Petrol,Manual,63203,First,18.4,1626,6,283703.22
Tata,2005,Petrol,Manual,254745,First,23.0,882,21,35000.0
Mahindra,2005,Electric,Manual,250255,First,19.8,1863,21,35000.0
Tata,2018,Petrol,Automatic,94335,First,12.4,1460,8,149381.75
BMW,2017,Diesel,Automatic,114710,First,19.6,1293,9,839185.05
Maruti,2026,LPG,Manual,17547,Second,15.9,1463,0,344254.48
Maruti,2011,Diesel,Manual,184304,First,19.3,1316,15,36336.24
Toyota,2018,Diesel,Automatic,104509,First,18.1,879,8,219393.53
Mercedes,2020,Petrol,Manual,65083,First,17.7,806,6,1383669.46
Maruti,2014,Diesel,Automatic,153062,First,22.8,864,12,57563.55
Hyundai,2024,Diesel,Automatic,9333,First,20.1,1679,2,558019.07
Nissan,2020,CNG,Automatic,61430,Second,12.7,1444,6,175856.9
Maruti,2005,Petrol,Automatic,255910,First,9.6,1762,21,35000.0
Maruti,2010,Diesel,Manual,185747,Test Drive,18.5,953,16,35000.0
Toyota,2021,Petrol,Manual,53182,First,15.7,1535,5,366735.42
MG,2007,Petrol,Automatic,225726,Second,13.6,600,19,35000.0
Maruti,2023,CNG,Manual,39320,Second,17.9,1278,3,198186.25
Tata,2020,Petrol,Manual,78335,Fourth,17.3,1185,6,103389.59
Hyundai,2017,Diesel,Manual,119133,First,20.1,1619,9,120594.11
Renault,2009,Petrol,Automatic,194484,First,14.6,1508,17,35000.0
Tata,2016,Petrol,Manual,115277,First,21.5,1734,10,94922.74
Nissan,2026,Petrol,Manual,11565,First,11.5,1153,0,450948.63
Audi,2012,CNG,Manual,169775,Third,14.1,1063,14,155536.68
Toyota,2022,Diesel,Manual,56431,Third,22.3,940,4,300447.46
Kia,2015,Petrol,Manual,132002,Second,14.2,1477,11,83667.38
MG,2020,LPG,Manual,73877,First,16.6,1666,6,290794.89
Tata,2024,Petrol,Automatic,24913,First,20.5,1717,2,420316.33
Mahindra,2015,Diesel,Manual,114072,Fourth,18.4,1503,11,76707.12
Renault,2021,Petrol,Manual,60618,Third,14.7,644,5,134291.7
Honda,2016,CNG,Manual,128177,Third,25.0,1584,10,79112.59
Mahindra,2006,Petrol,Manual,231815,First,8.6,1584,20,35000.0
Tata,2008,Diesel,Manual,205423,First,17.3,1401,18,35000.0
Mahindra,2015,Electric,Automatic,135706,First,17.6,1454,11,142679.81
MG,2007,Petrol,Manual,220123,Second,15.7,1430,19,35588.93
Maruti,2012,Diesel,Manual,164282,First,29.0,1562,14,43198.32
Honda,2010,Petrol,Manual,189999,First,13.1,714,16,35000.0
Maruti,2018,Diesel,Manual,93637,First,21.4,1311,8,146641.57
Ford,2025,LPG,Manual,500,Second,19.4,1979,1,333059.09
Renault,2014,Petrol,Automatic,145681,First,23.5,1708,12,69283.52
Mahindra,2026,Diesel,Automatic,22495,Second,16.8,600,0,648145.91
Volkswagen,2008,Petrol,Manual,229301,First,20.8,1384,18,38739.01
Hyundai,2022,CNG,Automatic,55522,First,16.3,1320,4,258467.59
Maruti,2006,Petrol,Manual,231180,Second,19.8,1299,20,35000.0
Kia,2009,Petrol,Automatic,204024,First,18.7,709,17,37133.86
Kia,2022,Diesel,Manual,44433,Fourth,14.5,934,4,209847.07
BMW,2015,Petrol,Manual,132041,First,17.7,1388,11,457384.93
Ford,2021,Petrol,Manual,66765,Second,12.5,1259,5,193954.37
Hyundai,2022,Petrol,Automatic,48554,First,12.3,1577,4,310330.19
Hyundai,2013,Petrol,Manual,160627,First,12.5,778,13,41654.99
Maruti,2022,Diesel,Manual,44461,First,21.7,1448,4,253102.74
Maruti,2009,LPG,Manual,205750,First,23.1,1304,17,35000.0
MG,2024,CNG,Manual,38359,Second,13.2,1060,2,421853.4
Mercedes,2006,Petrol,Manual,239077,Second,16.6,1459,20,125637.83
Tata,2005,Petrol,Automatic,244941,Second,19.2,1023,21,35000.0
Mahindra,2005,Petrol,Manual,251983,First,24.2,1234,21,35000.0
Toyota,2017,Diesel,Automatic,107588,First,21.5,1065,9,254867.23
Mahindra,2014,Petrol,Manual,145934,First,15.7,1955,12,80239.73
Tata,2016,Petrol,Automatic,125376,First,15.3,1020,10,85123.9
Kia,2005,Petrol,Automatic,246701,First,18.3,1251,21,35000.0
Audi,2013,Petrol,Manual,172418,First,22.5,1422,13,336114.59
Hyundai,2012,Petrol,Manual,172929,First,15.9,1492,14,44507.28
Hyundai,2010,Diesel,Automatic,171825,First,14.7,664,16,35000.0
Volkswagen,2026,Petrol,Automatic,7476,Second,18.3,2068,0,843999.54
Maruti,2006,Petrol,Manual,253447,Second,11.8,1619,20,35000.0
Mercedes,2024,Diesel,Automatic,17420,Third,17.2,1122,2,2562535.13
Audi,2025,Petrol,Manual,9086,First,18.2,1042,1,3006313.09
Mahindra,2021,Petrol,Automatic,54926,First,18.4,1341,5,359915.01
Hyundai,2018,Diesel,Manual,98358,Second,15.4,1409,8,142218.07
Chevrolet,2011,Petrol,Manual,171674,Second,17.8,1846,15,35000.0
Volkswagen,2014,CNG,Manual,145920,Second,18.0,952,12,64350.59
Maruti,2020,Petrol,Manual,71699,First,14.1,1832,6,165251.84
Honda,2026,Diesel,Manual,6743,First,15.4,905,0,590749.36
Honda,2022,Petrol,Automatic,45409,Second,13.1,1419,4,355372.15
Volkswagen,2014,Diesel,Automatic,142798,First,8.4,1047,12,93523.2
Tata,2015,CNG,Manual,144005,First,15.3,769,11,47146.44
Nissan,2016,Diesel,Manual,110157,Third,21.2,1166,10,69291.94
Mahindra,2005,CNG,Manual,253277,First,17.3,1100,21,35000.0
Tata,2006,Electric,Manual,245976,First,16.1,1063,20,35000.0
Mahindra,2008,Petrol,Manual,198585,Fourth,17.0,1655,18,35000.0
Lexus,2015,Diesel,Manual,142343,Second,25.4,626,11,419668.86
Renault,2012,Petrol,Automatic,177184,First,12.7,747,14,35000.0
Maruti,2015,Diesel,Manual,138672,Second,29.0,1217,11,57644.74
Nissan,2010,Petrol,Automatic,181773,First,23.0,958,16,37509.4
Volkswagen,2020,Petrol,Manual,66817,Third,14.8,1478,6,169160.86
Honda,2008,Diesel,Manual,214575,Fourth,13.5,1431,18,35000.0
Volkswagen,2005,Diesel,Manual,238788,Second,20.2,1293,21,35000.0
Tata,2017,Petrol,Manual,98884,First,21.5,1256,9,119597.28
Chevrolet,2026,Diesel,Manual,8902,Test Drive,15.3,899,0,478950.15
Maruti,2009,Petrol,Automatic,197602,First,15.8,1637,17,35000.0
Kia,2010,CNG,Automatic,189953,Second,21.7,1624,16,41558.08
Hyundai,2026,Diesel,Manual,35252,First,26.5,1577,0,592922.87
Toyota,2009,Petrol,Manual,200345,First,18.4,813,17,35072.53
Maruti,2019,Petrol,Manual,71864,Fourth,19.8,994,7,78446.14
Maruti,2014,Petrol,Automatic,142484,Third,20.7,876,12,40916.01
Toyota,2013,Petrol,Manual,155209,First,14.8,1564,13,78018.71
Mahindra,2015,Petrol,Manual,126035,First,17.8,1140,11,99637.75
Honda,2023,Petrol,Manual,43522,Test Drive,18.8,1861,3,458850.2
Tata,2011,Petrol,Automatic,169347,First,18.6,1008,15,35303.09
Tata,2005,Petrol,Manual,277234,First,22.5,1626,21,35000.0
Hyundai,2024,Petrol,Manual,34792,Second,20.5,1608,2,319341.17
Tata,2005,Diesel,Manual,264327,First,19.8,1363,21,35000.0
Kia,2010,Diesel,Manual,193900,Second,20.8,1491,16,45158.36
Tata,2026,Diesel,Manual,16719,First,20.7,1807,0,588880.2
Maruti,2019,Petrol,Automatic,87164,First,17.9,1221,7,135019.92
Audi,2013,Petrol,Manual,156743,First,16.6,1226,13,345758.91
Tata,2019,Diesel,Manual,77467,Third,22.3,1803,7,129444.27
Mahindra,2008,Petrol,Automatic,222075,First,22.4,1728,18,38519.37
Honda,2005,Petrol,Manual,243327,Second,19.3,728,21,35000.0
Mahindra,2016,Petrol,Manual,114567,First,20.6,828,10,126381.47
Tata,2012,Diesel,Manual,161907,First,18.6,1244,14,39647.89
Maruti,2006,Diesel,Manual,239854,First,14.5,1073,20,35000.0
Hyundai,2023,CNG,Automatic,24324,Third,13.2,1534,3,254351.97
Honda,2010,Petrol,Manual,193952,Second,18.2,952,16,35000.0
Maruti,2005,Diesel,Manual,254078,First,16.7,1048,21,35000.0
Tata,2012,CNG,Manual,162477,Third,13.0,948,14,35000.0
Ford,2021,Petrol,Manual,56450,Fourth,13.4,1388,5,149778.78
Maruti,2024,Petrol,Automatic,31818,First,12.5,1553,2,303205.3
Maruti,2018,CNG,Manual,115162,First,13.9,937,8,80234.68
Tata,2005,Petrol,Manual,264907,First,16.0,1417,21,35000.0
Volkswagen,2019,Petrol,Manual,88763,Third,17.8,1026,7,133174.54
Maruti,2006,Diesel,Manual,229429,First,22.1,1733,20,35000.0
Toyota,2013,Diesel,Automatic,156392,First,20.5,2048,13,108348.65
Maruti,2005,Diesel,Manual,261151,First,22.2,2058,21,35000.0
Hyundai,2005,Petrol,Manual,239000,First,19.8,1998,21,35000.0
Volvo,2009,Diesel,Automatic,194892,First,21.8,1813,17,213391.55
Skoda,2023,Petrol,Manual,38517,Second,16.3,1285,3,417207.64
Toyota,2014,Diesel,Automatic,135856,First,12.3,1485,12,108638.51
Volvo,2021,Petrol,Manual,61063,First,12.1,1499,5,1149671.45
Mahindra,2013,Petrol,Automatic,155853,Third,15.0,1059,13,48352.84
Ford,2006,Petrol,Automatic,245279,Third,23.8,1067,20,35000.0
Kia,2017,Diesel,Manual,119428,First,17.9,1449,9,163719.65
Volkswagen,2006,Electric,Manual,253313,First,16.8,1140,20,35000.0
Hyundai,2022,Petrol,Automatic,48272,Second,21.8,914,4,268720.07
Skoda,2018,CNG,Automatic,107208,Second,24.2,1063,8,168410.24
Toyota,2007,Petrol,Automatic,222285,First,14.2,1609,19,39099.35
Audi,2009,Petrol,Automatic,213951,Second,16.0,917,17,194814.21
Volkswagen,2026,Diesel,Manual,21950,Second,11.3,700,0,522191.83
Maruti,2007,Petrol,Manual,226981,Third,15.4,977,19,35000.0
Maruti,2008,Diesel,Automatic,217925,First,17.1,1356,18,35000.0
Honda,2009,Petrol,Manual,201929,Second,17.9,1596,17,35000.0
Nissan,2025,Petrol,Automatic,12937,First,17.5,1788,1,575363.26
Mahindra,2019,CNG,Automatic,86524,First,20.6,1756,7,232596.69
Hyundai,2016,Petrol,Automatic,127863,First,16.2,1321,10,114259.7
Volvo,2014,Petrol,Manual,134352,First,16.5,1308,12,338359.6
Mahindra,2009,Petrol,Manual,204258,First,14.7,758,17,35000.0
Ford,2021,Petrol,Manual,59564,First,18.1,1213,5,226604.77
Kia,2017,Petrol,Manual,114558,Second,23.4,1279,9,113803.88
Maruti,2025,LPG,Manual,9346,First,19.6,1309,1,327343.81
Renault,2019,Petrol,Manual,89335,Second,13.4,1427,7,111846.61
MG,2006,Petrol,Manual,231030,Second,24.2,1981,20,35000.0
Mahindra,2024,Petrol,Automatic,17693,Third,19.2,1093,2,411035.04
Maruti,2015,Petrol,Manual,126538,Test Drive,21.2,1545,11,68085.72
Toyota,2019,Petrol,Manual,78490,First,17.5,1652,7,266617.2
Mahindra,2011,Electric,Manual,175887,Second,22.0,1572,15,50652.6
Hyundai,2007,Petrol,Manual,230986,Second,14.3,1361,19,35000.0
Volkswagen,2008,Petrol,Manual,223248,First,15.2,600,18,35000.0
Honda,2010,Diesel,Manual,197268,Second,18.5,1423,16,36285.99
Ford,2011,Petrol,Manual,184567,First,19.3,1429,15,35039.58
Honda,2005,Petrol,Manual,248334,First,19.3,1728,21,35000.0
Mercedes,2019,Petrol,Automatic,99222,First,18.1,938,7,1437146.38
Maruti,2010,Petrol,Manual,210061,First,22.8,1918,16,35000.0
Mahindra,2011,Diesel,Manual,188414,Second,13.9,1009,15,39755.58
Chevrolet,2007,Electric,Manual,222547,First,20.0,1789,19,35000.0
Maruti,2012,Petrol,Automatic,182618,Fourth,15.1,1391,14,35000.0
MG,2023,Diesel,Manual,48207,Second,26.8,1738,3,586063.33
Jeep,2022,Petrol,Manual,38872,First,21.4,1846,4,665932.73
Tata,2025,Petrol,Manual,9256,First,19.6,1611,1,521014.77
Tata,2026,Diesel,Manual,12341,Second,14.3,1495,0,460198.27
Kia,2017,Petrol,Automatic,119052,First,17.2,959,9,139477.81
Renault,2017,Petrol,Manual,96990,First,16.5,1783,9,114513.85
Hyundai,2022,Petrol,Automatic,50444,First,18.1,1239,4,314225.4
Toyota,2012,Diesel,Manual,181631,First,14.2,1292,14,62568.78
Mahindra,2007,CNG,Automatic,228993,First,19.7,1536,19,35000.0
Chevrolet,2013,Petrol,Automatic,153592,First,21.0,1753,13,48130.13
Ford,2013,Petrol,Automatic,156480,Second,16.4,600,13,45435.41
Chevrolet,2025,Petrol,Manual,500,First,10.7,1581,1,382581.31
Chevrolet,2026,Petrol,Manual,5718,Fourth,18.9,1196,0,244742.68
Ford,2011,CNG,Manual,177540,Second,22.6,792,15,35000.0
Tata,2025,Petrol,Automatic,3375,Test Drive,18.4,1477,1,514654.14
Maruti,2007,Petrol,Manual,229661,First,20.5,1786,19,35000.0
Tata,2019,Petrol,Manual,80041,First,20.1,973,7,149217.3
Mahindra,2008,Petrol,Manual,209585,First,22.7,1639,18,35000.0
Toyota,2011,Petrol,Manual,189163,First,15.4,768,15,55065.07
Maruti,2022,Diesel,Manual,53590,First,18.2,1651,4,267836.2
Mercedes,2015,Petrol,Manual,148589,Second,20.4,1629,11,516792.24
Hyundai,2019,Electric,Automatic,74227,First,18.1,1505,7,265069.38
Tata,2014,Petrol,Automatic,140108,First,10.8,1230,12,60509.27
Hyundai,2016,LPG,Automatic,124950,Second,11.7,1542,10,69743.81
Hyundai,2022,CNG,Manual,62957,First,18.9,1386,4,231585.96
Maruti,2007,Electric,Automatic,221250,First,11.5,1446,19,35000.0
Ford,2012,Petrol,Manual,168246,First,18.5,981,14,37212.82
Ford,2006,Diesel,Automatic,236342,First,15.6,1186,20,35000.0
Maruti,2009,Petrol,Manual,203705,Second,22.0,1228,17,35000.0
Maruti,2021,Diesel,Automatic,61111,First,17.4,1112,5,251785.49
Toyota,2008,Petrol,Manual,215441,First,23.5,1212,18,39507.86
Kia,2016,Electric,Automatic,120917,First,16.9,1410,10,192404.61
Honda,2008,Diesel,Manual,216060,First,22.7,964,18,36179.09
Maruti,2011,CNG,Manual,172316,First,19.5,1396,15,35000.0
Maruti,2014,Diesel,Manual,152384,First,16.5,1036,12,52400.43
Ford,2018,Diesel,Manual,88300,Third,15.6,1423,8,95386.82
Maruti,2013,Petrol,Automatic,148291,Third,24.9,600,13,35000.0
Honda,2015,Petrol,Automatic,144459,Second,16.9,823,11,64100.56
Hyundai,2019,Petrol,Manual,82860,First,16.3,1640,7,172611.95
Toyota,2017,Petrol,Manual,114750,Second,8.2,1264,9,116519.55
Honda,2013,Diesel,Automatic,150684,First,22.9,600,13,84216.88
Toyota,2017,Petrol,Automatic,121223,First,21.8,2067,9,182601.98
Maruti,2016,Petrol,Manual,127876,Second,20.1,1457,10,62663.13
Honda,2009,CNG,Automatic,205918,Third,15.5,1254,17,35000.0
Hyundai,2015,LPG,Manual,142755,First,23.2,2145,11,71362.55
Maruti,2009,Petrol,Manual,208336,Second,22.0,825,17,35000.0
Hyundai,2011,Diesel,Manual,177875,Fourth,16.9,1242,15,35000.0
Hyundai,2012,Petrol,Manual,171653,Second,12.4,1503,14,37091.46
MG,2021,Electric,Manual,54427,First,17.7,1469,5,589541.73
Volkswagen,2005,CNG,Manual,262643,First,14.7,1380,21,35000.0
Ford,2010,Petrol,Manual,192001,First,20.8,1318,16,35000.0
Maruti,2009,Petrol,Automatic,197655,First,14.2,2417,17,35000.0
Hyundai,2023,Electric,Manual,33902,Second,23.0,1744,3,467347.4
Honda,2017,Petrol,Manual,104293,Test Drive,12.8,2009,9,155014.8
Mahindra,2023,Electric,Manual,34798,Second,10.2,1892,3,452730.84
Mercedes,2025,Petrol,Manual,18674,First,16.9,1478,1,3732664.13
Mahindra,2006,Petrol,Automatic,252739,Second,21.6,1014,20,35000.0
Hyundai,2017,Petrol,Automatic,116303,First,14.5,1319,9,123434.19
BMW,2009,Diesel,Manual,209205,First,14.5,1814,17,200771.22
Renault,2015,Diesel,Automatic,136491,First,19.1,1639,11,83171.1
Hyundai,2022,Diesel,Manual,54699,First,12.8,1555,4,295782.46
Maruti,2010,Petrol,Automatic,184840,First,21.0,2217,16,36871.45
Nissan,2018,LPG,Manual,104425,Third,17.4,1699,8,70558.56
Tata,2019,Petrol,Automatic,86740,First,22.2,1517,7,196407.6
Hyundai,2016,Diesel,Manual,123310,First,23.5,1423,10,104539.19
Kia,2017,Petrol,Manual,110628,Second,16.9,1253,9,110495.98
Hyundai,2020,Petrol,Manual,58551,First,22.9,1765,6,227203.54
Chevrolet,2011,Petrol,Manual,183600,Second,26.3,1175,15,35000.0
Kia,2015,Petrol,Manual,144041,First,19.5,1724,11,96932.47
Mahindra,2009,Petrol,Automatic,209731,Fourth,15.0,1152,17,35000.0
BMW,2020,Petrol,Manual,69772,First,16.9,1986,6,1330381.03
Tata,2026,Diesel,Automatic,11351,Third,10.2,1940,0,447210.82
Hyundai,2009,Petrol,Manual,204363,First,21.9,998,17,35000.0
Hyundai,2009,Diesel,Manual,203216,First,14.1,931,17,35000.0
Maruti,2026,Diesel,Manual,1652,Second,17.8,1427,0,430121.32
Toyota,2020,Petrol,Manual,69615,First,29.0,1401,6,303118.29
Hyundai,2021,Petrol,Manual,74850,Second,18.3,1140,5,168493.95
Renault,2008,Petrol,Manual,222271,Fourth,15.7,1594,18,35000.0
Maruti,2018,CNG,Automatic,99184,Fourth,22.3,1338,8,78111.48
Volkswagen,2025,Diesel,Manual,12370,Third,15.0,953,1,444105.17
Hyundai,2005,Petrol,Manual,266347,Second,21.2,1558,21,35000.0
Kia,2016,Diesel,Manual,135372,First,17.7,833,10,116232.84
Kia,2008,Petrol,Manual,217839,Third,16.8,1715,18,35000.0
Hyundai,2006,LPG,Manual,233082,First,22.6,600,20,35000.0
Maruti,2009,Petrol,Manual,189763,Test Drive,19.8,2070,17,35000.0
Honda,2017,Diesel,Manual,105130,First,14.8,1760,9,144888.1
Renault,2008,Petrol,Manual,228175,First,23.2,1378,18,35000.0
Maruti,2015,Diesel,Automatic,125816,Second,18.8,806,11,65255.99
Tata,2021,CNG,Automatic,75439,First,13.4,1391,5,213965.68
BMW,2010,Petrol,Automatic,195338,First,17.3,1063,16,224903.34
Mahindra,2016,Diesel,Manual,126654,Second,9.0,1718,10,97285.71
Skoda,2019,Petrol,Manual,96746,Second,23.1,1640,7,235781.86
Maruti,2006,Petrol,Automatic,236689,Second,17.3,1124,20,35000.0
Renault,2021,Petrol,Manual,72171,Second,21.8,1118,5,163087.2
Jeep,2022,Petrol,Manual,50751,Third,16.3,1376,4,482236.53
Hyundai,2011,Petrol,Manual,176097,First,13.5,1330,15,37761.43
Tata,2014,Petrol,Manual,148297,Second,25.6,995,12,47674.13
Volkswagen,2016,Petrol,Automatic,118389,First,21.4,1519,10,159159.09
Maruti,2020,Petrol,Automatic,68736,First,17.4,1576,6,193780.69
Tata,2014,Petrol,Manual,129069,First,18.4,1276,12,56018.01
Hyundai,2016,Diesel,Manual,111634,Second,14.1,1643,10,96806.4
Honda,2025,Petrol,Automatic,9157,Third,15.7,1319,1,476661.8
Honda,2020,Petrol,Automatic,80935,First,16.3,1337,6,223484.9
Honda,2021,Diesel,Manual,64188,Test Drive,14.4,781,5,265122.75
Mercedes,2016,Electric,Manual,114311,Second,19.8,1185,10,850214.15
Maruti,2009,Petrol,Automatic,208469,First,19.0,785,17,35000.0
Maruti,2010,CNG,Manual,193926,First,19.1,1741,16,35000.0
Honda,2018,Petrol,Manual,94766,First,17.4,1677,8,172301.29
Toyota,2017,CNG,Automatic,115064,First,10.9,921,9,129304.15
Jeep,2024,Diesel,Manual,26464,First,16.9,730,2,992695.99
Audi,2023,LPG,Manual,28169,Second,14.8,757,3,1543388.56
Toyota,2013,Petrol,Manual,163489,First,23.4,600,13,69502.61
Maruti,2005,Petrol,Automatic,245610,First,16.2,1500,21,35000.0
Nissan,2006,Petrol,Manual,243115,First,19.7,1124,20,35000.0
Volvo,2022,Petrol,Manual,56406,First,16.9,1713,4,1495200.24
Maruti,2019,Petrol,Manual,88233,First,18.9,1064,7,114726.13
Maruti,2015,Petrol,Manual,129854,Second,17.7,1543,11,57355.49
Mahindra,2015,Petrol,Manual,136546,First,22.0,1769,11,98766.05
MG,2009,Diesel,Automatic,207658,First,13.2,878,17,47757.56
Skoda,2021,CNG,Manual,71216,Second,24.5,1842,5,260789.91
Audi,2006,Petrol,Manual,225050,Second,15.6,1171,20,98802.21
Toyota,2016,Petrol,Automatic,119909,First,18.4,1691,10,145418.6
Maruti,2023,Petrol,Manual,25379,Second,17.3,1870,3,237309.79
Skoda,2005,Petrol,Automatic,244837,Second,19.8,1264,21,35000.0
Mercedes,2015,Diesel,Manual,135950,First,25.4,1302,11,665257.15
Maruti,2018,Diesel,Manual,102394,Third,17.1,682,8,85056.09
Mahindra,2006,Diesel,Manual,234641,First,17.0,1770,20,35000.0
Hyundai,2005,CNG,Automatic,244929,Third,16.0,883,21,35000.0
Maruti,2012,Diesel,Manual,172491,Second,17.0,1805,14,35000.0
Mahindra,2010,Diesel,Manual,198404,Second,9.2,1322,16,35000.0
Tata,2018,Petrol,Automatic,96659,Test Drive,16.0,841,8,143635.36
Hyundai,2012,Petrol,Manual,177473,First,21.7,1143,14,41011.55
BMW,2017,Diesel,Manual,102238,Third,8.7,2211,9,600967.52
Hyundai,2022,Diesel,Automatic,32066,First,16.9,1657,4,405421.05
Skoda,2007,Petrol,Automatic,218951,Fourth,25.7,1191,19,35000.0
Hyundai,2021,Petrol,Manual,70164,Fourth,11.7,1342,5,107941.45
Mahindra,2021,Diesel,Manual,55676,Third,15.5,734,5,220785.19
Tata,2018,Diesel,Automatic,100766,Third,20.8,1617,8,110931.12
Maruti,2010,Petrol,Manual,187143,Second,20.0,1422,16,35000.0
Hyundai,2018,Diesel,Manual,103673,Second,16.5,1327,8,122139.47
Tata,2015,CNG,Manual,119599,First,22.0,1665,11,79144.25
Hyundai,2013,Diesel,Manual,140821,First,18.7,1756,13,63718.22
Audi,2021,Petrol,Automatic,51846,First,21.7,2245,5,2495157.1
Hyundai,2009,Petrol,Automatic,211665,First,22.0,890,17,35000.0
Toyota,2010,Petrol,Automatic,195432,Third,19.0,1436,16,39619.18
BMW,2019,Petrol,Manual,87644,Second,14.7,1335,7,847749.71
Maruti,2025,Diesel,Manual,500,First,24.9,1168,1,502740.55
Renault,2026,Petrol,Manual,13409,First,20.0,1126,0,465602.44
Honda,2024,Electric,Manual,43111,First,21.1,1001,2,596054.25
Maruti,2006,CNG,Manual,240464,First,18.7,756,20,35000.0
Skoda,2006,Petrol,Manual,246221,First,21.9,614,20,35000.0
Maruti,2009,Diesel,Manual,216499,Second,17.4,1850,17,35000.0
Hyundai,2016,Diesel,Manual,125093,First,14.5,1417,10,92878.07
MG,2018,Diesel,Automatic,101653,First,17.3,796,8,253810.93
Maruti,2021,Petrol,Manual,58680,First,10.0,1620,5,191715.5
Maruti,2023,Petrol,Manual,46278,Third,16.1,1598,3,161577.22
Audi,2012,Diesel,Automatic,163111,First,20.7,1252,14,414756.65
Honda,2015,Petrol,Manual,131798,Third,18.4,1276,11,70683.53
Honda,2009,Petrol,Manual,196793,Fourth,17.0,1845,17,35000.0
Toyota,2009,Diesel,Manual,195853,First,13.9,1891,17,45368.67
Mercedes,2019,Petrol,Automatic,85878,Second,20.6,1204,7,1414672.07
Toyota,2025,Electric,Manual,500,Fourth,19.2,1706,1,550203.22
Maruti,2012,CNG,Manual,170472,Second,20.6,1472,14,35000.0
Ford,2014,Petrol,Manual,141581,First,19.5,1272,12,55586.53
Maruti,2008,CNG,Manual,206416,Third,17.4,1303,18,35000.0
Skoda,2025,Diesel,Manual,23867,First,16.6,1319,1,718787.4
Maruti,2016,Petrol,Automatic,117572,First,22.0,1326,10,84647.52
Honda,2026,Diesel,Automatic,15132,Second,24.0,1161,0,659536.06
Toyota,2013,Diesel,Manual,152090,First,12.4,1627,13,79611.79
Maruti,2023,CNG,Manual,33218,Second,13.6,1110,3,199509.54
Tata,2018,Diesel,Automatic,92692,First,12.3,1766,8,166223.91
Renault,2010,Petrol,Manual,206697,Fourth,12.0,1665,16,35000.0
Hyundai,2016,Petrol,Manual,120489,Third,18.1,1262,10,73968.8
Honda,2026,Diesel,Automatic,3881,Third,20.8,1417,0,571919.48
Hyundai,2012,Petrol,Automatic,163673,First,18.6,1142,14,49256.71
Volkswagen,2018,Diesel,Manual,104235,Second,12.4,1892,8,157792.19
Toyota,2021,CNG,Manual,64972,First,14.0,1261,5,279733.85
Audi,2006,Electric,Manual,233888,First,18.3,1073,20,185315.11
Maruti,2005,Diesel,Automatic,250896,First,15.8,1246,21,35000.0
Mercedes,2022,Diesel,Manual,46255,Second,18.2,1880,4,2255224.3
Nissan,2025,CNG,Automatic,12960,Second,23.1,1648,1,400928.38
Renault,2011,Petrol,Manual,186426,Third,17.0,856,15,35000.0
Volkswagen,2012,Petrol,Automatic,169894,First,14.2,1059,14,55262.38
Maruti,2006,Petrol,Automatic,247793,First,14.8,1468,20,35000.0
Mahindra,2012,Petrol,Automatic,165635,Third,18.6,935,14,47152.61
Hyundai,2018,Petrol,Manual,104240,First,20.4,1160,8,122031.49
Mahindra,2015,Petrol,Manual,132311,First,17.7,896,11,97935.39
Tata,2010,Diesel,Manual,185376,Second,27.9,1508,16,35000.0
Maruti,2006,Diesel,Automatic,237807,First,15.0,1385,20,35000.0
Skoda,2019,Petrol,Automatic,89100,First,27.0,1306,7,308916.36
Maruti,2008,Petrol,Manual,218550,First,17.9,1594,18,35000.0
Honda,2023,Petrol,Manual,55776,First,17.5,1316,3,354439.09
Ford,2014,Petrol,Manual,137253,Second,17.1,1349,12,53359.16
MG,2009,Petrol,Manual,203761,Second,17.5,1278,17,38288.0
Maruti,2018,Diesel,Manual,95445,First,18.3,1160,8,124124.53
Hyundai,2024,Diesel,Manual,13697,Fourth,11.2,1476,2,279574.8
Hyundai,2023,Petrol,Manual,35306,Second,14.8,600,3,271471.25
Toyota,2011,Petrol,Automatic,183716,Second,15.0,1433,15,52774.89
Maruti,2012,Diesel,Automatic,167012,Second,16.4,1430,14,37868.49
Tata,2008,Petrol,Manual,214913,Second,21.1,1188,18,35000.0
MG,2021,Diesel,Manual,61001,Second,20.8,827,5,360539.28
Honda,2019,Electric,Manual,82960,First,20.1,1754,7,276358.49
Maruti,2020,CNG,Automatic,75215,Second,15.4,913,6,129811.84
Mahindra,2024,Petrol,Automatic,23500,Second,20.0,683,2,425233.64
Maruti,2016,Petrol,Automatic,100453,Second,21.6,1457,10,90050.77
Tata,2012,Petrol,Manual,175935,Third,18.2,1587,14,35000.0
Maruti,2024,Petrol,Manual,21941,First,17.9,885,2,279963.69
Hyundai,2012,Diesel,Manual,181115,Second,17.9,1934,14,44081.71
Hyundai,2021,Diesel,Automatic,57007,First,19.2,1346,5,333004.47
Honda,2013,Petrol,Automatic,151596,First,13.5,1632,13,65608.12
Maruti,2021,Petrol,Automatic,52088,Third,18.9,1430,5,178605.13
Skoda,2014,Petrol,Manual,132106,Fourth,24.3,1117,12,65702.42
Maruti,2021,Diesel,Manual,54638,First,24.5,890,5,226107.61
Toyota,2026,Petrol,Automatic,13120,First,16.5,1663,0,907391.93
Nissan,2026,Petrol,Manual,11915,Second,17.8,1399,0,437918.31
Kia,2005,Electric,Manual,266776,First,28.2,687,21,35000.0
Tata,2021,Petrol,Manual,70437,First,20.5,1813,5,210919.26
Volvo,2015,Diesel,Automatic,126194,First,16.4,2305,11,552601.27
Chevrolet,2026,Petrol,Automatic,9033,Second,15.8,1193,0,401619.01
Renault,2019,Petrol,Automatic,77189,First,11.5,1672,7,166258.49
Volkswagen,2024,Petrol,Manual,32407,Test Drive,17.9,1347,2,560605.35
Honda,2023,Diesel,Manual,31366,First,14.3,986,3,384713.18
Tata,2024,CNG,Automatic,14089,First,9.0,1942,2,424952.56
Maruti,2011,Diesel,Manual,170078,Third,25.6,1147,15,35000.0
Volkswagen,2023,Diesel,Automatic,36207,Second,20.2,1068,3,535233.95
Tata,2024,Petrol,Manual,16877,First,15.5,1616,2,385191.58
Jeep,2021,Petrol,Manual,66656,Third,16.8,1442,5,367333.28
Mahindra,2022,Petrol,Manual,42390,First,12.6,1006,4,313124.79
Mahindra,2009,Diesel,Manual,201029,First,10.2,1179,17,35757.83
Hyundai,2024,Diesel,Automatic,16318,First,21.0,1609,2,535055.17
Chevrolet,2024,Petrol,Automatic,23023,First,18.1,1638,2,402652.24
Renault,2010,Petrol,Manual,195258,First,22.1,1093,16,35000.0
Maruti,2018,Petrol,Automatic,99674,Second,9.8,968,8,94220.18
Kia,2013,Petrol,Manual,170194,Second,16.5,1576,13,57887.23
Hyundai,2025,Petrol,Automatic,6662,First,18.2,1170,1,631650.21
Tata,2016,Petrol,Automatic,120762,Third,14.1,600,10,58694.74
Honda,2011,Petrol,Manual,182812,Second,22.9,1765,15,41182.84
Skoda,2023,Petrol,Automatic,33322,Second,12.9,1591,3,454847.88
Ford,2012,Petrol,Manual,158693,Second,19.6,1520,14,39973.49
Tata,2008,Diesel,Manual,220658,Test Drive,13.0,1332,18,35000.0
Hyundai,2016,Petrol,Manual,105031,First,18.0,635,10,97096.15
Hyundai,2016,Petrol,Manual,114107,First,17.3,1364,10,102273.17
Toyota,2013,Petrol,Manual,153272,First,21.9,1340,13,82856.76
Kia,2023,Petrol,Manual,45708,First,11.7,1646,3,436402.71
Tata,2022,Electric,Manual,34117,First,11.9,1355,4,326211.07
Maruti,2025,Petrol,Automatic,11890,Second,15.7,1124,1,352130.51
Maruti,2011,Petrol,Manual,174515,Second,17.6,1973,15,35000.0
Hyundai,2013,Diesel,Manual,158433,First,21.7,1272,13,51241.19
Hyundai,2019,Diesel,Automatic,78591,First,19.4,1459,7,211024.54
Maruti,2006,Petrol,Automatic,239233,Second,15.0,2110,20,35000.0
Maruti,2013,Petrol,Automatic,134855,Third,13.1,2057,13,44720.78
Tata,2015,Petrol,Automatic,137583,First,13.6,1128,11,78902.64
Renault,2015,Petrol,Automatic,122495,First,19.1,2029,11,85732.6
Tata,2025,Diesel,Manual,18415,First,18.7,1428,1,488100.21
Hyundai,2010,Petrol,Automatic,190769,Third,17.7,1259,16,35000.0
Toyota,2020,CNG,Manual,64554,First,10.9,1629,6,273249.76
MG,2013,Diesel,Manual,155736,Second,17.0,1309,13,72266.02
Hyundai,2012,CNG,Automatic,166595,Fourth,21.2,1186,14,35000.0
Hyundai,2014,Petrol,Manual,134742,Third,15.9,1500,12,52766.0
Chevrolet,2012,Diesel,Automatic,166707,First,19.5,2011,14,47124.8
Maruti,2013,Diesel,Automatic,149026,Second,18.6,600,13,41711.14
Honda,2009,Diesel,Manual,213536,First,15.9,1483,17,35000.0
Nissan,2009,Petrol,Manual,196707,Second,23.4,1180,17,35000.0
Maruti,2014,Petrol,Automatic,143308,First,20.3,1867,12,56634.58
Maruti,2008,Diesel,Manual,211823,First,18.8,854,18,35000.0
Mahindra,2017,LPG,Manual,101990,First,16.8,1781,9,141072.14
Mahindra,2017,Petrol,Automatic,103153,Second,17.3,1583,9,142034.78
BMW,2011,Diesel,Manual,189257,First,13.6,1832,15,250020.66
Maruti,2023,Diesel,Automatic,27362,Second,12.2,1721,3,274886.9
Tata,2025,Petrol,Manual,22162,First,14.9,1772,1,418145.61
Maruti,2020,LPG,Manual,73851,First,7.6,1379,6,111104.79
Hyundai,2025,Diesel,Manual,10675,Second,15.1,1574,1,501014.67
Tata,2005,CNG,Manual,245130,First,14.4,1332,21,35000.0
Tata,2015,Diesel,Manual,140147,Second,12.7,1360,11,63957.44
Mahindra,2010,Diesel,Automatic,218325,First,20.0,1543,16,58048.72
Maruti,2012,Diesel,Automatic,171425,First,22.1,895,14,39578.42
Maruti,2022,Petrol,Manual,50290,Second,18.5,1227,4,205408.38
Tata,2014,Petrol,Automatic,138079,Second,20.2,1150,12,65648.68
Skoda,2011,Diesel,Manual,175481,First,20.0,1393,15,65098.59
Maruti,2009,Petrol,Manual,193845,First,17.8,914,17,35000.0
MG,2025,Diesel,Manual,7687,First,21.1,877,1,860535.37
Maruti,2018,Petrol,Automatic,108052,First,8.9,1318,8,94314.51
Toyota,2007,Petrol,Manual,230112,Second,20.7,922,19,35000.0
Renault,2006,Diesel,Manual,257831,First,10.8,1572,20,35000.0
Maruti,2016,Petrol,Automatic,119450,First,12.7,1161,10,86224.23
Hyundai,2006,Diesel,Manual,234851,First,19.4,1680,20,35000.0
Mahindra,2006,Diesel,Manual,252098,First,16.3,769,20,35000.0
BMW,2020,Diesel,Automatic,60720,First,11.3,1463,6,1500975.0
Kia,2018,Petrol,Manual,82622,First,19.4,1172,8,197857.07
Tata,2012,Diesel,Automatic,165990,First,19.0,1913,14,54305.45
Honda,2007,Diesel,Manual,218370,Second,21.7,1267,19,35000.0
Toyota,2023,Petrol,Automatic,46932,First,12.2,1188,3,503439.4
Honda,2014,Petrol,Automatic,150114,First,18.2,1175,12,85975.57
Hyundai,2009,Petrol,Automatic,213860,Second,14.3,1246,17,35000.0
Honda,2020,Petrol,Automatic,72360,First,18.2,1637,6,274168.71
Chevrolet,2012,Petrol,Manual,181065,Second,19.6,1249,14,35000.0
BMW,2010,LPG,Manual,197015,Second,16.9,1267,16,129498.07
Kia,2026,Diesel,Manual,500,First,16.3,790,0,655453.64
Renault,2012,Petrol,Automatic,160165,Second,19.3,1451,14,35000.0
Honda,2018,Petrol,Manual,92327,Second,12.9,1114,8,125646.13
Maruti,2007,Diesel,Automatic,237411,First,10.9,614,19,35000.0
Honda,2019,Petrol,Manual,88351,First,17.2,1239,7,195018.31
Mercedes,2019,Diesel,Manual,76401,Third,24.7,1775,7,1239433.11
Nissan,2026,Petrol,Manual,15231,First,23.7,1863,0,545376.04
Toyota,2025,CNG,Manual,7403,First,17.4,1177,1,580483.82
Maruti,2025,Electric,Automatic,15791,First,23.6,1317,1,649522.18
Maruti,2005,Electric,Automatic,245851,Second,24.3,1375,21,35000.0
Maruti,2015,Diesel,Automatic,125322,Second,16.3,1729,11,78409.23
Mercedes,2025,Diesel,Manual,18992,Second,19.4,1365,1,3207196.73
Maruti,2016,Petrol,Manual,119996,First,18.0,1118,10,77076.63
Ford,2012,Petrol,Manual,169724,First,11.0,716,14,35424.31
Maruti,2020,Petrol,Manual,64089,First,8.3,1879,6,173658.59
Hyundai,2026,CNG,Automatic,9215,First,13.7,1476,0,535004.8
Maruti,2025,Petrol,Manual,28765,First,16.6,1384,1,361817.57
Tata,2024,Diesel,Manual,27306,First,16.5,710,2,381292.5
Maruti,2012,Diesel,Automatic,179946,First,18.0,1489,14,43804.62
Nissan,2021,Petrol,Manual,57759,Second,15.5,1430,5,193297.25
Kia,2010,Petrol,Manual,190572,First,22.4,1514,16,44987.82
Honda,2023,Petrol,Manual,34203,Third,18.9,1790,3,328135.35
Lexus,2008,Petrol,Manual,202714,Third,17.2,2130,18,129303.29
Maruti,2009,Diesel,Manual,190469,First,17.1,1350,17,35000.0
Maruti,2014,CNG,Manual,147439,First,11.5,1394,12,41937.07
Honda,2025,Petrol,Manual,19606,First,16.4,683,1,400763.47
Toyota,2024,Petrol,Automatic,21541,Second,17.0,1384,2,574093.99
Chevrolet,2019,Diesel,Manual,82766,First,19.6,1826,7,147326.62
Maruti,2014,Petrol,Manual,141534,Fourth,19.9,1481,12,35000.0
Skoda,2026,Petrol,Manual,604,Third,19.6,747,0,610775.51
Toyota,2024,Diesel,Manual,19582,First,18.1,1267,2,553757.35
Toyota,2018,Petrol,Manual,92715,First,18.1,1157,8,166233.71
Hyundai,2007,Petrol,Manual,239999,Second,14.9,1435,19,35000.0
Tata,2017,Petrol,Manual,94108,First,20.4,1560,9,119887.48
MG,2016,Petrol,Automatic,103272,First,17.3,657,10,143765.01
Hyundai,2024,Petrol,Manual,21660,First,12.5,1765,2,362442.49
MG,2023,Electric,Automatic,29838,Second,20.1,1416,3,622960.77
BMW,2020,Petrol,Automatic,66321,First,17.3,1415,6,1496057.13
Maruti,2013,Petrol,Manual,155402,Second,14.5,1044,13,35000.0
Honda,2014,Petrol,Automatic,137594,First,16.3,771,12,78679.08
Maruti,2020,Diesel,Manual,65886,Second,18.1,1610,6,166218.93
Renault,2015,Diesel,Manual,126156,Second,21.2,999,11,61597.73
Tata,2019,CNG,Automatic,78839,Third,18.2,972,7,115103.82
Volkswagen,2020,Petrol,Automatic,62252,Third,17.1,1307,6,215227.73
Hyundai,2022,Petrol,Automatic,40750,Second,21.9,1567,4,310402.4
Maruti,2009,Petrol,Manual,187707,First,13.8,869,17,35000.0
Maruti,2014,Diesel,Automatic,152664,Second,18.1,1830,12,51325.22
Maruti,2015,Petrol,Manual,120772,First,15.6,675,11,60434.76
Skoda,2014,Petrol,Automatic,130716,Second,18.3,1463,12,86004.33
Maruti,2026,Diesel,Manual,6347,First,10.1,1340,0,436553.55
Hyundai,2012,Petrol,Automatic,166016,First,18.7,1282,14,51286.7
Honda,2020,Electric,Manual,64780,Second,27.4,2272,6,332757.78
Jeep,2005,Petrol,Manual,267184,Second,10.6,791,21,35000.0
Renault,2026,Petrol,Automatic,7021,Second,14.5,1668,0,485007.26
Tata,2013,Petrol,Manual,157977,First,18.4,1341,13,50588.42
Hyundai,2018,Petrol,Automatic,89667,Second,12.7,1961,8,140762.31
Skoda,2022,Petrol,Manual,54548,First,17.8,1562,4,398551.13
Lexus,2013,Petrol,Manual,141494,First,25.5,1866,13,397860.13
Ford,2022,Petrol,Automatic,45662,First,16.0,1704,4,377238.53
Nissan,2021,CNG,Automatic,63106,First,19.5,886,5,235108.23
Skoda,2015,Petrol,Manual,140045,Second,17.9,1124,11,81394.12
Mahindra,2005,Petrol,Automatic,241952,Test Drive,16.6,1892,21,35000.0
Volkswagen,2005,Petrol,Manual,250373,First,18.2,950,21,35000.0
Ford,2008,CNG,Manual,212533,Fourth,20.0,1466,18,35000.0
Tata,2011,Diesel,Manual,176005,Second,16.7,1212,15,35000.0
Chevrolet,2018,CNG,Manual,88425,Second,19.2,1262,8,78167.73
Honda,2021,Petrol,Automatic,68087,Second,17.0,1423,5,258788.98
Maruti,2017,CNG,Automatic,117007,Fourth,12.5,1214,9,53119.45
Ford,2021,Electric,Manual,54239,First,19.6,1976,5,356103.5
Honda,2008,Petrol,Manual,199000,Second,21.2,973,18,35000.0
Maruti,2026,CNG,Manual,10618,Test Drive,17.8,1848,0,420081.5
Mahindra,2009,Diesel,Automatic,210771,First,18.7,1638,17,50080.03
Honda,2022,Petrol,Manual,46745,Third,12.4,1184,4,209313.73
Skoda,2011,CNG,Manual,182341,First,22.3,1237,15,45988.23
Toyota,2005,Petrol,Automatic,261487,Third,25.3,989,21,35000.0
Hyundai,2023,Petrol,Manual,29600,First,24.0,1057,3,340403.81
Maruti,2015,Petrol,Automatic,130594,First,13.5,1858,11,73680.59
Maruti,2012,Diesel,Manual,159418,Third,19.4,1671,14,35000.0
Maruti,2012,Petrol,Manual,173858,Third,17.8,1693,14,35000.0
Maruti,2008,Petrol,Manual,207752,First,18.5,1538,18,35000.0
BMW,2008,Diesel,Manual,217862,Fourth,15.8,1150,18,99899.28
Hyundai,2025,CNG,Manual,21034,First,15.6,1317,1,434269.71
Hyundai,2024,Petrol,Manual,35270,Second,16.6,1454,2,277164.53
Hyundai,2010,Diesel,Manual,188901,Second,15.6,1175,16,35000.0
Mahindra,2019,CNG,Manual,83010,Fourth,12.5,915,7,110506.7
Maruti,2024,Petrol,Automatic,21700,First,16.6,1805,2,452703.08
Honda,2020,Petrol,Automatic,83594,First,12.1,1145,6,233349.19
Honda,2018,Diesel,Manual,104222,First,15.3,1138,8,159604.06
Renault,2026,Diesel,Automatic,17115,Second,18.5,1390,0,545185.13
Maruti,2005,Petrol,Manual,258768,Second,19.6,1327,21,35000.0
Maruti,2010,Petrol,Manual,203704,Second,15.0,1495,16,35000.0
MG,2005,Diesel,Automatic,253658,First,9.7,600,21,35000.0
Renault,2021,Diesel,Manual,52861,First,22.5,1363,5,261505.35
MG,2026,CNG,Automatic,7990,First,16.4,1195,0,1023659.08
Hyundai,2014,Diesel,Automatic,142294,Second,22.5,1230,12,70227.93
Nissan,2010,Petrol,Manual,193237,Second,14.1,1378,16,35000.0
Maruti,2010,CNG,Automatic,181384,Second,16.3,1513,16,35000.0
Maruti,2025,Electric,Manual,2199,First,10.2,1555,1,469036.08
Tata,2005,Diesel,Manual,257382,Third,23.9,1476,21,35000.0
Honda,2019,CNG,Manual,78808,First,22.1,1148,7,205484.61
Tata,2009,Diesel,Manual,202583,First,17.6,1446,17,35000.0
Hyundai,2007,Petrol,Automatic,231660,First,24.8,1218,19,35000.0
Maruti,2012,Diesel,Manual,179065,First,15.5,1747,14,38456.23
Skoda,2025,Petrol,Manual,16363,First,18.5,1176,1,730103.34
Mahindra,2014,Petrol,Automatic,139253,First,14.4,754,12,80975.69
Renault,2020,LPG,Manual,71140,First,16.9,1280,6,162291.15
Maruti,2015,Petrol,Manual,134077,First,16.7,1161,11,55191.82
Ford,2005,Petrol,Manual,254993,First,17.6,1293,21,35000.0
Renault,2007,Petrol,Manual,216571,Third,19.6,993,19,35000.0
Maruti,2022,Petrol,Automatic,65647,Second,8.9,1358,4,174640.55
BMW,2008,Petrol,Automatic,217956,First,18.0,1090,18,173962.41
Maruti,2013,Petrol,Manual,152542,Third,22.7,1253,13,35000.0
Hyundai,2021,CNG,Automatic,55845,Third,13.7,1293,5,161070.01
Maruti,2007,CNG,Manual,222959,Second,17.9,1522,19,35000.0
Renault,2019,Petrol,Manual,74553,First,24.7,1148,7,145172.44
Volkswagen,2024,Petrol,Manual,20249,Second,22.0,1025,2,427909.01
Tata,2012,Petrol,Manual,172583,Second,18.1,1083,14,35000.0
Honda,2022,Petrol,Manual,54652,Second,17.8,1494,4,272309.72
Hyundai,2015,LPG,Manual,131710,First,16.8,1398,11,58605.31
Ford,2026,Diesel,Manual,10588,Second,17.6,600,0,423413.85
Maruti,2017,Petrol,Manual,118451,First,15.1,1606,9,92745.43
Renault,2005,Petrol,Manual,267725,First,15.7,1773,21,35000.0
Honda,2014,Electric,Manual,140260,Second,18.4,1560,12,81837.02
Honda,2020,CNG,Manual,69161,Fourth,16.1,1701,6,118875.39
Kia,2017,Petrol,Automatic,108552,Test Drive,20.8,1062,9,158435.95
BMW,2015,Petrol,Manual,146313,First,20.7,813,11,407425.23
Maruti,2019,Petrol,Manual,88713,Third,22.0,1264,7,100117.41
Nissan,2020,Petrol,Automatic,69362,First,16.5,611,6,212682.15
Audi,2022,Petrol,Automatic,45874,Third,18.0,1067,4,1637403.73
Maruti,2012,Electric,Manual,166677,First,20.0,1287,14,48593.24
Hyundai,2025,Petrol,Automatic,693,Second,22.3,1840,1,560569.05
Mahindra,2025,Diesel,Manual,7007,Third,28.8,1576,1,570708.67
Hyundai,2007,Diesel,Automatic,207982,First,23.5,1151,19,35000.0
Honda,2015,Petrol,Manual,138368,Second,17.0,1449,11,67926.12
Mahindra,2021,Diesel,Manual,65302,First,19.0,1932,5,318228.48
Maruti,2010,Diesel,Manual,191758,First,17.1,1570,16,35000.0
Volkswagen,2014,CNG,Automatic,152376,Second,13.2,1269,12,71748.99
Mahindra,2026,Petrol,Manual,13133,First,14.1,600,0,609548.31
Tata,2009,Petrol,Manual,200105,First,18.6,1980,17,35000.0
Honda,2010,Petrol,Automatic,190453,First,14.7,1585,16,37297.2
BMW,2010,Diesel,Manual,186623,Third,17.8,1401,16,183903.68
Mahindra,2025,Petrol,Manual,9589,Second,20.8,1124,1,538651.93
Honda,2012,Diesel,Manual,165548,Second,14.7,1632,14,49562.6
Toyota,2016,Petrol,Manual,112727,Test Drive,18.2,1872,10,157691.28
Tata,2008,Petrol,Automatic,203563,First,14.2,1372,18,35000.0
Maruti,2012,CNG,Manual,169618,First,25.0,1748,14,35420.59
Hyundai,2022,Diesel,Manual,32374,First,14.4,748,4,294034.51
Tata,2016,Diesel,Manual,124125,First,14.2,1548,10,101783.92
Chevrolet,2022,Petrol,Manual,33930,Fourth,19.9,1757,4,135684.05
Maruti,2007,Petrol,Manual,228865,Second,18.5,956,19,35000.0
Hyundai,2024,Petrol,Manual,17053,First,18.0,1172,2,374139.03
Tata,2021,Petrol,Manual,51801,First,16.8,1114,5,216513.27
Mahindra,2019,Petrol,Manual,84493,First,15.6,1384,7,219432.58
Toyota,2025,Diesel,Manual,500,Third,15.1,1146,1,521128.64
Toyota,2013,Petrol,Manual,145707,First,16.7,1473,13,80261.86
Mahindra,2011,Diesel,Manual,169444,First,28.8,967,15,60450.82
Hyundai,2017,Petrol,Automatic,110198,Second,18.6,1177,9,104767.0
Tata,2009,Diesel,Automatic,193546,First,14.0,600,17,35000.0
Nissan,2020,Petrol,Manual,59685,Second,15.5,753,6,158759.63
Kia,2025,Diesel,Manual,14198,Second,15.6,1135,1,521661.67
Hyundai,2022,Diesel,Manual,59263,Second,18.2,1183,4,231885.2
Renault,2017,Petrol,Manual,119928,First,17.0,1489,9,95531.27
Hyundai,2021,Diesel,Manual,59969,First,15.8,1200,5,251329.93
BMW,2021,Petrol,Manual,68337,Second,21.7,1450,5,1172463.36
MG,2026,Petrol,Manual,7545,Second,13.1,1806,0,726515.03
Honda,2017,Diesel,Manual,108002,First,14.3,1120,9,136376.13
Renault,2011,Diesel,Manual,188001,Second,20.3,1330,15,35000.0
Renault,2005,Petrol,Manual,256918,Second,15.9,1725,21,35000.0
Honda,2005,CNG,Automatic,250573,Second,11.6,1001,21,35000.0
Maruti,2007,Petrol,Manual,224361,Second,26.6,1300,19,35000.0
Mahindra,2023,Petrol,Manual,21293,Second,9.7,1515,3,322292.84
Nissan,2023,Petrol,Manual,48875,Second,13.0,1469,3,241853.52
Kia,2019,CNG,Automatic,95442,First,13.4,600,7,173456.69
Hyundai,2008,Petrol,Manual,214747,First,21.4,895,18,35000.0
Ford,2016,Petrol,Manual,119185,First,18.4,1635,10,93122.46
Kia,2009,Diesel,Automatic,199360,First,23.0,1496,17,47270.39
Hyundai,2013,Petrol,Manual,149595,First,15.7,796,13,44380.44
Maruti,2009,Diesel,Manual,191967,First,23.8,1910,17,35000.0
Ford,2011,Petrol,Manual,197128,Third,9.9,1705,15,35000.0
Maruti,2008,LPG,Manual,208376,Second,22.7,994,18,35000.0
Maruti,2019,Petrol,Manual,71694,First,21.6,697,7,158881.01
Mahindra,2025,Petrol,Manual,10357,First,12.9,1078,1,606942.09
Volkswagen,2018,Petrol,Manual,94071,First,8.2,916,8,142641.96
Audi,2011,Diesel,Manual,166845,Second,12.6,1691,15,273717.92
Maruti,2017,Diesel,Manual,109818,Third,23.5,1449,9,84364.35
Hyundai,2023,Petrol,Manual,31750,First,13.9,1426,3,326478.02
Tata,2014,Diesel,Automatic,148255,Second,16.0,1178,12,61221.81
Maruti,2012,Petrol,Manual,169024,First,16.1,1969,14,35000.0
Skoda,2011,Diesel,Manual,175615,Third,16.8,1335,15,47910.07
Hyundai,2008,Petrol,Manual,217457,Fourth,18.5,1937,18,35000.0
Mahindra,2023,Diesel,Manual,46413,Second,19.7,1481,3,423491.09
Hyundai,2016,Petrol,Automatic,111339,Second,22.2,1169,10,100022.2
Toyota,2014,Petrol,Manual,140176,Second,20.0,1115,12,78557.43
Maruti,2023,Petrol,Automatic,37491,First,20.0,1273,3,299727.69
Hyundai,2005,Diesel,Manual,246702,First,17.2,600,21,35000.0
Mahindra,2012,Diesel,Manual,175763,Second,18.7,1537,14,48384.58
Maruti,2018,Diesel,Manual,95439,Third,21.2,1348,8,89796.13
Maruti,2006,Petrol,Manual,238976,Third,18.0,1254,20,35000.0
Maruti,2009,Petrol,Automatic,210513,First,19.6,1737,17,35000.0
Skoda,2021,Diesel,Manual,67484,Second,11.1,1249,5,230776.78
Maruti,2016,Diesel,Manual,127458,Second,14.2,943,10,57069.02
Honda,2026,Petrol,Automatic,14660,First,18.6,600,0,592349.57
Maruti,2019,CNG,Manual,72455,First,15.6,1481,7,121317.81
Honda,2012,Diesel,Manual,164192,First,19.8,1259,14,60240.64
Maruti,2015,Electric,Manual,133007,First,8.9,1203,11,74580.62
Tata,2014,Petrol,Manual,149014,Third,15.0,1071,12,35000.0
Skoda,2016,Diesel,Automatic,119191,First,14.8,1593,10,172409.94
Honda,2020,Electric,Manual,55440,Second,24.8,1261,6,300980.99
Hyundai,2009,LPG,Manual,191058,Third,24.3,1465,17,35000.0
Ford,2016,Petrol,Automatic,117031,Second,15.1,927,10,83864.76
Maruti,2012,LPG,Manual,175918,First,13.9,954,14,35000.0
Skoda,2018,CNG,Automatic,95457,Test Drive,13.9,1714,8,222049.11
Maruti,2006,CNG,Automatic,241681,Second,18.5,1504,20,35000.0
Volkswagen,2016,Petrol,Automatic,128494,First,11.4,1637,10,128772.81
Honda,2011,Diesel,Manual,179212,First,16.1,1693,15,49264.19
Kia,2021,Petrol,Automatic,60344,Second,14.8,893,5,250215.37
Hyundai,2026,Petrol,Manual,22298,First,20.8,1046,0,453250.46
Honda,2009,Petrol,Manual,207878,Third,11.9,1627,17,35000.0
Hyundai,2020,CNG,Manual,57040,First,20.5,1610,6,200687.93
Maruti,2010,Petrol,Manual,205495,Second,18.3,1330,16,35000.0
Tata,2006,Petrol,Manual,244412,Third,20.5,1275,20,35000.0
Tata,2014,Petrol,Automatic,146091,Third,19.4,1544,12,48191.08
Toyota,2020,Petrol,Manual,70666,Second,15.4,1308,6,249777.95
Honda,2012,Diesel,Automatic,171022,First,20.8,868,14,63410.96
Chevrolet,2018,Diesel,Manual,77394,Second,10.9,1496,8,82892.98
Toyota,2017,Petrol,Manual,109671,Second,12.1,1560,9,146748.51
Toyota,2020,Petrol,Manual,81329,First,22.1,742,6,272007.79
Maruti,2006,Diesel,Manual,244466,First,19.9,1615,20,35000.0
Maruti,2015,Petrol,Automatic,130502,First,14.4,1368,11,71663.87
Skoda,2023,Diesel,Automatic,49681,First,14.7,1320,3,616291.47
Mahindra,2014,Diesel,Manual,145603,Second,14.0,1578,12,70948.96
Hyundai,2015,Diesel,Manual,146385,Second,18.7,1101,11,62350.17
Maruti,2021,Diesel,Manual,59603,Second,24.2,1649,5,226677.3
Kia,2008,Diesel,Automatic,211243,Second,25.3,1214,18,38427.5
Skoda,2006,Petrol,Manual,239092,First,17.8,1822,20,35000.0
Maruti,2009,Diesel,Automatic,211294,First,19.0,1118,17,35000.0
Hyundai,2005,Petrol,Manual,252183,First,13.8,2202,21,35000.0
Volkswagen,2024,Diesel,Manual,13283,First,25.0,1398,2,669214.85
Audi,2009,Petrol,Manual,205863,First,19.4,1435,17,238741.52
Tata,2024,Petrol,Manual,23323,First,20.2,600,2,350666.58
Maruti,2023,Diesel,Manual,31867,Third,16.3,726,3,198870.96
Nissan,2005,Petrol,Manual,247507,First,12.2,989,21,35000.0
Jeep,2017,Petrol,Automatic,118376,First,19.6,1012,9,250446.0
Tata,2024,CNG,Manual,34816,First,17.5,1240,2,315646.44
Kia,2018,Petrol,Manual,82796,First,19.1,1419,8,204228.92
Skoda,2021,Petrol,Manual,72335,Second,18.1,1439,5,282010.14
Honda,2018,Diesel,Automatic,103118,First,12.6,954,8,188931.91
BMW,2026,Petrol,Automatic,7733,First,16.5,1769,0,3885101.44
Maruti,2025,Diesel,Manual,6315,First,20.4,1561,1,469153.6
Maruti,2013,CNG,Automatic,145438,First,14.9,1161,13,42552.88
Hyundai,2016,Petrol,Manual,126168,Second,15.4,1575,10,76147.0
Hyundai,2013,Petrol,Manual,146138,Second,18.9,1553,13,46613.94
Hyundai,2023,Diesel,Manual,37835,Third,17.0,1290,3,235734.67
Tata,2022,Petrol,Manual,47745,Fourth,13.1,982,4,158524.95
Maruti,2017,Petrol,Manual,108709,Second,21.5,758,9,79017.99
Kia,2010,Diesel,Manual,201024,Second,15.3,1066,16,35170.93
Tata,2021,Diesel,Manual,67428,First,23.6,1450,5,268650.37
BMW,2021,CNG,Manual,67278,Third,15.8,1481,5,1039239.89
Maruti,2023,Petrol,Automatic,41753,First,15.5,912,3,276022.03
MG,2020,Petrol,Manual,65929,First,9.8,808,6,280067.84
Kia,2007,Petrol,Manual,221730,First,17.5,1089,19,35000.0
Hyundai,2020,Petrol,Manual,80054,First,21.7,1314,6,190550.42
Toyota,2025,Petrol,Manual,500,First,22.9,1332,1,810639.59
Kia,2008,Diesel,Automatic,226508,First,21.8,1497,18,40194.51
Kia,2023,Petrol,Automatic,37173,Second,16.0,1287,3,416011.02
Skoda,2006,CNG,Manual,239274,Second,26.4,1034,20,35000.0
Honda,2007,Diesel,Manual,228442,First,23.2,1183,19,35000.0
Kia,2023,LPG,Automatic,40586,First,13.4,1937,3,425654.39
Mercedes,2015,CNG,Manual,132677,First,20.1,1012,11,478901.1
Toyota,2011,Diesel,Manual,178716,First,15.9,776,15,50999.88
Hyundai,2013,Petrol,Manual,149902,First,24.1,1053,13,52124.97
Honda,2008,Petrol,Automatic,235439,Fourth,11.2,1380,18,35000.0
Hyundai,2024,Diesel,Automatic,26134,First,21.0,1046,2,509394.95
Tata,2023,Petrol,Manual,36215,First,20.4,877,3,334867.0
Toyota,2019,Diesel,Manual,90082,First,9.4,1099,7,233990.7
Toyota,2024,Petrol,Manual,32875,Third,18.2,853,2,402826.98
Ford,2007,Petrol,Manual,225614,Second,15.9,1191,19,35000.0
MG,2008,Diesel,Automatic,208728,Third,11.5,991,18,35000.0
Maruti,2007,Petrol,Manual,227670,Third,22.5,1597,19,35000.0
Kia,2020,Petrol,Automatic,90131,Second,19.1,1701,6,250291.36
Nissan,2005,Petrol,Manual,259055,Second,21.3,1766,21,35000.0
BMW,2011,Petrol,Manual,178779,First,17.6,1697,15,268860.73
Hyundai,2020,CNG,Manual,71199,Second,13.4,1151,6,154261.62
Kia,2026,Diesel,Manual,27083,First,18.0,1489,0,780796.3
Maruti,2011,Petrol,Manual,183150,First,10.8,1147,15,35000.0
Skoda,2020,Diesel,Manual,79750,First,20.0,1687,6,367035.15
Honda,2006,Diesel,Manual,237442,First,20.9,1809,20,35000.0
Tata,2021,LPG,Manual,77431,First,21.8,600,5,155913.07
Mahindra,2021,Petrol,Manual,64367,Third,15.7,1255,5,217633.38
Honda,2024,Diesel,Manual,10180,First,18.9,1603,2,541062.02
Maruti,2020,CNG,Automatic,64890,Second,15.9,1032,6,146563.44
Hyundai,2019,Petrol,Manual,76459,Third,17.9,1062,7,101410.8
Tata,2023,Petrol,Manual,36375,Second,23.6,1451,3,290019.17
BMW,2025,Petrol,Automatic,5093,Second,16.3,1204,1,3136673.92
Hyundai,2005,Petrol,Manual,259070,Second,19.0,1639,21,35000.0
Volvo,2013,LPG,Automatic,165721,Second,22.0,1337,13,206204.8
Hyundai,2022,Petrol,Manual,51748,Fourth,18.7,1071,4,165701.43
Renault,2020,Petrol,Automatic,73607,First,19.5,1538,6,203957.54
Mahindra,2017,Petrol,Automatic,106984,First,16.5,2144,9,171302.43
Honda,2015,Electric,Manual,137669,Second,15.8,1793,11,85033.66
MG,2009,Diesel,Manual,202391,Second,19.9,1809,17,50835.33
Honda,2010,Diesel,Automatic,188079,First,19.0,1503,16,48685.49
Chevrolet,2010,Diesel,Manual,178068,Second,16.4,1308,16,35000.0
Hyundai,2016,Petrol,Manual,130002,First,16.3,1333,10,89230.73
Honda,2025,CNG,Manual,11308,Second,19.7,1226,1,437212.27
Maruti,2018,Diesel,Automatic,94034,Second,25.3,1647,8,137373.12
Maruti,2009,Diesel,Manual,190239,Second,21.5,1664,17,35000.0
Maruti,2009,Petrol,Manual,207194,Second,11.8,839,17,35000.0
Maruti,2011,Diesel,Manual,190312,First,16.3,1183,15,35000.0
Maruti,2019,Petrol,Manual,84918,Second,16.2,1476,7,101319.31
Nissan,2016,Diesel,Manual,118023,Second,17.1,940,10,88943.69
Honda,2017,Diesel,Manual,116422,Second,15.9,1436,9,122482.77
Chevrolet,2019,Diesel,Manual,81358,Second,26.6,1423,7,133097.64
Tata,2019,Petrol,Manual,80880,First,20.7,906,7,176625.54
Mahindra,2022,Diesel,Manual,58816,Second,18.3,1141,4,328096.67
Hyundai,2020,Petrol,Manual,67825,First,21.1,1118,6,186484.8
Hyundai,2022,Petrol,Manual,56749,Second,15.5,600,4,183718.33
Honda,2018,Petrol,Automatic,86457,First,19.0,1268,8,204114.66
Maruti,2022,Petrol,Manual,45631,First,14.1,1687,4,258988.24
Toyota,2023,Diesel,Manual,50746,First,14.1,1313,3,507459.37
Honda,2026,Petrol,Manual,25627,Fourth,14.1,1186,0,357632.11
Nissan,2022,CNG,Automatic,49308,First,14.5,1379,4,264672.86
Hyundai,2022,Petrol,Automatic,43069,First,18.7,1240,4,325633.7
Mahindra,2026,Electric,Manual,13530,Fourth,22.5,1521,0,586163.28
Tata,2019,Petrol,Manual,78877,First,19.6,1194,7,173888.84
Toyota,2026,Electric,Manual,10099,First,21.0,843,0,911054.51
Tata,2023,Petrol,Automatic,43213,Second,24.4,1453,3,346947.26
Hyundai,2016,Petrol,Manual,110242,First,19.0,1189,10,94035.79
Hyundai,2025,Petrol,Automatic,4079,Second,22.8,912,1,515033.19
Tata,2022,Petrol,Manual,46634,Second,17.2,1314,4,194052.25
Ford,2018,Diesel,Manual,88919,First,13.7,903,8,160655.26
Maruti,2007,CNG,Manual,232149,First,13.7,1510,19,35000.0
MG,2025,Diesel,Automatic,30646,First,14.8,1256,1,897229.61
Toyota,2018,Petrol,Manual,95061,First,15.8,1097,8,205421.07
Honda,2023,Diesel,Manual,35939,First,17.3,1306,3,470085.8
Ford,2025,Petrol,Manual,15334,Third,13.1,1531,1,286717.19
Tata,2016,Petrol,Automatic,107240,Test Drive,11.9,1566,10,106499.71
Chevrolet,2007,Petrol,Manual,244131,Third,18.6,1284,19,35000.0
Audi,2015,Diesel,Manual,119652,First,8.2,1026,11,554314.28
Maruti,2026,Petrol,Manual,13156,First,16.9,1155,0,439027.77
Kia,2015,Petrol,Manual,113342,Second,15.3,1810,11,105314.4
Maruti,2023,Petrol,Automatic,36315,First,24.8,1343,3,335265.57
Maruti,2005,Diesel,Automatic,231640,Second,19.4,1031,21,35000.0
Volkswagen,2005,Petrol,Manual,252891,Second,17.5,1265,21,35000.0
Renault,2022,Diesel,Manual,51166,Second,17.5,1734,4,254811.9
Honda,2006,Petrol,Automatic,224796,First,6.0,1544,20,35000.0
Hyundai,2020,Diesel,Manual,78373,First,15.1,1216,6,204486.41
Kia,2007,Petrol,Automatic,242552,Second,16.9,1366,19,35000.0
Mahindra,2005,Petrol,Automatic,244860,First,19.5,770,21,35000.0
Jeep,2024,Petrol,Automatic,14315,First,13.8,1667,2,1045411.8
Hyundai,2019,Petrol,Manual,85238,Second,19.8,1583,7,152948.06
Honda,2020,Petrol,Automatic,65301,Second,14.9,1549,6,240036.3
Mahindra,2013,Petrol,Manual,153950,Second,11.3,2017,13,54714.14
Mercedes,2026,Diesel,Manual,11211,First,18.0,1641,0,4938407.08
Toyota,2021,Petrol,Automatic,61772,Second,17.8,1212,5,330588.84
Mahindra,2005,Petrol,Automatic,244342,Fourth,17.2,1339,21,35000.0
Tata,2018,Electric,Manual,105822,First,19.5,996,8,163273.44
Tata,2023,Petrol,Automatic,32179,First,20.6,1282,3,408371.66
Maruti,2013,Diesel,Automatic,158244,First,16.1,1114,13,50171.22
Maruti,2018,LPG,Manual,106142,First,16.7,1017,8,76313.09
Nissan,2014,CNG,Manual,143950,Third,19.0,1648,12,46319.76
Maruti,2020,Diesel,Automatic,69070,First,18.5,1518,6,215463.3
Maruti,2009,CNG,Manual,200694,First,13.4,1461,17,35000.0
Maruti,2020,Petrol,Manual,71564,Second,15.6,1472,6,136634.64
Toyota,2020,Diesel,Automatic,57260,First,20.5,688,6,357614.82
Maruti,2011,Petrol,Automatic,179130,Second,28.5,1180,15,35000.0
Renault,2018,Petrol,Manual,85169,First,19.8,1765,8,127981.14
Honda,2011,Diesel,Automatic,187952,First,9.1,1042,15,48904.35
Maruti,2018,Petrol,Automatic,89767,Second,27.3,859,8,105301.9
Ford,2016,Petrol,Manual,122475,First,10.7,1661,10,74565.71
Hyundai,2020,Petrol,Automatic,67659,First,11.4,1189,6,197285.39
Ford,2014,Petrol,Automatic,149735,First,17.9,1128,12,70169.65
Maruti,2014,Petrol,Manual,141622,Third,21.5,852,12,35686.49
Honda,2026,LPG,Automatic,13099,First,17.4,1720,0,579648.13
Renault,2016,Diesel,Manual,117912,First,12.8,1110,10,86690.89
Toyota,2007,Petrol,Manual,237884,First,13.1,1409,19,35000.0
Maruti,2013,Petrol,Manual,162677,Third,25.2,914,13,35000.0
Mahindra,2020,LPG,Manual,78840,First,20.5,1082,6,198383.67
Kia,2012,Petrol,Automatic,165686,Second,26.0,1233,14,57241.97
MG,2008,Diesel,Manual,216386,Second,15.6,914,18,35000.0
Hyundai,2023,Petrol,Manual,34897,First,16.7,935,3,314939.38
Mahindra,2006,Petrol,Manual,251460,Second,17.8,1025,20,35000.0
Renault,2016,Electric,Automatic,119857,Test Drive,14.4,1052,10,115896.39
Ford,2006,Petrol,Manual,244359,First,16.2,857,20,35000.0
Mahindra,2007,Petrol,Automatic,218627,First,6.2,1342,19,35000.0
Volkswagen,2007,LPG,Manual,233578,Second,14.4,2020,19,35000.0
Maruti,2008,Diesel,Automatic,213409,First,19.1,1745,18,35000.0
Renault,2011,CNG,Manual,182982,Second,10.8,907,15,35000.0
Tata,2007,Diesel,Manual,235177,First,7.9,1094,19,35000.0
Maruti,2016,Petrol,Manual,123773,Second,18.4,1162,10,62328.83
Tata,2016,CNG,Manual,125454,Fourth,19.2,1130,10,40177.5
Maruti,2024,Petrol,Automatic,12930,Third,16.3,1338,2,253554.63
Ford,2025,Diesel,Manual,9719,Third,15.5,1488,1,367078.01
Skoda,2019,Diesel,Manual,70850,Third,17.8,1270,7,184636.24
Hyundai,2007,Petrol,Automatic,224031,Second,21.3,1330,19,35000.0
Renault,2026,Diesel,Manual,500,First,19.2,863,0,526931.63
Mahindra,2024,Diesel,Manual,9869,Second,21.0,1419,2,521536.57
Maruti,2008,CNG,Manual,229758,Third,11.9,1475,18,35000.0
Honda,2020,Petrol,Automatic,61845,First,22.1,944,6,288643.66
Skoda,2006,Petrol,Manual,237475,First,20.4,1304,20,35000.0
Hyundai,2014,Petrol,Automatic,130451,First,13.1,1212,12,72285.62
Tata,2011,CNG,Manual,189640,First,9.4,1754,15,35000.0
Maruti,2024,Petrol,Automatic,30774,First,18.6,628,2,346939.16
Chevrolet,2013,Diesel,Manual,158282,First,15.3,1489,13,39083.26
Hyundai,2020,Petrol,Automatic,78992,Fourth,15.1,1671,6,136188.1
Tata,2007,CNG,Manual,216654,First,18.0,1489,19,35000.0
Renault,2025,Diesel,Manual,7150,First,25.5,988,1,540511.65
Mahindra,2013,Petrol,Manual,154913,Third,19.1,1426,13,53504.8
Toyota,2017,Petrol,Manual,104907,Fourth,16.8,1530,9,114906.09
Honda,2014,Petrol,Manual,139974,Second,21.8,1709,12,66734.11
Maruti,2020,Petrol,Automatic,63674,Second,22.2,1527,6,207794.43
Mahindra,2015,Petrol,Manual,127510,First,19.0,1645,11,103781.76
Tata,2020,Diesel,Manual,71606,Fourth,20.8,919,6,109166.77
Tata,2017,Diesel,Manual,104306,Second,20.3,1481,9,94830.24
Hyundai,2013,Petrol,Manual,155617,First,21.5,643,13,50735.92
Honda,2026,Diesel,Manual,2887,First,19.4,1850,0,711877.24
Hyundai,2016,Diesel,Manual,120598,First,18.4,1364,10,95476.57
Hyundai,2020,CNG,Manual,77043,Second,17.3,1656,6,145293.71
Tata,2005,Diesel,Automatic,250756,First,13.9,1170,21,35000.0
Hyundai,2015,CNG,Automatic,147428,Second,20.1,1330,11,61807.42
Maruti,2020,Petrol,Automatic,71489,First,16.2,1508,6,196201.24
Maruti,2014,CNG,Manual,144782,First,14.5,1547,12,42871.74
Honda,2024,Diesel,Manual,24076,Second,17.8,1519,2,378450.42
Hyundai,2015,Diesel,Manual,128900,First,16.0,1458,11,84278.73
Tata,2007,Petrol,Automatic,233433,Second,17.2,1128,19,35000.0
Kia,2007,Diesel,Automatic,222578,First,23.0,1348,19,35000.0
Hyundai,2022,Petrol,Manual,44837,First,18.7,1312,4,274757.71
Maruti,2011,CNG,Automatic,187505,Second,16.0,1496,15,35000.0
Toyota,2015,Electric,Automatic,125127,Second,12.5,796,11,141049.92
Mahindra,2019,Petrol,Manual,81812,First,19.8,1026,7,182880.37
Maruti,2021,Petrol,Manual,61088,First,16.7,760,5,175077.36
Maruti,2005,Electric,Automatic,246781,First,23.6,1045,21,35000.0
Skoda,2024,Petrol,Automatic,17075,Second,11.1,1685,2,503383.6
Honda,2020,Diesel,Automatic,65905,First,21.2,1480,6,366431.76
Tata,2018,LPG,Manual,96082,Third,17.6,1489,8,77121.2
Mahindra,2022,Diesel,Manual,50163,First,21.8,917,4,385242.36
Lexus,2008,Petrol,Manual,209951,Third,17.5,1516,18,142013.57
Volkswagen,2022,Petrol,Manual,54687,First,17.3,1609,4,380467.09
Ford,2012,Petrol,Automatic,162337,First,12.3,1580,14,49547.75
Hyundai,2023,Petrol,Automatic,34041,First,21.6,1249,3,411267.49
Hyundai,2014,Electric,Manual,155138,First,12.5,1728,12,74157.08
